#ifndef USER_MUSIC_H
#define USER_MUSIC_H
/* Generated by tools/gen/gen_user_bin.py from user/music.bin. Do not edit. */
static const unsigned char user_music[] = {
    0x55, 0x89, 0xe5, 0x53, 0x57, 0x56, 0x83, 0xec, 0x64, 0xb8, 0x80, 0x01,
    0x00, 0x00, 0xbb, 0x10, 0x2f, 0x59, 0xc0, 0x31, 0xc9, 0x31, 0xd2, 0xcd,
    0x80, 0x85, 0xc0, 0x0f, 0x85, 0xe2, 0x0b, 0x00, 0x00, 0x83, 0x3d, 0x1c,
    0x2f, 0x59, 0xc0, 0x00, 0x0f, 0x84, 0xd5, 0x0b, 0x00, 0x00, 0xb8, 0x0d,
    0x00, 0x00, 0x00, 0x31, 0xdb, 0x31, 0xc9, 0x31, 0xd2, 0xcd, 0x80, 0x31,
    0x05, 0x20, 0x2f, 0x59, 0xc0, 0xc7, 0x05, 0x44, 0x2f, 0x59, 0xc0, 0x00,
    0x00, 0x00, 0x00, 0xb9, 0x7a, 0xd1, 0x58, 0xc0, 0x31, 0xd2, 0xe8, 0x59,
    0x17, 0x00, 0x00, 0x31, 0xd2, 0x42, 0xb9, 0x91, 0xd3, 0x58, 0xc0, 0xe8,
    0x4c, 0x17, 0x00, 0x00, 0xa1, 0x44, 0x2f, 0x59, 0xc0, 0x83, 0xf8, 0x02,
    0x0f, 0x8c, 0x83, 0x00, 0x00, 0x00, 0x8d, 0x55, 0x9c, 0x31, 0xdb, 0x43,
    0xb9, 0x48, 0x2f, 0x59, 0xc0, 0x89, 0x4d, 0xf0, 0x8d, 0x04, 0x9b, 0x8d,
    0x34, 0xc5, 0x48, 0x2f, 0x59, 0xc0, 0xb9, 0x0a, 0x00, 0x00, 0x00, 0x89,
    0xd7, 0xf3, 0xa5, 0x89, 0xd8, 0x8b, 0x5d, 0xf0, 0x89, 0x45, 0xec, 0x89,
    0xc6, 0x52, 0x53, 0xe8, 0x9d, 0x25, 0x00, 0x00, 0x83, 0xc4, 0x08, 0x85,
    0xc0, 0x7e, 0x21, 0x4e, 0x8d, 0x7b, 0x28, 0xb9, 0x0a, 0x00, 0x00, 0x00,
    0x89, 0xf0, 0x89, 0xde, 0xf3, 0xa5, 0x89, 0xc6, 0x40, 0x83, 0xc3, 0xd8,
    0x83, 0xf8, 0x01, 0x8d, 0x55, 0x9c, 0x7f, 0xd5, 0x31, 0xf6, 0xeb, 0x03,
    0x8d, 0x55, 0x9c, 0x8d, 0x04, 0xb6, 0x8d, 0x3c, 0xc5, 0x48, 0x2f, 0x59,
    0xc0, 0xb9, 0x0a, 0x00, 0x00, 0x00, 0x89, 0xd6, 0xf3, 0xa5, 0x8b, 0x5d,
    0xec, 0x43, 0xa1, 0x44, 0x2f, 0x59, 0xc0, 0x8b, 0x4d, 0xf0, 0x83, 0xc1,
    0x28, 0x39, 0xc3, 0x7c, 0x88, 0xb9, 0x16, 0xd1, 0x58, 0xc0, 0x31, 0xd2,
    0x6a, 0x01, 0x50, 0xe8, 0xf0, 0x15, 0x00, 0x00, 0x83, 0xc4, 0x08, 0xe8,
    0x4c, 0x0b, 0x00, 0x00, 0xb1, 0x6d, 0xb8, 0xf2, 0xff, 0xff, 0xff, 0x88,
    0x4c, 0x05, 0xaa, 0x8a, 0x88, 0x5c, 0xd2, 0x58, 0xc0, 0x40, 0x75, 0xf3,
    0x8b, 0x0d, 0x24, 0x2f, 0x59, 0xc0, 0x31, 0xff, 0xbe, 0xcd, 0xcc, 0xcc,
    0xcc, 0x89, 0xc8, 0xf7, 0xe6, 0xc1, 0xea, 0x03, 0x8d, 0x04, 0x12, 0x8d,
    0x04, 0x80, 0x89, 0xcb, 0x29, 0xc3, 0x80, 0xcb, 0x30, 0x88, 0x5c, 0x3d,
    0xd4, 0x47, 0x83, 0xf9, 0x09, 0x89, 0xd1, 0x77, 0xe0, 0xbe, 0x11, 0x00,
    0x00, 0x00, 0x8a, 0x44, 0x3d, 0xd3, 0x88, 0x44, 0x35, 0x99, 0x46, 0x4f,
    0x75, 0xf4, 0xc6, 0x44, 0x35, 0x99, 0x2c, 0x8b, 0x1d, 0x28, 0x2f, 0x59,
    0xc0, 0x31, 0xff, 0x89, 0xd8, 0xb9, 0xcd, 0xcc, 0xcc, 0xcc, 0xf7, 0xe1,
    0xc1, 0xea, 0x03, 0x8d, 0x04, 0x12, 0x8d, 0x04, 0x80, 0x89, 0xd9, 0x29,
    0xc1, 0x80, 0xc9, 0x30, 0x88, 0x4c, 0x3d, 0xd4, 0x47, 0x83, 0xfb, 0x09,
    0x89, 0xd3, 0x77, 0xdb, 0x8a, 0x44, 0x3d, 0xd3, 0x88, 0x44, 0x35, 0x9a,
    0x46, 0x4f, 0x75, 0xf4, 0xc6, 0x44, 0x35, 0x9a, 0x00, 0xc6, 0x44, 0x35,
    0x9a, 0x2c, 0x8b, 0x1d, 0x2c, 0x2f, 0x59, 0xc0, 0x83, 0xc3, 0x03, 0x31,
    0xff, 0x89, 0xd8, 0xb9, 0xcd, 0xcc, 0xcc, 0xcc, 0xf7, 0xe1, 0xc1, 0xea,
    0x03, 0x8d, 0x04, 0x12, 0x8d, 0x04, 0x80, 0x89, 0xd9, 0x29, 0xc1, 0x80,
    0xc9, 0x30, 0x88, 0x4c, 0x3d, 0xd4, 0x47, 0x83, 0xfb, 0x09, 0x89, 0xd3,
    0x77, 0xdb, 0x8a, 0x44, 0x3d, 0xd3, 0x88, 0x44, 0x35, 0x9b, 0x46, 0x4f,
    0x75, 0xf4, 0xc6, 0x44, 0x35, 0x9b, 0x00, 0xc6, 0x44, 0x35, 0x9b, 0x0a,
    0x8d, 0x4d, 0x9c, 0xb8, 0x04, 0x00, 0x00, 0x00, 0x31, 0xdb, 0x43, 0x89,
    0xf2, 0xcd, 0x80, 0xe8, 0x1c, 0x0b, 0x00, 0x00, 0x31, 0xc0, 0x48, 0x89,
    0x45, 0xd0, 0x89, 0xde, 0xb8, 0x81, 0x01, 0x00, 0x00, 0x8d, 0x5d, 0x90,
    0x89, 0xf1, 0x31, 0xd2, 0xcd, 0x80, 0x89, 0x45, 0xf0, 0x83, 0xf8, 0x01,
    0x75, 0x22, 0x83, 0x7d, 0x90, 0x04, 0x75, 0x1c, 0xb8, 0x80, 0x01, 0x00,
    0x00, 0x8d, 0x5d, 0xd4, 0x31, 0xc9, 0x31, 0xd2, 0xcd, 0x80, 0x85, 0xc0,
    0x75, 0x0a, 0x83, 0x7d, 0xe0, 0x00, 0x0f, 0x85, 0xe5, 0x08, 0x00, 0x00,
    0xa1, 0x30, 0x2f, 0x59, 0xc0, 0x89, 0x45, 0xec, 0xa1, 0x34, 0x2f, 0x59,
    0xc0, 0x89, 0x45, 0xe4, 0xb8, 0x89, 0x01, 0x00, 0x00, 0xbb, 0x02, 0x00,
    0x00, 0x00, 0x8d, 0x4d, 0x9c, 0xba, 0x1c, 0x00, 0x00, 0x00, 0xcd, 0x80,
    0x85, 0xc0, 0x7e, 0x07, 0x8b, 0x45, 0xb4, 0x31, 0xdb, 0xeb, 0x13, 0x31,
    0xdb, 0x89, 0x5d, 0xa4, 0x89, 0x5d, 0xa8, 0x89, 0x5d, 0xac, 0xa1, 0xd0,
    0x43, 0x59, 0xc0, 0x89, 0x45, 0xb4, 0xa3, 0xd0, 0x43, 0x59, 0xc0, 0x80,
    0x3d, 0xd4, 0x43, 0x59, 0xc0, 0x01, 0x0f, 0x85, 0xb8, 0x00, 0x00, 0x00,
    0x83, 0x7d, 0xa4, 0x00, 0x0f, 0x85, 0x3b, 0x03, 0x00, 0x00, 0x80, 0x3d,
    0xe8, 0x53, 0x59, 0xc0, 0x01, 0x75, 0x12, 0x80, 0x3d, 0xd8, 0x43, 0x59,
    0xc0, 0x00, 0x0f, 0x44, 0xc3, 0x03, 0x05, 0xe4, 0x43, 0x59, 0xc0, 0xeb,
    0x05, 0xa1, 0xec, 0x53, 0x59, 0xc0, 0x8b, 0x0d, 0xc4, 0x43, 0x59, 0xc0,
    0x39, 0xc8, 0x0f, 0x42, 0xc8, 0x89, 0x0d, 0xe4, 0x43, 0x59, 0xc0, 0xc7,
    0x05, 0xe0, 0x43, 0x59, 0xc0, 0x00, 0x00, 0x00, 0x00, 0x88, 0x1d, 0xd8,
    0x43, 0x59, 0xc0, 0x88, 0x1d, 0xdc, 0x43, 0x59, 0xc0, 0x88, 0x1d, 0xd4,
    0x43, 0x59, 0xc0, 0xa1, 0xf0, 0x53, 0x59, 0xc0, 0xa3, 0x30, 0x2f, 0x59,
    0xc0, 0xa1, 0xf4, 0x53, 0x59, 0xc0, 0x83, 0xf8, 0x01, 0x74, 0x1a, 0x85,
    0xc0, 0x75, 0x49, 0x8b, 0x35, 0xc8, 0x43, 0x59, 0xc0, 0x85, 0xf6, 0x74,
    0x22, 0x69, 0xc1, 0xe8, 0x03, 0x00, 0x00, 0x31, 0xd2, 0xf7, 0xf6, 0xeb,
    0x18, 0x8b, 0x35, 0xc8, 0x43, 0x59, 0xc0, 0x85, 0xf6, 0x74, 0x15, 0x69,
    0xc1, 0xe8, 0x03, 0x00, 0x00, 0x31, 0xd2, 0xf7, 0xf6, 0xeb, 0x0b, 0x31,
    0xc0, 0xb9, 0x27, 0xd2, 0x58, 0xc0, 0xeb, 0x07, 0x31, 0xc0, 0xb9, 0xab,
    0xd3, 0x58, 0xc0, 0x31, 0xd2, 0x6a, 0x01, 0x50, 0xe8, 0xab, 0x13, 0x00,
    0x00, 0x83, 0xc4, 0x08, 0x83, 0x3d, 0x30, 0x2f, 0x59, 0xc0, 0x01, 0x0f,
    0x85, 0x80, 0x02, 0x00, 0x00, 0x83, 0x3d, 0x3c, 0x2f, 0x59, 0xc0, 0x00,
    0x0f, 0x84, 0x73, 0x02, 0x00, 0x00, 0x8a, 0x0d, 0xd8, 0x43, 0x59, 0xc0,
    0xf6, 0xd1, 0x83, 0x7d, 0xa4, 0x00, 0x0f, 0x95, 0xc2, 0xa0, 0xdc, 0x43,
    0x59, 0xc0, 0x08, 0xc1, 0x08, 0xd1, 0xf6, 0xc1, 0x01, 0x75, 0x1d, 0x8b,
    0x0d, 0xe0, 0x43, 0x59, 0xc0, 0x01, 0x0d, 0xe4, 0x43, 0x59, 0xc0, 0xc7,
    0x05, 0xe0, 0x43, 0x59, 0xc0, 0x00, 0x00, 0x00, 0x00, 0xc6, 0x05, 0xd8,
    0x43, 0x59, 0xc0, 0x00, 0xb1, 0x01, 0xa8, 0x01, 0x0f, 0x85, 0xdd, 0x01,
    0x00, 0x00, 0x8b, 0x4d, 0xa8, 0x31, 0xd2, 0x81, 0xf9, 0xff, 0x1f, 0x00,
    0x00, 0x0f, 0x87, 0x1e, 0x02, 0x00, 0x00, 0x8b, 0x35, 0xe0, 0x43, 0x59,
    0xc0, 0x03, 0x35, 0xe4, 0x43, 0x59, 0xc0, 0xa1, 0xc4, 0x43, 0x59, 0xc0,
    0x29, 0xf0, 0x0f, 0x86, 0x4d, 0x01, 0x00, 0x00, 0x8b, 0x4d, 0xac, 0x39,
    0xc8, 0x0f, 0x42, 0xc8, 0xb8, 0x00, 0x10, 0x00, 0x00, 0x39, 0xc1, 0xbf,
    0x00, 0x10, 0x00, 0x00, 0x0f, 0x42, 0xf9, 0x85, 0xc9, 0x0f, 0x84, 0xe6,
    0x01, 0x00, 0x00, 0x89, 0x55, 0xcc, 0x80, 0x3d, 0xf8, 0x53, 0x59, 0xc0,
    0x00, 0x74, 0x33, 0x3b, 0x35, 0x14, 0x54, 0x59, 0xc0, 0x74, 0x16, 0x56,
    0x68, 0xfc, 0x53, 0x59, 0xc0, 0xe8, 0x87, 0x54, 0x00, 0x00, 0x83, 0xc4,
    0x08, 0x85, 0xc0, 0x0f, 0x85, 0x04, 0x01, 0x00, 0x00, 0x57, 0x68, 0xe8,
    0x43, 0x59, 0xc0, 0x68, 0xfc, 0x53, 0x59, 0xc0, 0xe8, 0x31, 0x53, 0x00,
    0x00, 0x83, 0xc4, 0x0c, 0xeb, 0x14, 0x57, 0x68, 0xe8, 0x43, 0x59, 0xc0,
    0x56, 0x68, 0xc0, 0x43, 0x59, 0xc0, 0xe8, 0x55, 0x21, 0x00, 0x00, 0x83,
    0xc4, 0x10, 0x89, 0xc1, 0x85, 0xc0, 0x0f, 0x84, 0xd1, 0x00, 0x00, 0x00,
    0x89, 0x75, 0xe8, 0x8b, 0x3d, 0xbc, 0x43, 0x59, 0xc0, 0x83, 0xff, 0x63,
    0xbe, 0x1f, 0x85, 0xeb, 0x51, 0x7f, 0x29, 0x31, 0xdb, 0x0f, 0xb6, 0x83,
    0xe8, 0x43, 0x59, 0xc0, 0x83, 0xc0, 0x80, 0x0f, 0xaf, 0xc7, 0xf7, 0xee,
    0x89, 0xd0, 0xc1, 0xe8, 0x1f, 0xc1, 0xea, 0x05, 0x01, 0xc2, 0x80, 0xc2,
    0x80, 0x88, 0x93, 0xe8, 0x43, 0x59, 0xc0, 0x43, 0x39, 0xd9, 0x75, 0xd9,
    0xa1, 0xc8, 0x43, 0x59, 0xc0, 0x8b, 0x75, 0xe8, 0x8d, 0x14, 0x31, 0x31,
    0xdb, 0x3b, 0x15, 0xc4, 0x43, 0x59, 0xc0, 0x0f, 0x93, 0xc3, 0xc7, 0x45,
    0xd4, 0xe8, 0x43, 0x59, 0xc0, 0x89, 0x4d, 0xd8, 0x89, 0x45, 0xdc, 0x89,
    0x5d, 0xe0, 0xb8, 0x89, 0x01, 0x00, 0x00, 0x31, 0xdb, 0x43, 0x8d, 0x4d,
    0xd4, 0xba, 0x10, 0x00, 0x00, 0x00, 0xcd, 0x80, 0x85, 0xc0, 0x78, 0x64,
    0xbb, 0x00, 0x00, 0x00, 0x00, 0x0f, 0x84, 0xae, 0x00, 0x00, 0x00, 0x80,
    0x3d, 0xd8, 0x43, 0x59, 0xc0, 0x00, 0x75, 0x0a, 0xc7, 0x05, 0xd0, 0x43,
    0x59, 0xc0, 0x00, 0x00, 0x00, 0x00, 0x01, 0x05, 0xe0, 0x43, 0x59, 0xc0,
    0x8b, 0x4d, 0xa8, 0x01, 0xc1, 0x89, 0x4d, 0xa8, 0x29, 0x45, 0xac, 0xc6,
    0x05, 0xd8, 0x43, 0x59, 0xc0, 0x01, 0x01, 0xf0, 0x3b, 0x05, 0xc4, 0x43,
    0x59, 0xc0, 0x8b, 0x55, 0xcc, 0x73, 0x16, 0xa0, 0xdc, 0x43, 0x59, 0xc0,
    0x08, 0xc2, 0xf6, 0xc2, 0x01, 0xb2, 0x01, 0x0f, 0x84, 0x92, 0xfe, 0xff,
    0xff, 0x89, 0xc1, 0xeb, 0x66, 0xc6, 0x05, 0xdc, 0x43, 0x59, 0xc0, 0x01,
    0xb1, 0x01, 0xeb, 0x5b, 0xb1, 0x4e, 0xb8, 0xed, 0xff, 0xff, 0xff, 0x31,
    0xd2, 0x88, 0x88, 0x87, 0x43, 0x59, 0xc0, 0x8a, 0x88, 0x8b, 0xd2, 0x58,
    0xc0, 0x40, 0x75, 0xf1, 0x88, 0x15, 0x87, 0x43, 0x59, 0xc0, 0xb8, 0x89,
    0x01, 0x00, 0x00, 0xbb, 0x03, 0x00, 0x00, 0x00, 0x31, 0xc9, 0x31, 0xd2,
    0xcd, 0x80, 0x31, 0xc0, 0xa3, 0x30, 0x2f, 0x59, 0xc0, 0xa2, 0xd4, 0x43,
    0x59, 0xc0, 0xa2, 0xd8, 0x43, 0x59, 0xc0, 0xa2, 0xdc, 0x43, 0x59, 0xc0,
    0xa3, 0xe0, 0x43, 0x59, 0xc0, 0xa3, 0xe4, 0x43, 0x59, 0xc0, 0xa3, 0xd0,
    0x43, 0x59, 0xc0, 0xeb, 0x58, 0x8a, 0x0d, 0xdc, 0x43, 0x59, 0xc0, 0xf6,
    0xc1, 0x01, 0x74, 0x4d, 0xf6, 0x05, 0xd8, 0x43, 0x59, 0xc0, 0x01, 0x74,
    0x44, 0x83, 0x7d, 0xa4, 0x00, 0x75, 0x3e, 0xa1, 0x34, 0x2f, 0x59, 0xc0,
    0x8d, 0x04, 0x80, 0x8d, 0x14, 0xc5, 0x48, 0x2f, 0x59, 0xc0, 0xb9, 0xc9,
    0xd1, 0x58, 0xc0, 0x53, 0x53, 0xe8, 0x3e, 0x11, 0x00, 0x00, 0x83, 0xc4,
    0x08, 0x83, 0x3d, 0xb8, 0x43, 0x59, 0xc0, 0x02, 0x75, 0x0d, 0x8b, 0x0d,
    0x34, 0x2f, 0x59, 0xc0, 0xe8, 0x2e, 0x17, 0x00, 0x00, 0xeb, 0x0a, 0x31,
    0xc9, 0x41, 0x89, 0xca, 0xe8, 0xa3, 0x1a, 0x00, 0x00, 0x8b, 0x3d, 0x30,
    0x2f, 0x59, 0xc0, 0x8b, 0x35, 0x34, 0x2f, 0x59, 0xc0, 0x8b, 0x1d, 0xc8,
    0x43, 0x59, 0xc0, 0x85, 0xdb, 0x74, 0x1b, 0xe8, 0xa3, 0x10, 0x00, 0x00,
    0x69, 0xc0, 0xe8, 0x03, 0x00, 0x00, 0x31, 0xd2, 0xf7, 0xf3, 0xb9, 0xd3,
    0x4d, 0x62, 0x10, 0xf7, 0xe1, 0xc1, 0xea, 0x04, 0xeb, 0x02, 0x31, 0xd2,
    0x33, 0x75, 0xe4, 0x33, 0x7d, 0xec, 0x89, 0x55, 0xe4, 0x89, 0xd0, 0x33,
    0x45, 0xd0, 0x09, 0xf8, 0x09, 0xf0, 0x0f, 0x94, 0x45, 0xec, 0xb8, 0x0d,
    0x00, 0x00, 0x00, 0x31, 0xdb, 0x31, 0xc9, 0x31, 0xd2, 0xcd, 0x80, 0x3b,
    0x05, 0x38, 0x2f, 0x59, 0xc0, 0x74, 0x5a, 0x83, 0x3d, 0x3c, 0x2f, 0x59,
    0xc0, 0x00, 0x74, 0x51, 0xa3, 0x38, 0x2f, 0x59, 0xc0, 0xa1, 0x30, 0x2f,
    0x59, 0xc0, 0x83, 0xf8, 0x02, 0xbb, 0x3e, 0xd1, 0x58, 0xc0, 0xb9, 0x28,
    0xd1, 0x58, 0xc0, 0x0f, 0x44, 0xd9, 0x83, 0xf8, 0x01, 0xb8, 0xf1, 0xd2,
    0x58, 0xc0, 0x0f, 0x44, 0xd8, 0x8b, 0x35, 0xc8, 0x43, 0x59, 0xc0, 0x85,
    0xf6, 0x74, 0x11, 0xe8, 0x23, 0x10, 0x00, 0x00, 0x69, 0xc0, 0xe8, 0x03,
    0x00, 0x00, 0x31, 0xd2, 0xf7, 0xf6, 0xeb, 0x02, 0x31, 0xc0, 0x89, 0xd9,
    0x31, 0xd2, 0x6a, 0x01, 0x50, 0xe8, 0x66, 0x10, 0x00, 0x00, 0x83, 0xc4,
    0x08, 0x8b, 0x45, 0xf0, 0x83, 0xf8, 0xf5, 0x74, 0x0d, 0x83, 0xf8, 0x01,
    0x74, 0x26, 0x85, 0xc0, 0x0f, 0x85, 0x80, 0x05, 0x00, 0x00, 0x80, 0x7d,
    0xec, 0x00, 0x0f, 0x84, 0xc5, 0x03, 0x00, 0x00, 0x31, 0xf6, 0xb8, 0x9e,
    0x00, 0x00, 0x00, 0x31, 0xdb, 0x31, 0xc9, 0x31, 0xd2, 0xcd, 0x80, 0xe9,
    0x44, 0xfb, 0xff, 0xff, 0x8b, 0x45, 0x90, 0x83, 0xf8, 0x03, 0x0f, 0x84,
    0xd5, 0x00, 0x00, 0x00, 0x83, 0xf8, 0x02, 0x74, 0x53, 0x83, 0xf8, 0x01,
    0x0f, 0x85, 0x97, 0x03, 0x00, 0x00, 0x8b, 0x45, 0x94, 0x3d, 0xff, 0x00,
    0x00, 0x00, 0x0f, 0x8f, 0x6d, 0x01, 0x00, 0x00, 0x8d, 0x48, 0x92, 0x83,
    0xf9, 0x05, 0x0f, 0x87, 0xef, 0x01, 0x00, 0x00, 0xff, 0x24, 0x8d, 0x40,
    0xd0, 0x58, 0xc0, 0x8b, 0x0d, 0xb8, 0x43, 0x59, 0xc0, 0x8d, 0x41, 0x01,
    0xba, 0xab, 0xaa, 0xaa, 0xaa, 0xf7, 0xe2, 0xd1, 0xea, 0x8d, 0x04, 0x52,
    0xf7, 0xd8, 0x01, 0xc8, 0x40, 0xa3, 0xb8, 0x43, 0x59, 0xc0, 0xb9, 0x8b,
    0xd2, 0x58, 0xc0, 0xe9, 0x26, 0x03, 0x00, 0x00, 0x8b, 0x75, 0x94, 0x8b,
    0x5d, 0x98, 0xe8, 0x25, 0x05, 0x00, 0x00, 0xa1, 0x48, 0x43, 0x59, 0xc0,
    0x83, 0xc0, 0x0c, 0x39, 0xc6, 0x0f, 0x8d, 0x93, 0x00, 0x00, 0x00, 0x8d,
    0x43, 0xd2, 0xb9, 0x4f, 0xec, 0xc4, 0x4e, 0xf7, 0xe9, 0x83, 0xfb, 0x2e,
    0x0f, 0x8c, 0x1f, 0x03, 0x00, 0x00, 0x89, 0xd1, 0x89, 0xd6, 0xc1, 0xee,
    0x1f, 0xa1, 0x14, 0x2f, 0x59, 0xc0, 0x83, 0xc0, 0xc6, 0xba, 0x4f, 0xec,
    0xc4, 0x4e, 0xf7, 0xea, 0xc1, 0xf9, 0x03, 0x01, 0xf1, 0x89, 0xd0, 0xc1,
    0xe8, 0x1f, 0xc1, 0xfa, 0x03, 0x01, 0xc2, 0x39, 0xd1, 0x0f, 0x8d, 0xf2,
    0x02, 0x00, 0x00, 0x03, 0x0d, 0x40, 0x2f, 0x59, 0xc0, 0x0f, 0x88, 0xe6,
    0x02, 0x00, 0x00, 0x3b, 0x0d, 0x44, 0x2f, 0x59, 0xc0, 0x0f, 0x8d, 0xda,
    0x02, 0x00, 0x00, 0xe8, 0x5b, 0x15, 0x00, 0x00, 0xe9, 0xd0, 0x02, 0x00,
    0x00, 0x8b, 0x0d, 0x40, 0x2f, 0x59, 0xc0, 0x2b, 0x4d, 0x94, 0x85, 0xc9,
    0xb8, 0x00, 0x00, 0x00, 0x00, 0x0f, 0x4e, 0xc8, 0x89, 0x0d, 0x40, 0x2f,
    0x59, 0xc0, 0xa1, 0x44, 0x2f, 0x59, 0xc0, 0x39, 0xc1, 0x0f, 0x8c, 0xaa,
    0x02, 0x00, 0x00, 0x48, 0xa3, 0x40, 0x2f, 0x59, 0xc0, 0xe9, 0x9f, 0x02,
    0x00, 0x00, 0xa1, 0x24, 0x2f, 0x59, 0xc0, 0x89, 0x45, 0xf0, 0x8d, 0x78,
    0xfa, 0xa1, 0x2c, 0x2f, 0x59, 0xc0, 0x8b, 0x15, 0x28, 0x2f, 0x59, 0xc0,
    0x39, 0xfe, 0x0f, 0x9c, 0xc1, 0x89, 0x55, 0xec, 0x8d, 0x7a, 0x06, 0x39,
    0xfe, 0x8d, 0x78, 0xf6, 0x0f, 0x9d, 0xc5, 0x39, 0xfb, 0x0f, 0x9c, 0xc2,
    0x08, 0xca, 0x83, 0xc0, 0x10, 0x39, 0xc3, 0x0f, 0x9d, 0xc0, 0x08, 0xe8,
    0x08, 0xd0, 0x74, 0x72, 0xa1, 0x4c, 0x43, 0x59, 0xc0, 0x8b, 0x15, 0x54,
    0x43, 0x59, 0xc0, 0x8d, 0x7a, 0xf2, 0x8d, 0x48, 0xfc, 0x39, 0xfe, 0x89,
    0xc7, 0x0f, 0x9d, 0xc0, 0x83, 0xc2, 0x10, 0x39, 0xd6, 0x0f, 0x9c, 0xc4,
    0x89, 0x4d, 0xf0, 0x39, 0xcb, 0x0f, 0x9d, 0xc1, 0x20, 0xc1, 0x8d, 0x57,
    0x20, 0x39, 0xd3, 0x0f, 0x9c, 0xc0, 0x20, 0xe0, 0x20, 0xc8, 0x3c, 0x01,
    0x0f, 0x85, 0xca, 0x00, 0x00, 0x00, 0x31, 0xc9, 0xe9, 0xf9, 0x00, 0x00,
    0x00, 0x05, 0x00, 0xff, 0xff, 0xff, 0x83, 0xf8, 0x06, 0x0f, 0x87, 0x0e,
    0x02, 0x00, 0x00, 0xff, 0x24, 0x85, 0x58, 0xd0, 0x58, 0xc0, 0xa1, 0xbc,
    0x43, 0x59, 0xc0, 0x83, 0xf8, 0xf7, 0xb9, 0xf6, 0xff, 0xff, 0xff, 0x0f,
    0x4c, 0xc1, 0x83, 0xc0, 0x0a, 0xe9, 0x15, 0x01, 0x00, 0x00, 0x83, 0x3d,
    0x3c, 0x2f, 0x59, 0xc0, 0x00, 0x0f, 0x84, 0xe2, 0x01, 0x00, 0x00, 0x8b,
    0x1d, 0xc8, 0x43, 0x59, 0xc0, 0x85, 0xdb, 0x0f, 0x84, 0xd4, 0x01, 0x00,
    0x00, 0x69, 0x05, 0xc4, 0x43, 0x59, 0xc0, 0xe8, 0x03, 0x00, 0x00, 0x39,
    0xc3, 0x0f, 0x87, 0xc2, 0x01, 0x00, 0x00, 0x8b, 0x55, 0xec, 0x89, 0xd7,
    0x8b, 0x4d, 0xf0, 0x29, 0xcf, 0x89, 0x7d, 0xe8, 0x89, 0xf7, 0x29, 0xcf,
    0x39, 0xd6, 0x0f, 0x4f, 0x7d, 0xe8, 0x39, 0xce, 0xb9, 0x00, 0x00, 0x00,
    0x00, 0x0f, 0x4c, 0xf9, 0x31, 0xd2, 0xf7, 0xf3, 0x0f, 0xaf, 0xc7, 0x31,
    0xd2, 0xf7, 0x75, 0xe8, 0x89, 0xc1, 0xe9, 0x89, 0x01, 0x00, 0x00, 0x83,
    0xf8, 0x20, 0x0f, 0x84, 0x6d, 0x01, 0x00, 0x00, 0x83, 0xf8, 0x60, 0x0f,
    0x85, 0x7c, 0x01, 0x00, 0x00, 0xb8, 0x04, 0x00, 0x00, 0x00, 0x31, 0xdb,
    0x43, 0xb9, 0x99, 0xd1, 0x58, 0xc0, 0xba, 0x1b, 0x00, 0x00, 0x00, 0xcd,
    0x80, 0xc7, 0x05, 0x00, 0x00, 0x00, 0x00, 0x01, 0x00, 0x00, 0x00, 0xe9,
    0x59, 0x01, 0x00, 0x00, 0x89, 0x7d, 0xec, 0x39, 0xd3, 0x0f, 0x9c, 0xc0,
    0x3b, 0x5d, 0xf0, 0x0f, 0x9d, 0xc1, 0x8b, 0x15, 0x5c, 0x43, 0x59, 0xc0,
    0x8d, 0x7a, 0xf2, 0x39, 0xfe, 0x0f, 0x9d, 0xc4, 0x83, 0xc2, 0x10, 0x39,
    0xd6, 0x0f, 0x9c, 0xc2, 0x20, 0xcc, 0x20, 0xc2, 0x20, 0xe2, 0x80, 0xfa,
    0x01, 0x0f, 0x85, 0x90, 0x00, 0x00, 0x00, 0x31, 0xc9, 0x41, 0x31, 0xd2,
    0xe8, 0x23, 0x17, 0x00, 0x00, 0xe9, 0x17, 0x01, 0x00, 0x00, 0x8b, 0x35,
    0xc8, 0x43, 0x59, 0xc0, 0x85, 0xf6, 0x0f, 0x84, 0xf8, 0x00, 0x00, 0x00,
    0xe8, 0x26, 0x0d, 0x00, 0x00, 0x69, 0xc0, 0xe8, 0x03, 0x00, 0x00, 0x31,
    0xd2, 0xf7, 0xf6, 0x89, 0xc1, 0x81, 0xc1, 0x78, 0xec, 0xff, 0xff, 0xe9,
    0xe8, 0x00, 0x00, 0x00, 0xa1, 0xbc, 0x43, 0x59, 0xc0, 0x83, 0xf8, 0x0b,
    0xb9, 0x0a, 0x00, 0x00, 0x00, 0x0f, 0x4c, 0xc1, 0x83, 0xc0, 0xf6, 0x83,
    0xf8, 0x64, 0xb9, 0x64, 0x00, 0x00, 0x00, 0x0f, 0x43, 0xc1, 0xa3, 0xbc,
    0x43, 0x59, 0xc0, 0xb9, 0x5c, 0xd2, 0x58, 0xc0, 0xe9, 0x99, 0x00, 0x00,
    0x00, 0x8b, 0x35, 0xc8, 0x43, 0x59, 0xc0, 0x85, 0xf6, 0x0f, 0x84, 0xa8,
    0x00, 0x00, 0x00, 0xe8, 0xcf, 0x0c, 0x00, 0x00, 0x69, 0xc0, 0xe8, 0x03,
    0x00, 0x00, 0x31, 0xd2, 0xf7, 0xf6, 0x89, 0xc1, 0x81, 0xc1, 0x88, 0x13,
    0x00, 0x00, 0xe9, 0x91, 0x00, 0x00, 0x00, 0xa1, 0x58, 0x43, 0x59, 0xc0,
    0x8d, 0x48, 0xe6, 0x39, 0xce, 0x0f, 0x9c, 0xc1, 0x83, 0xc0, 0x1a, 0x39,
    0xc6, 0x8b, 0x7d, 0xec, 0x8d, 0x47, 0xf4, 0x0f, 0x9d, 0xc2, 0x39, 0xc3,
    0x0f, 0x9c, 0xc0, 0x08, 0xc8, 0x8d, 0x4f, 0x28, 0x39, 0xcb, 0x0f, 0x9d,
    0xc1, 0x08, 0xd1, 0x08, 0xc1, 0x74, 0x4e, 0xa1, 0x60, 0x43, 0x59, 0xc0,
    0x39, 0xc6, 0x0f, 0x9d, 0xc1, 0x83, 0xc0, 0x54, 0x39, 0xc6, 0x0f, 0x9c,
    0xc0, 0x39, 0xfb, 0x0f, 0x9d, 0xc2, 0x20, 0xca, 0x20, 0xc2, 0x8d, 0x4f,
    0x1c, 0x39, 0xcb, 0x0f, 0x9c, 0xc0, 0x20, 0xd0, 0x3c, 0x01, 0x75, 0x50,
    0x31, 0xc0, 0x83, 0x3d, 0xb4, 0x43, 0x59, 0xc0, 0x00, 0x0f, 0x94, 0xc0,
    0xa3, 0xb4, 0x43, 0x59, 0xc0, 0xb9, 0xde, 0xd3, 0x58, 0xc0, 0x31, 0xd2,
    0x6a, 0x01, 0x50, 0xe8, 0x9c, 0x0c, 0x00, 0x00, 0x83, 0xc4, 0x08, 0xeb,
    0x18, 0xe8, 0x62, 0x18, 0x00, 0x00, 0xeb, 0x11, 0xb9, 0x78, 0xec, 0xff,
    0xff, 0xeb, 0x05, 0xb9, 0x88, 0x13, 0x00, 0x00, 0xe8, 0x50, 0x17, 0x00,
    0x00, 0xe8, 0xa2, 0x02, 0x00, 0x00, 0x8b, 0x45, 0xe4, 0x89, 0x45, 0xd0,
    0x31, 0xf6, 0x46, 0xe9, 0x80, 0xf7, 0xff, 0xff, 0x39, 0xcb, 0x0f, 0x9c,
    0xc0, 0x39, 0xfb, 0x0f, 0x9d, 0xc1, 0x8b, 0x15, 0x64, 0x43, 0x59, 0xc0,
    0x39, 0xd6, 0x0f, 0x9d, 0xc4, 0x83, 0xc2, 0x68, 0x39, 0xd6, 0x0f, 0x9c,
    0xc2, 0x20, 0xcc, 0x20, 0xd4, 0x20, 0xc4, 0x80, 0xfc, 0x01, 0x0f, 0x84,
    0x4b, 0xfc, 0xff, 0xff, 0x8b, 0x0d, 0x68, 0x43, 0x59, 0xc0, 0x8d, 0x51,
    0xf8, 0xa1, 0x6c, 0x43, 0x59, 0xc0, 0x39, 0xd6, 0x0f, 0x9c, 0xc2, 0x89,
    0x45, 0xf0, 0x8d, 0x78, 0x08, 0x39, 0xfe, 0x8b, 0x3d, 0x50, 0x43, 0x59,
    0xc0, 0x0f, 0x9d, 0xc6, 0x8d, 0x47, 0xfc, 0x39, 0xc3, 0x0f, 0x9c, 0xc0,
    0x08, 0xd0, 0x83, 0xc7, 0x14, 0x39, 0xfb, 0x0f, 0x9d, 0xc2, 0x08, 0xf2,
    0x08, 0xc2, 0x75, 0x85, 0x8b, 0x55, 0xf0, 0x89, 0xd7, 0x29, 0xcf, 0x89,
    0xf0, 0x29, 0xc8, 0x39, 0xd6, 0x0f, 0x4f, 0xc7, 0x6b, 0xc0, 0x64, 0x39,
    0xce, 0xb9, 0x00, 0x00, 0x00, 0x00, 0x0f, 0x4c, 0xc1, 0x99, 0xf7, 0xff,
    0x85, 0xc0, 0x0f, 0x4e, 0xc1, 0x83, 0xf8, 0x64, 0xb9, 0x64, 0x00, 0x00,
    0x00, 0x0f, 0x4d, 0xc1, 0xe9, 0x81, 0xfe, 0xff, 0xff, 0x8b, 0x45, 0xe0,
    0xa3, 0x1c, 0x2f, 0x59, 0xc0, 0x8b, 0x45, 0xdc, 0xa3, 0x18, 0x2f, 0x59,
    0xc0, 0x8b, 0x45, 0xd4, 0x8b, 0x4d, 0xd8, 0x89, 0x0d, 0x14, 0x2f, 0x59,
    0xc0, 0xa3, 0x10, 0x2f, 0x59, 0xc0, 0x31, 0xc9, 0xb0, 0x72, 0x88, 0x44,
    0x0d, 0x9c, 0x8a, 0x81, 0xcc, 0xd3, 0x58, 0xc0, 0x41, 0x83, 0xf9, 0x12,
    0x75, 0xf0, 0x8b, 0x45, 0xd4, 0x89, 0x45, 0xe8, 0x8b, 0x45, 0xd8, 0x89,
    0x45, 0xcc, 0xba, 0x12, 0x00, 0x00, 0x00, 0xb0, 0x01, 0x89, 0x45, 0xe4,
    0xa8, 0x01, 0x8b, 0x45, 0xcc, 0x0f, 0x45, 0x45, 0xe8, 0x89, 0x45, 0xec,
    0xbe, 0x00, 0xca, 0x9a, 0x3b, 0x31, 0xc9, 0x89, 0x55, 0xf0, 0xbf, 0xcd,
    0xcc, 0xcc, 0xcc, 0x8b, 0x45, 0xec, 0x31, 0xd2, 0xf7, 0xf6, 0x89, 0xc3,
    0xf7, 0xe7, 0xc1, 0xea, 0x02, 0x83, 0xe2, 0xfe, 0x8d, 0x04, 0x92, 0x29,
    0xc3, 0x83, 0xfe, 0x01, 0x74, 0x08, 0x09, 0xd9, 0x75, 0x04, 0x31, 0xc9,
    0xeb, 0x11, 0x80, 0xcb, 0x30, 0x8b, 0x45, 0xf0, 0x88, 0x5c, 0x05, 0x9c,
    0x40, 0x89, 0x45, 0xf0, 0x31, 0xc9, 0x41, 0x89, 0xf0, 0xbf, 0xcd, 0xcc,
    0xcc, 0xcc, 0xf7, 0xe7, 0xc1, 0xea, 0x03, 0x83, 0xfe, 0x09, 0x89, 0xd6,
    0x77, 0xb9, 0x8b, 0x45, 0xf0, 0x8d, 0x50, 0x01, 0xf6, 0x45, 0xe4, 0x01,
    0x74, 0x09, 0xc6, 0x44, 0x05, 0x9c, 0x78, 0x31, 0xc0, 0xeb, 0x86, 0xc6,
    0x44, 0x05, 0x9c, 0x0a, 0xb8, 0x04, 0x00, 0x00, 0x00, 0x31, 0xdb, 0x43,
    0x8d, 0x4d, 0x9c, 0xcd, 0x80, 0xe8, 0x1e, 0x01, 0x00, 0x00, 0xe9, 0x03,
    0xf6, 0xff, 0xff, 0xb8, 0x04, 0x00, 0x00, 0x00, 0xbb, 0x02, 0x00, 0x00,
    0x00, 0xb9, 0x04, 0xd1, 0x58, 0xc0, 0xba, 0x11, 0x00, 0x00, 0x00, 0xcd,
    0x80, 0x31, 0xc0, 0x40, 0x89, 0xc3, 0x31, 0xc9, 0x31, 0xd2, 0xcd, 0x80,
    0xeb, 0xfe, 0xb8, 0x89, 0x01, 0x00, 0x00, 0xbb, 0x03, 0x00, 0x00, 0x00,
    0x31, 0xc9, 0x31, 0xd2, 0xcd, 0x80, 0x31, 0xdb, 0x43, 0xb8, 0x04, 0x00,
    0x00, 0x00, 0xb9, 0x08, 0xd3, 0x58, 0xc0, 0xba, 0x0e, 0x00, 0x00, 0x00,
    0xcd, 0x80, 0x89, 0xd8, 0x31, 0xdb, 0x31, 0xc9, 0x31, 0xd2, 0xcd, 0x80,
    0xeb, 0xfe, 0xcc, 0xcc, 0x55, 0x89, 0xe5, 0x57, 0x56, 0x8b, 0x0d, 0x10,
    0x2f, 0x59, 0xc0, 0x8b, 0x35, 0x14, 0x2f, 0x59, 0xc0, 0xba, 0x56, 0x55,
    0x55, 0x55, 0x89, 0xc8, 0xf7, 0xea, 0x89, 0xd7, 0xc1, 0xef, 0x1f, 0x01,
    0xd7, 0x81, 0xff, 0x97, 0x00, 0x00, 0x00, 0xb8, 0x96, 0x00, 0x00, 0x00,
    0x0f, 0x4d, 0xc7, 0xba, 0x0e, 0x01, 0x00, 0x00, 0x39, 0xd0, 0x0f, 0x4d,
    0xc2, 0xa3, 0x48, 0x43, 0x59, 0xc0, 0x8d, 0x50, 0x1c, 0x89, 0x15, 0x24,
    0x2f, 0x59, 0xc0, 0x8d, 0x51, 0xe4, 0x89, 0x15, 0x28, 0x2f, 0x59, 0xc0,
    0x8d, 0x96, 0x7c, 0xff, 0xff, 0xff, 0x89, 0x15, 0x2c, 0x2f, 0x59, 0xc0,
    0x8d, 0x56, 0xb4, 0x89, 0x15, 0x4c, 0x43, 0x59, 0xc0, 0x83, 0xc6, 0xd6,
    0x89, 0x35, 0x50, 0x43, 0x59, 0xc0, 0x8d, 0x50, 0x2e, 0x89, 0x15, 0x54,
    0x43, 0x59, 0xc0, 0x8d, 0x50, 0x6c, 0x89, 0x15, 0x58, 0x43, 0x59, 0xc0,
    0x8d, 0x90, 0xaa, 0x00, 0x00, 0x00, 0x89, 0x15, 0x5c, 0x43, 0x59, 0xc0,
    0x8d, 0x90, 0xd8, 0x00, 0x00, 0x00, 0x89, 0x15, 0x60, 0x43, 0x59, 0xc0,
    0x8d, 0x90, 0x34, 0x01, 0x00, 0x00, 0x89, 0x15, 0x64, 0x43, 0x59, 0xc0,
    0x8d, 0x50, 0x68, 0x89, 0x15, 0x68, 0x43, 0x59, 0xc0, 0x05, 0xfe, 0x00,
    0x00, 0x00, 0x83, 0xc1, 0xb2, 0x39, 0xc8, 0x0f, 0x4c, 0xc8, 0x89, 0x0d,
    0x6c, 0x43, 0x59, 0xc0, 0x5e, 0x5f, 0x5d, 0xc3, 0x55, 0x89, 0xe5, 0x53,
    0x57, 0x56, 0x81, 0xec, 0x8c, 0x00, 0x00, 0x00, 0x8b, 0x3d, 0x10, 0x2f,
    0x59, 0xc0, 0x8b, 0x35, 0x14, 0x2f, 0x59, 0xc0, 0xe8, 0x1f, 0xff, 0xff,
    0xff, 0xa1, 0x10, 0x2f, 0x59, 0xc0, 0x39, 0xc7, 0x89, 0x7d, 0xe0, 0x0f,
    0x4c, 0xc7, 0x8b, 0x0d, 0x14, 0x2f, 0x59, 0xc0, 0x39, 0xce, 0x89, 0x75,
    0xe4, 0x0f, 0x4c, 0xce, 0x85, 0xc9, 0x7e, 0x33, 0x31, 0xd2, 0x8b, 0x35,
    0x1c, 0x2f, 0x59, 0xc0, 0x89, 0x75, 0xf0, 0x31, 0xff, 0x85, 0xc0, 0x7e,
    0x1a, 0x8b, 0x1d, 0x10, 0x2f, 0x59, 0xc0, 0x0f, 0xaf, 0xda, 0x03, 0x5d,
    0xf0, 0x31, 0xf6, 0xc7, 0x04, 0xb3, 0xf6, 0xf8, 0xfa, 0x00, 0x46, 0x39,
    0xf0, 0x75, 0xf4, 0x47, 0x83, 0xc2, 0x04, 0x39, 0xcf, 0x75, 0xda, 0x8b,
    0x0d, 0x48, 0x43, 0x59, 0xc0, 0x83, 0xc1, 0x0c, 0x8b, 0x45, 0xe4, 0x83,
    0xc0, 0xe0, 0xba, 0x10, 0x00, 0x00, 0x00, 0x68, 0xd6, 0xde, 0xe4, 0x00,
    0x50, 0x6a, 0x01, 0xe8, 0x75, 0x0b, 0x00, 0x00, 0x83, 0xc4, 0x0c, 0x8d,
    0x85, 0x68, 0xff, 0xff, 0xff, 0x6a, 0x18, 0x68, 0x74, 0xd0, 0x58, 0xc0,
    0x50, 0xe8, 0xaa, 0x19, 0x00, 0x00, 0x83, 0xc4, 0x0c, 0x8b, 0x0d, 0x44,
    0x2f, 0x59, 0xc0, 0x31, 0xf6, 0xbf, 0xcd, 0xcc, 0xcc, 0xcc, 0x89, 0xc8,
    0xf7, 0xe7, 0xc1, 0xea, 0x03, 0x8d, 0x04, 0x12, 0x8d, 0x04, 0x80, 0x89,
    0xcb, 0x29, 0xc3, 0x80, 0xcb, 0x30, 0x88, 0x5c, 0x35, 0xa0, 0x46, 0x83,
    0xf9, 0x09, 0x89, 0xd1, 0x77, 0xe0, 0x8d, 0x85, 0x70, 0xff, 0xff, 0xff,
    0x8a, 0x4c, 0x35, 0x9f, 0x88, 0x08, 0x40, 0x4e, 0x75, 0xf6, 0xc6, 0x00,
    0x00, 0x31, 0xf6, 0x46, 0x8d, 0x85, 0x68, 0xff, 0xff, 0xff, 0x50, 0x68,
    0x1e, 0x1c, 0x1c, 0x00, 0x6a, 0x0e, 0x6a, 0x14, 0x56, 0x68, 0x10, 0x2f,
    0x59, 0xc0, 0xe8, 0xec, 0x1e, 0x00, 0x00, 0x83, 0xc4, 0x18, 0x8b, 0x45,
    0xe4, 0x83, 0xc0, 0xc6, 0xb9, 0x4f, 0xec, 0xc4, 0x4e, 0xf7, 0xe9, 0x89,
    0xd0, 0xc1, 0xe8, 0x1f, 0xc1, 0xfa, 0x03, 0x01, 0xc2, 0x83, 0xfa, 0x02,
    0x0f, 0x4c, 0xd6, 0x89, 0x55, 0xec, 0x8b, 0x0d, 0x70, 0x43, 0x59, 0xc0,
    0x8b, 0x1d, 0x40, 0x2f, 0x59, 0xc0, 0x39, 0xd9, 0x7d, 0x08, 0x89, 0x0d,
    0x40, 0x2f, 0x59, 0xc0, 0x89, 0xcb, 0x8b, 0x75, 0xec, 0x8d, 0x14, 0x33,
    0x89, 0xc8, 0x29, 0xf0, 0x40, 0x39, 0xd1, 0x0f, 0x4c, 0xc3, 0x0f, 0x9c,
    0xc1, 0x85, 0xc0, 0x0f, 0x99, 0xc2, 0x84, 0xd1, 0x75, 0x0d, 0x31, 0xdb,
    0x85, 0xc0, 0x0f, 0x4f, 0xd8, 0x89, 0x1d, 0x40, 0x2f, 0x59, 0xc0, 0x8b,
    0x3d, 0x44, 0x2f, 0x59, 0xc0, 0x85, 0xff, 0x75, 0x64, 0xb8, 0x14, 0x00,
    0x00, 0x00, 0x31, 0xff, 0xbb, 0x10, 0x2f, 0x59, 0xc0, 0x68, 0xa2, 0xd2,
    0x58, 0xc0, 0x68, 0x1e, 0x1c, 0x1c, 0x00, 0x6a, 0x34, 0x50, 0x57, 0x53,
    0xe8, 0x5e, 0x1e, 0x00, 0x00, 0x83, 0xc4, 0x18, 0xbe, 0x6e, 0x72, 0x75,
    0x00, 0x68, 0x17, 0xd3, 0x58, 0xc0, 0x56, 0x6a, 0x50, 0xb8, 0x14, 0x00,
    0x00, 0x00, 0x50, 0x57, 0x53, 0xe8, 0x41, 0x1e, 0x00, 0x00, 0x83, 0xc4,
    0x18, 0x68, 0x4a, 0xd3, 0x58, 0xc0, 0x56, 0x6a, 0x64, 0xb8, 0x14, 0x00,
    0x00, 0x00, 0x50, 0x57, 0x53, 0xe8, 0x29, 0x1e, 0x00, 0x00, 0x83, 0xc4,
    0x18, 0x8b, 0x1d, 0x40, 0x2f, 0x59, 0xc0, 0x8b, 0x3d, 0x44, 0x2f, 0x59,
    0xc0, 0x39, 0xfb, 0x0f, 0x8d, 0x6d, 0x01, 0x00, 0x00, 0xa1, 0x40, 0x2f,
    0x59, 0xc0, 0x8b, 0x4d, 0xec, 0x01, 0xc1, 0x39, 0xcb, 0x0f, 0x8d, 0x5b,
    0x01, 0x00, 0x00, 0x8d, 0x75, 0xa0, 0x89, 0xd9, 0x29, 0xc1, 0x8d, 0x04,
    0x89, 0x8d, 0x04, 0x80, 0x01, 0xc8, 0x89, 0x45, 0xf0, 0x8b, 0x3d, 0x48,
    0x43, 0x59, 0xc0, 0x3b, 0x1d, 0x70, 0x43, 0x59, 0xc0, 0x75, 0x1e, 0x8b,
    0x45, 0xf0, 0x8d, 0x50, 0x2e, 0x8d, 0x47, 0xfc, 0xb9, 0x0a, 0x00, 0x00,
    0x00, 0x68, 0xdc, 0xe4, 0xf2, 0x00, 0x6a, 0x18, 0x50, 0xe8, 0xd7, 0x09,
    0x00, 0x00, 0x83, 0xc4, 0x0c, 0x8d, 0x04, 0x9b, 0x8d, 0x0c, 0xc5, 0x48,
    0x2f, 0x59, 0xc0, 0x89, 0xf2, 0xe8, 0x60, 0x0a, 0x00, 0x00, 0x83, 0xc7,
    0xc8, 0x89, 0xf1, 0x89, 0xfa, 0xe8, 0x96, 0x0a, 0x00, 0x00, 0xa1, 0x34,
    0x2f, 0x59, 0xc0, 0x39, 0xc3, 0x75, 0x51, 0x83, 0x3d, 0x30, 0x2f, 0x59,
    0xc0, 0x01, 0x75, 0x48, 0x89, 0x5d, 0xe8, 0x8b, 0x45, 0xf0, 0x8d, 0x70,
    0x3a, 0xbb, 0x46, 0x00, 0x00, 0x00, 0xbf, 0x12, 0x00, 0x00, 0x00, 0x89,
    0xd8, 0xd0, 0xe8, 0x0f, 0xb6, 0xc0, 0x69, 0xc0, 0x93, 0x00, 0x00, 0x00,
    0xc1, 0xe8, 0x0a, 0x89, 0xf2, 0x29, 0xc2, 0x8d, 0x04, 0x45, 0x01, 0x00,
    0x00, 0x00, 0x89, 0xf9, 0x68, 0x2c, 0x50, 0xb5, 0x00, 0x50, 0x6a, 0x01,
    0xe8, 0x68, 0x09, 0x00, 0x00, 0x83, 0xc4, 0x0c, 0x47, 0x83, 0xc3, 0xf6,
    0x75, 0xcd, 0xeb, 0x45, 0x39, 0xc3, 0x75, 0x67, 0x89, 0x5d, 0xe8, 0x8b,
    0x45, 0xf0, 0x8d, 0x78, 0x34, 0xb9, 0x12, 0x00, 0x00, 0x00, 0x89, 0xfa,
    0xbe, 0x2c, 0x50, 0xb5, 0x00, 0x56, 0xbb, 0x0b, 0x00, 0x00, 0x00, 0x53,
    0xb8, 0x03, 0x00, 0x00, 0x00, 0x50, 0xe8, 0x32, 0x09, 0x00, 0x00, 0x83,
    0xc4, 0x0c, 0xb9, 0x17, 0x00, 0x00, 0x00, 0x89, 0xfa, 0x56, 0x53, 0xb8,
    0x03, 0x00, 0x00, 0x00, 0x50, 0xe8, 0x1b, 0x09, 0x00, 0x00, 0x83, 0xc4,
    0x0c, 0x8b, 0x45, 0xf0, 0x83, 0xc0, 0x31, 0x8d, 0x75, 0xa0, 0x56, 0x68,
    0x2c, 0x50, 0xb5, 0x00, 0x50, 0x6a, 0x1e, 0x6a, 0x01, 0x68, 0x10, 0x2f,
    0x59, 0xc0, 0xe8, 0xe8, 0x1c, 0x00, 0x00, 0x83, 0xc4, 0x18, 0x8b, 0x5d,
    0xe8, 0xeb, 0x1e, 0x8b, 0x45, 0xf0, 0x83, 0xc0, 0x31, 0x56, 0x68, 0x1e,
    0x1c, 0x1c, 0x00, 0x50, 0x6a, 0x1e, 0x6a, 0x00, 0x68, 0x10, 0x2f, 0x59,
    0xc0, 0xe8, 0xc5, 0x1c, 0x00, 0x00, 0x83, 0xc4, 0x18, 0x43, 0x8b, 0x3d,
    0x44, 0x2f, 0x59, 0xc0, 0x39, 0xfb, 0x7d, 0x12, 0xa1, 0x40, 0x2f, 0x59,
    0xc0, 0x8b, 0x4d, 0xec, 0x01, 0xc1, 0x39, 0xcb, 0x0f, 0x8c, 0xa8, 0xfe,
    0xff, 0xff, 0x6a, 0x38, 0x68, 0x8c, 0xd0, 0x58, 0xc0, 0x8d, 0x85, 0x68,
    0xff, 0xff, 0xff, 0x50, 0xe8, 0xef, 0x16, 0x00, 0x00, 0x83, 0xc4, 0x0c,
    0xa1, 0x34, 0x2f, 0x59, 0xc0, 0x85, 0xc0, 0x79, 0x16, 0x85, 0xff, 0x0f,
    0x95, 0xc1, 0xa1, 0x70, 0x43, 0x59, 0xc0, 0x39, 0xf8, 0x0f, 0x9c, 0xc2,
    0x20, 0xca, 0x80, 0xfa, 0x01, 0x75, 0x15, 0x8d, 0x04, 0x80, 0x8d, 0x0c,
    0xc5, 0x48, 0x2f, 0x59, 0xc0, 0x8d, 0x95, 0x68, 0xff, 0xff, 0xff, 0xe8,
    0x0a, 0x09, 0x00, 0x00, 0x8b, 0x15, 0x28, 0x2f, 0x59, 0xc0, 0x2b, 0x15,
    0x24, 0x2f, 0x59, 0xc0, 0x8d, 0xb5, 0x68, 0xff, 0xff, 0xff, 0x89, 0xf1,
    0xe8, 0x33, 0x09, 0x00, 0x00, 0x83, 0x3d, 0x34, 0x2f, 0x59, 0xc0, 0x00,
    0xb8, 0x1e, 0x1c, 0x1c, 0x00, 0xb9, 0x6e, 0x72, 0x75, 0x00, 0x0f, 0x49,
    0xc8, 0x56, 0x51, 0x6a, 0x12, 0xff, 0x35, 0x24, 0x2f, 0x59, 0xc0, 0x6a,
    0x01, 0x68, 0x10, 0x2f, 0x59, 0xc0, 0xe8, 0x18, 0x1c, 0x00, 0x00, 0x83,
    0xc4, 0x18, 0x8a, 0x0d, 0x74, 0x43, 0x59, 0xc0, 0x84, 0xc9, 0x74, 0x07,
    0xb8, 0x74, 0x43, 0x59, 0xc0, 0xeb, 0x41, 0xa1, 0x30, 0x2f, 0x59, 0xc0,
    0x83, 0xf8, 0x01, 0x74, 0x0c, 0x83, 0xf8, 0x02, 0x75, 0x0e, 0xb8, 0x55,
    0xd1, 0x58, 0xc0, 0xeb, 0x25, 0xb8, 0x3a, 0xd2, 0x58, 0xc0, 0xeb, 0x1e,
    0x83, 0x3d, 0x44, 0x2f, 0x59, 0xc0, 0x00, 0xb8, 0x97, 0xd3, 0x58, 0xc0,
    0xb9, 0x9a, 0xd2, 0x58, 0xc0, 0x0f, 0x44, 0xc1, 0x83, 0x3d, 0x34, 0x2f,
    0x59, 0xc0, 0x00, 0x0f, 0x49, 0xc1, 0x8a, 0x08, 0x84, 0xc9, 0x74, 0x1a,
    0x31, 0xf6, 0x88, 0x4c, 0x35, 0xa0, 0x8d, 0x56, 0x01, 0x8a, 0x4c, 0x30,
    0x01, 0x84, 0xc9, 0x74, 0x0b, 0x83, 0xfe, 0x3d, 0x89, 0xd6, 0x72, 0xea,
    0xeb, 0x02, 0x31, 0xd2, 0xc6, 0x44, 0x15, 0xa0, 0x00, 0x8b, 0x15, 0x28,
    0x2f, 0x59, 0xc0, 0x2b, 0x15, 0x24, 0x2f, 0x59, 0xc0, 0x8d, 0x75, 0xa0,
    0x89, 0xf1, 0xe8, 0x7d, 0x08, 0x00, 0x00, 0x80, 0x3d, 0x74, 0x43, 0x59,
    0xc0, 0x00, 0xb8, 0x6e, 0x72, 0x75, 0x00, 0xb9, 0x2c, 0x50, 0xb5, 0x00,
    0x0f, 0x44, 0xc8, 0xb8, 0x2c, 0x00, 0x00, 0x00, 0x56, 0x51, 0x50, 0xff,
    0x35, 0x24, 0x2f, 0x59, 0xc0, 0x6a, 0x00, 0x68, 0x10, 0x2f, 0x59, 0xc0,
    0xe8, 0x5e, 0x1b, 0x00, 0x00, 0x83, 0xc4, 0x18, 0x8b, 0x1d, 0x24, 0x2f,
    0x59, 0xc0, 0xb8, 0x60, 0x00, 0x00, 0x00, 0x89, 0xd9, 0xba, 0x54, 0x00,
    0x00, 0x00, 0x68, 0x2c, 0x50, 0xb5, 0x00, 0x50, 0x50, 0xe8, 0x4f, 0x07,
    0x00, 0x00, 0x83, 0xc4, 0x0c, 0x8d, 0x4b, 0x1e, 0xbe, 0xf4, 0xf8, 0xfa,
    0x00, 0xbf, 0x0b, 0x00, 0x00, 0x00, 0xba, 0x96, 0x00, 0x00, 0x00, 0x56,
    0x57, 0xe8, 0xad, 0x08, 0x00, 0x00, 0x83, 0xc4, 0x08, 0x8d, 0x4b, 0x40,
    0xba, 0x8f, 0x00, 0x00, 0x00, 0x56, 0x57, 0xe8, 0x9b, 0x08, 0x00, 0x00,
    0x83, 0xc4, 0x08, 0x8d, 0x7b, 0x26, 0x89, 0xf9, 0xba, 0x6a, 0x00, 0x00,
    0x00, 0x56, 0xb8, 0x2c, 0x00, 0x00, 0x00, 0x50, 0xb8, 0x05, 0x00, 0x00,
    0x00, 0x50, 0xe8, 0x02, 0x07, 0x00, 0x00, 0x83, 0xc4, 0x0c, 0x89, 0x5d,
    0xf0, 0x8d, 0x4b, 0x48, 0xba, 0x64, 0x00, 0x00, 0x00, 0x56, 0x6a, 0x2b,
    0xb8, 0x05, 0x00, 0x00, 0x00, 0x50, 0xe8, 0xe6, 0x06, 0x00, 0x00, 0x83,
    0xc4, 0x0c, 0x31, 0xdb, 0x0f, 0xb6, 0xc3, 0x69, 0xc0, 0xa5, 0x00, 0x00,
    0x00, 0x89, 0xd9, 0x28, 0xe1, 0xd0, 0xe9, 0x00, 0xe1, 0xc0, 0xe9, 0x05,
    0xb0, 0x6a, 0x28, 0xc8, 0x0f, 0xb6, 0xd0, 0x89, 0xf9, 0x68, 0xf4, 0xf8,
    0xfa, 0x00, 0x6a, 0x0e, 0x6a, 0x01, 0xe8, 0xb6, 0x06, 0x00, 0x00, 0x83,
    0xc4, 0x0c, 0x83, 0xc3, 0x06, 0x47, 0x81, 0xfb, 0xea, 0x00, 0x00, 0x00,
    0x75, 0xc6, 0x8b, 0x35, 0xc8, 0x43, 0x59, 0xc0, 0xbb, 0x00, 0x00, 0x00,
    0x00, 0xbf, 0x00, 0x00, 0x00, 0x00, 0x85, 0xf6, 0x74, 0x2c, 0xe8, 0x04,
    0x04, 0x00, 0x00, 0x69, 0xc0, 0xe8, 0x03, 0x00, 0x00, 0x31, 0xff, 0x31,
    0xd2, 0xf7, 0xf6, 0x89, 0xc3, 0x83, 0x3d, 0x3c, 0x2f, 0x59, 0xc0, 0x00,
    0x74, 0x10, 0x69, 0x05, 0xc4, 0x43, 0x59, 0xc0, 0xe8, 0x03, 0x00, 0x00,
    0x31, 0xd2, 0xf7, 0xf6, 0x89, 0xc7, 0x89, 0x7d, 0xec, 0x8d, 0x55, 0xa0,
    0x89, 0xd9, 0xe8, 0xb2, 0x08, 0x00, 0x00, 0x8d, 0x95, 0x68, 0xff, 0xff,
    0xff, 0x89, 0xf9, 0xe8, 0xa5, 0x08, 0x00, 0x00, 0x8b, 0x3d, 0x2c, 0x2f,
    0x59, 0xc0, 0x8b, 0x35, 0x28, 0x2f, 0x59, 0xc0, 0x8b, 0x4d, 0xf0, 0x29,
    0xce, 0x89, 0xfa, 0x68, 0xd6, 0xde, 0xe4, 0x00, 0x6a, 0x06, 0x56, 0xe8,
    0x2d, 0x06, 0x00, 0x00, 0x8b, 0x4d, 0xec, 0x83, 0xc4, 0x0c, 0x85, 0xc9,
    0xb8, 0x00, 0x00, 0x00, 0x00, 0x74, 0x09, 0x0f, 0xaf, 0xde, 0x89, 0xd8,
    0x31, 0xd2, 0xf7, 0xf1, 0x39, 0xf0, 0x0f, 0x4c, 0xf0, 0xb8, 0x2c, 0x50,
    0xb5, 0x00, 0x8b, 0x5d, 0xf0, 0x89, 0xd9, 0x89, 0xfa, 0x50, 0x6a, 0x06,
    0x56, 0xe8, 0xfb, 0x05, 0x00, 0x00, 0x83, 0xc4, 0x0c, 0x01, 0xde, 0x8d,
    0x57, 0x03, 0x89, 0xf1, 0xb8, 0x2c, 0x50, 0xb5, 0x00, 0x50, 0x6a, 0x07,
    0xe8, 0x5e, 0x07, 0x00, 0x00, 0x83, 0xc4, 0x08, 0x83, 0xc7, 0x0e, 0xba,
    0x6e, 0x72, 0x75, 0x00, 0x31, 0xf6, 0xb9, 0x10, 0x2f, 0x59, 0xc0, 0x8d,
    0x45, 0xa0, 0x50, 0x52, 0x57, 0x53, 0x56, 0x51, 0xe8, 0xb2, 0x19, 0x00,
    0x00, 0x83, 0xc4, 0x18, 0x8b, 0x3d, 0x28, 0x2f, 0x59, 0xc0, 0x8d, 0x9d,
    0x68, 0xff, 0xff, 0xff, 0x53, 0x56, 0xe8, 0xf5, 0x18, 0x00, 0x00, 0x83,
    0xc4, 0x08, 0x29, 0xc7, 0xa1, 0x2c, 0x2f, 0x59, 0xc0, 0x83, 0xc0, 0x0e,
    0x53, 0xb9, 0x6e, 0x72, 0x75, 0x00, 0x51, 0x50, 0x57, 0x56, 0xb8, 0x10,
    0x2f, 0x59, 0xc0, 0x50, 0xe8, 0x7a, 0x19, 0x00, 0x00, 0x83, 0xc4, 0x18,
    0xa1, 0x4c, 0x43, 0x59, 0xc0, 0x8d, 0x78, 0x0e, 0x8b, 0x35, 0x54, 0x43,
    0x59, 0xc0, 0x8d, 0x4e, 0xf6, 0x89, 0x45, 0xf0, 0x8d, 0x50, 0x06, 0x89,
    0x55, 0xec, 0x68, 0x1e, 0x1c, 0x1c, 0x00, 0x6a, 0x10, 0x6a, 0x03, 0xe8,
    0x61, 0x05, 0x00, 0x00, 0x83, 0xc4, 0x0c, 0x83, 0xc6, 0xf9, 0xbb, 0x10,
    0x00, 0x00, 0x00, 0x89, 0xd8, 0xb9, 0x4f, 0xec, 0xc4, 0x4e, 0xf7, 0xe1,
    0x89, 0xd0, 0x89, 0xd1, 0xc1, 0xe9, 0x03, 0x89, 0xfa, 0x29, 0xca, 0xc1,
    0xe8, 0x02, 0x83, 0xc8, 0x01, 0x89, 0xf1, 0x68, 0x1e, 0x1c, 0x1c, 0x00,
    0x50, 0x6a, 0x01, 0xe8, 0x2d, 0x05, 0x00, 0x00, 0x83, 0xc4, 0x0c, 0x46,
    0x83, 0xc3, 0x10, 0x81, 0xfb, 0xe0, 0x00, 0x00, 0x00, 0x75, 0xc8, 0x8b,
    0x35, 0x5c, 0x43, 0x59, 0xc0, 0x8d, 0x4e, 0x08, 0x8b, 0x55, 0xec, 0x68,
    0x1e, 0x1c, 0x1c, 0x00, 0x6a, 0x10, 0x6a, 0x03, 0xe8, 0x04, 0x05, 0x00,
    0x00, 0x83, 0xc4, 0x0c, 0x83, 0xc6, 0xfa, 0xbb, 0xd0, 0x00, 0x00, 0x00,
    0x0f, 0xb6, 0xc3, 0x6b, 0xc0, 0x4f, 0xc1, 0xe8, 0x0b, 0x89, 0xfa, 0x29,
    0xc2, 0x8d, 0x04, 0x45, 0x01, 0x00, 0x00, 0x00, 0x89, 0xf1, 0x68, 0x1e,
    0x1c, 0x1c, 0x00, 0x50, 0x6a, 0x01, 0xe8, 0xd6, 0x04, 0x00, 0x00, 0x83,
    0xc4, 0x0c, 0x46, 0x83, 0xc3, 0xf0, 0x75, 0xd4, 0x8b, 0x35, 0x58, 0x43,
    0x59, 0xc0, 0x89, 0xf1, 0x89, 0xfa, 0x68, 0x2c, 0x50, 0xb5, 0x00, 0x6a,
    0x18, 0xe8, 0x31, 0x06, 0x00, 0x00, 0x83, 0xc4, 0x08, 0x83, 0x3d, 0x30,
    0x2f, 0x59, 0xc0, 0x01, 0x75, 0x43, 0x8d, 0x4e, 0xf8, 0x8b, 0x45, 0xf0,
    0x8d, 0x78, 0x04, 0xbb, 0xf4, 0xf8, 0xfa, 0x00, 0xb8, 0x14, 0x00, 0x00,
    0x00, 0x89, 0xfa, 0x53, 0x50, 0xb8, 0x06, 0x00, 0x00, 0x00, 0x50, 0xe8,
    0x89, 0x04, 0x00, 0x00, 0x83, 0xc4, 0x0c, 0x83, 0xc6, 0x03, 0x89, 0xf1,
    0x89, 0xfa, 0x53, 0xb8, 0x14, 0x00, 0x00, 0x00, 0x50, 0xb8, 0x06, 0x00,
    0x00, 0x00, 0x50, 0xe8, 0x6d, 0x04, 0x00, 0x00, 0x83, 0xc4, 0x0c, 0xeb,
    0x38, 0x83, 0xc6, 0xfa, 0xbb, 0x8c, 0x01, 0x00, 0x00, 0x0f, 0xb7, 0xc3,
    0x69, 0xc0, 0x8f, 0xe3, 0x00, 0x00, 0x89, 0xc1, 0xc1, 0xe9, 0x15, 0x89,
    0xfa, 0x29, 0xca, 0xc1, 0xe8, 0x14, 0x83, 0xc8, 0x01, 0x89, 0xf1, 0x68,
    0xf4, 0xf8, 0xfa, 0x00, 0x50, 0x6a, 0x01, 0xe8, 0x39, 0x04, 0x00, 0x00,
    0x83, 0xc4, 0x0c, 0x46, 0x83, 0xc3, 0xea, 0x75, 0xd0, 0x8b, 0x0d, 0x60,
    0x43, 0x59, 0xc0, 0x8b, 0x5d, 0xf0, 0x89, 0xda, 0xff, 0x35, 0xb4, 0x43,
    0x59, 0xc0, 0x68, 0xbc, 0xd3, 0x58, 0xc0, 0x6a, 0x54, 0xe8, 0x0a, 0x07,
    0x00, 0x00, 0x83, 0xc4, 0x0c, 0x8b, 0x0d, 0x64, 0x43, 0x59, 0xc0, 0x8b,
    0x15, 0xb8, 0x43, 0x59, 0xc0, 0x83, 0xfa, 0x01, 0xb8, 0x7b, 0xd1, 0x58,
    0xc0, 0xbe, 0x6c, 0xd2, 0x58, 0xc0, 0x0f, 0x44, 0xf0, 0x31, 0xc0, 0x85,
    0xd2, 0xbf, 0x42, 0xd2, 0x58, 0xc0, 0x0f, 0x45, 0xfe, 0x0f, 0x95, 0xc0,
    0x89, 0xda, 0x50, 0x57, 0x6a, 0x68, 0xe8, 0xd1, 0x06, 0x00, 0x00, 0x83,
    0xc4, 0x0c, 0x68, 0xc4, 0xd3, 0x58, 0xc0, 0x68, 0x6e, 0x72, 0x75, 0x00,
    0xff, 0x35, 0x50, 0x43, 0x59, 0xc0, 0xff, 0x35, 0x24, 0x2f, 0x59, 0xc0,
    0x6a, 0x00, 0x68, 0x10, 0x2f, 0x59, 0xc0, 0xe8, 0xa3, 0x17, 0x00, 0x00,
    0x83, 0xc4, 0x18, 0x8b, 0x3d, 0x68, 0x43, 0x59, 0xc0, 0xa1, 0x50, 0x43,
    0x59, 0xc0, 0x89, 0x45, 0xf0, 0x8d, 0x50, 0x08, 0x89, 0x55, 0xe8, 0x8b,
    0x1d, 0x6c, 0x43, 0x59, 0xc0, 0x89, 0x5d, 0xec, 0x29, 0xfb, 0xb8, 0x05,
    0x00, 0x00, 0x00, 0x89, 0xf9, 0x68, 0xd6, 0xde, 0xe4, 0x00, 0x50, 0x53,
    0xe8, 0x80, 0x03, 0x00, 0x00, 0x83, 0xc4, 0x0c, 0x8b, 0x35, 0xbc, 0x43,
    0x59, 0xc0, 0x0f, 0xaf, 0xde, 0xb9, 0x1f, 0x85, 0xeb, 0x51, 0x89, 0xd8,
    0xf7, 0xe9, 0x89, 0xd3, 0xc1, 0xeb, 0x1f, 0xc1, 0xfa, 0x05, 0x01, 0xd3,
    0xb8, 0x2c, 0x50, 0xb5, 0x00, 0x89, 0xf9, 0x8b, 0x55, 0xe8, 0x50, 0xb8,
    0x05, 0x00, 0x00, 0x00, 0x50, 0x53, 0xe8, 0x4a, 0x03, 0x00, 0x00, 0x83,
    0xc4, 0x0c, 0x01, 0xfb, 0x8b, 0x45, 0xf0, 0x8d, 0x50, 0x0a, 0x89, 0xd9,
    0xb8, 0x2c, 0x50, 0xb5, 0x00, 0x50, 0x6a, 0x06, 0xe8, 0xaa, 0x04, 0x00,
    0x00, 0x83, 0xc4, 0x08, 0x31, 0xc9, 0xbf, 0xcd, 0xcc, 0xcc, 0xcc, 0x89,
    0xf0, 0xf7, 0xe7, 0xc1, 0xea, 0x03, 0x8d, 0x04, 0x12, 0x8d, 0x04, 0x80,
    0x89, 0xf3, 0x29, 0xc3, 0x80, 0xcb, 0x30, 0x88, 0x5c, 0x0d, 0xa0, 0x41,
    0x83, 0xfe, 0x09, 0x89, 0xd6, 0x77, 0xe0, 0x8d, 0x85, 0x68, 0xff, 0xff,
    0xff, 0x8a, 0x54, 0x0d, 0x9f, 0x88, 0x10, 0x40, 0x49, 0x75, 0xf6, 0x66,
    0xc7, 0x00, 0x25, 0x00, 0x8b, 0x4d, 0xec, 0x83, 0xc1, 0x0e, 0x8d, 0x85,
    0x68, 0xff, 0xff, 0xff, 0xbb, 0x6e, 0x72, 0x75, 0x00, 0x31, 0xd2, 0xbf,
    0x10, 0x2f, 0x59, 0xc0, 0x50, 0x53, 0xff, 0x75, 0xf0, 0x51, 0x52, 0x57,
    0xe8, 0xba, 0x16, 0x00, 0x00, 0x83, 0xc4, 0x18, 0x6a, 0x40, 0x68, 0xc4,
    0xd0, 0x58, 0xc0, 0x8d, 0x75, 0xa0, 0x56, 0xe8, 0x04, 0x11, 0x00, 0x00,
    0x83, 0xc4, 0x0c, 0x8b, 0x55, 0xe0, 0x83, 0xc2, 0xd8, 0x89, 0xf1, 0xe8,
    0x88, 0x03, 0x00, 0x00, 0x8b, 0x45, 0xe4, 0x83, 0xc0, 0xe8, 0x56, 0x53,
    0x50, 0x6a, 0x14, 0x31, 0xc0, 0x50, 0x57, 0xe8, 0x83, 0x16, 0x00, 0x00,
    0x81, 0xc4, 0xa4, 0x00, 0x00, 0x00, 0x5e, 0x5f, 0x5b, 0x5d, 0xc3, 0x55,
    0x89, 0xe5, 0x83, 0x3d, 0x3c, 0x2f, 0x59, 0xc0, 0x00, 0x74, 0x1a, 0x80,
    0x3d, 0xd4, 0x43, 0x59, 0xc0, 0x01, 0x75, 0x15, 0xf6, 0x05, 0xe8, 0x53,
    0x59, 0xc0, 0x01, 0x75, 0x0c, 0x8b, 0x0d, 0xec, 0x53, 0x59, 0xc0, 0xeb,
    0x2b, 0x31, 0xc0, 0xeb, 0x31, 0xa1, 0x30, 0x2f, 0x59, 0xc0, 0x31, 0xc9,
    0xf6, 0x05, 0xd8, 0x43, 0x59, 0xc0, 0x01, 0xba, 0x00, 0x00, 0x00, 0x00,
    0x74, 0x06, 0x8b, 0x15, 0xd0, 0x43, 0x59, 0xc0, 0x83, 0xf8, 0x01, 0x0f,
    0x44, 0xca, 0x03, 0x0d, 0xe4, 0x43, 0x59, 0xc0, 0xa1, 0xc4, 0x43, 0x59,
    0xc0, 0x39, 0xc1, 0x0f, 0x42, 0xc1, 0x5d, 0xc3, 0x55, 0x89, 0xe5, 0x53,
    0x57, 0x56, 0x83, 0xec, 0x6c, 0x8a, 0x19, 0x84, 0xdb, 0x74, 0x1a, 0x31,
    0xf6, 0x8d, 0x46, 0x01, 0x88, 0x5c, 0x35, 0x88, 0x8a, 0x5c, 0x31, 0x01,
    0x84, 0xdb, 0x74, 0x0b, 0x83, 0xfe, 0x3b, 0x89, 0xc6, 0x73, 0x04, 0xeb,
    0xe8, 0x31, 0xc0, 0x8b, 0x7d, 0x0c, 0x85, 0xd2, 0x74, 0x2c, 0x8a, 0x1a,
    0x84, 0xdb, 0x0f, 0x95, 0xc7, 0x83, 0xf8, 0x50, 0x0f, 0x92, 0xc1, 0x20,
    0xf9, 0x80, 0xf9, 0x01, 0x75, 0x18, 0x42, 0x8d, 0x70, 0x01, 0x88, 0x5c,
    0x05, 0x88, 0x8a, 0x1a, 0x84, 0xdb, 0x74, 0x0c, 0x42, 0x83, 0xf8, 0x4f,
    0x89, 0xf0, 0x72, 0xeb, 0xeb, 0x02, 0x89, 0xc6, 0x85, 0xff, 0x74, 0x3b,
    0x8b, 0x5d, 0x08, 0x31, 0xff, 0x89, 0xd8, 0xb9, 0xcd, 0xcc, 0xcc, 0xcc,
    0xf7, 0xe1, 0xc1, 0xea, 0x03, 0x8d, 0x04, 0x12, 0x8d, 0x04, 0x80, 0x89,
    0xd9, 0x29, 0xc1, 0x80, 0xc9, 0x30, 0x88, 0x4c, 0x3d, 0xe8, 0x47, 0x83,
    0xfb, 0x09, 0x89, 0xd3, 0x77, 0xdb, 0x8a, 0x44, 0x3d, 0xe7, 0x88, 0x44,
    0x35, 0x88, 0x46, 0x4f, 0x75, 0xf4, 0xc6, 0x44, 0x35, 0x88, 0x00, 0xc6,
    0x44, 0x35, 0x88, 0x0a, 0x46, 0x31, 0xdb, 0x43, 0x8d, 0x4d, 0x88, 0xb8,
    0x04, 0x00, 0x00, 0x00, 0x89, 0xf2, 0xcd, 0x80, 0x83, 0xc4, 0x6c, 0x5e,
    0x5f, 0x5b, 0x5d, 0xc3, 0x55, 0x89, 0xe5, 0x53, 0x57, 0x56, 0x83, 0xec,
    0x10, 0x89, 0x55, 0xe8, 0xb8, 0x84, 0x01, 0x00, 0x00, 0x89, 0xcb, 0xb9,
    0x48, 0x39, 0x59, 0xc0, 0xba, 0x40, 0x00, 0x00, 0x00, 0xcd, 0x80, 0x85,
    0xc0, 0x0f, 0x88, 0xd9, 0x00, 0x00, 0x00, 0x83, 0xf8, 0x40, 0x0f, 0x42,
    0xd0, 0x8b, 0x35, 0x44, 0x2f, 0x59, 0xc0, 0x85, 0xc0, 0x0f, 0x95, 0xc0,
    0x83, 0xfe, 0x40, 0x0f, 0x9c, 0xc1, 0x20, 0xc1, 0x80, 0xf9, 0x01, 0x0f,
    0x85, 0xb7, 0x00, 0x00, 0x00, 0x31, 0xdb, 0xbf, 0x49, 0x39, 0x59, 0xc0,
    0x89, 0x55, 0xec, 0x8d, 0x04, 0xdd, 0x00, 0x00, 0x00, 0x00, 0x83, 0xbc,
    0x80, 0x6c, 0x39, 0x59, 0xc0, 0x00, 0x74, 0x04, 0x89, 0xf0, 0xeb, 0x7c,
    0x8d, 0x0c, 0x80, 0x81, 0xc1, 0x48, 0x39, 0x59, 0xc0, 0x89, 0x4d, 0xf0,
    0xba, 0x68, 0xd2, 0x58, 0xc0, 0xe8, 0x8a, 0x00, 0x00, 0x00, 0x85, 0xc0,
    0x75, 0x11, 0x8b, 0x4d, 0xf0, 0xba, 0x63, 0xd1, 0x58, 0xc0, 0xe8, 0x79,
    0x00, 0x00, 0x00, 0x85, 0xc0, 0x74, 0x66, 0x8d, 0x46, 0x01, 0x89, 0x45,
    0xe4, 0xa3, 0x44, 0x2f, 0x59, 0xc0, 0x8d, 0x04, 0xb6, 0x8d, 0x0c, 0xc5,
    0x48, 0x2f, 0x59, 0xc0, 0x8b, 0x45, 0xf0, 0x8a, 0x10, 0x84, 0xd2, 0x74,
    0x18, 0x31, 0xf6, 0x88, 0x14, 0x31, 0x8d, 0x46, 0x01, 0x8a, 0x14, 0x37,
    0x84, 0xd2, 0x74, 0x0b, 0x83, 0xfe, 0x1e, 0x89, 0xc6, 0x72, 0xec, 0xeb,
    0x02, 0x31, 0xc0, 0xc6, 0x04, 0x01, 0x00, 0x8b, 0x45, 0xe8, 0x88, 0x41,
    0x20, 0x8b, 0x45, 0xf0, 0x8b, 0x40, 0x20, 0x89, 0x41, 0x24, 0x8b, 0x55,
    0xec, 0x8b, 0x45, 0xe4, 0x43, 0x39, 0xd3, 0x73, 0x17, 0x83, 0xc7, 0x28,
    0x89, 0xc6, 0x83, 0xf8, 0x40, 0x0f, 0x8c, 0x5c, 0xff, 0xff, 0xff, 0xeb,
    0x07, 0x89, 0xf0, 0x8b, 0x55, 0xec, 0xeb, 0xe4, 0x83, 0xc4, 0x10, 0x5e,
    0x5f, 0x5b, 0x5d, 0xc3, 0x55, 0x89, 0xe5, 0x53, 0x57, 0x56, 0x50, 0x31,
    0xff, 0x4f, 0x47, 0x80, 0x39, 0x00, 0x8d, 0x49, 0x01, 0x75, 0xf7, 0x31,
    0xf6, 0x4e, 0x49, 0x80, 0x7c, 0x32, 0x01, 0x00, 0x8d, 0x76, 0x01, 0x75,
    0xf5, 0x31, 0xc0, 0x39, 0xf7, 0x76, 0x3a, 0x85, 0xf6, 0x74, 0x29, 0x89,
    0xcf, 0x31, 0xdb, 0x89, 0x55, 0xf0, 0x0f, 0xb6, 0x17, 0x89, 0xd0, 0x04,
    0x9f, 0x88, 0xd4, 0x80, 0xc4, 0xe0, 0x3c, 0x1a, 0x0f, 0xb6, 0xc4, 0x0f,
    0x43, 0xc2, 0x8b, 0x55, 0xf0, 0x3a, 0x04, 0x1a, 0x75, 0x11, 0x43, 0x47,
    0x39, 0xde, 0x75, 0xde, 0x31, 0xc0, 0x80, 0x79, 0xff, 0x2e, 0x0f, 0x94,
    0xc0, 0xeb, 0x02, 0x31, 0xc0, 0x83, 0xc4, 0x04, 0x5e, 0x5f, 0x5b, 0x5d,
    0xc3, 0x55, 0x89, 0xe5, 0x53, 0x57, 0x56, 0x83, 0xec, 0x08, 0x89, 0xcf,
    0xc1, 0xff, 0x1f, 0x21, 0xcf, 0x03, 0x7d, 0x08, 0x31, 0xc0, 0x85, 0xc9,
    0x0f, 0x4e, 0xc8, 0x89, 0xd3, 0xc1, 0xfb, 0x1f, 0x21, 0xd3, 0x03, 0x5d,
    0x0c, 0x85, 0xd2, 0x0f, 0x4e, 0xd0, 0x8b, 0x35, 0x10, 0x2f, 0x59, 0xc0,
    0x89, 0x75, 0xf0, 0x8b, 0x75, 0xf0, 0x29, 0xce, 0x89, 0x4d, 0xec, 0x01,
    0xf9, 0x3b, 0x4d, 0xf0, 0x0f, 0x4e, 0xf7, 0x8b, 0x0d, 0x14, 0x2f, 0x59,
    0xc0, 0x89, 0x4d, 0xf0, 0x29, 0xd1, 0x8d, 0x3c, 0x13, 0x3b, 0x7d, 0xf0,
    0x0f, 0x4e, 0xcb, 0x89, 0x4d, 0xf0, 0x85, 0xc9, 0x7e, 0x38, 0x8b, 0x5d,
    0x10, 0x8b, 0x4d, 0xec, 0xc1, 0xe1, 0x02, 0x03, 0x0d, 0x1c, 0x2f, 0x59,
    0xc0, 0x89, 0x4d, 0xec, 0xc1, 0xe2, 0x02, 0x85, 0xf6, 0x7e, 0x16, 0x8b,
    0x3d, 0x10, 0x2f, 0x59, 0xc0, 0x0f, 0xaf, 0xfa, 0x03, 0x7d, 0xec, 0x31,
    0xc9, 0x89, 0x1c, 0x8f, 0x41, 0x39, 0xf1, 0x7c, 0xf8, 0x40, 0x83, 0xc2,
    0x04, 0x3b, 0x45, 0xf0, 0x7c, 0xdd, 0x83, 0xc4, 0x08, 0x5e, 0x5f, 0x5b,
    0x5d, 0xc3, 0x55, 0x89, 0xe5, 0x53, 0x56, 0x8a, 0x19, 0x31, 0xc0, 0x84,
    0xdb, 0x74, 0x2d, 0x80, 0xfb, 0x2e, 0x74, 0x28, 0x83, 0xf8, 0x17, 0x77,
    0x23, 0x88, 0xdf, 0x80, 0xc7, 0xbf, 0x0f, 0xb6, 0xf3, 0x80, 0xcb, 0x20,
    0x80, 0xff, 0x1a, 0x0f, 0xb6, 0xdb, 0x0f, 0x43, 0xde, 0x85, 0xc0, 0x0f,
    0x44, 0xde, 0x88, 0x1c, 0x02, 0x8a, 0x5c, 0x01, 0x01, 0x40, 0xeb, 0xcf,
    0xc6, 0x04, 0x02, 0x00, 0x5e, 0x5b, 0x5d, 0xc3, 0x55, 0x89, 0xe5, 0x53,
    0x57, 0x56, 0x83, 0xec, 0x40, 0x89, 0x55, 0xf0, 0x89, 0xce, 0x31, 0xdb,
    0x4b, 0x80, 0x7c, 0x1e, 0x01, 0x00, 0x8d, 0x5b, 0x01, 0x75, 0xf6, 0x56,
    0x6a, 0x00, 0xe8, 0x45, 0x12, 0x00, 0x00, 0x83, 0xc4, 0x08, 0x3b, 0x45,
    0xf0, 0x0f, 0x9e, 0xc0, 0x83, 0xfb, 0x02, 0x0f, 0x92, 0xc1, 0x08, 0xc1,
    0x75, 0x5d, 0xc6, 0x44, 0x1e, 0xff, 0x00, 0x8a, 0x06, 0x84, 0xc0, 0x74,
    0x1a, 0x31, 0xc9, 0x88, 0x44, 0x0d, 0xb4, 0x8d, 0x79, 0x01, 0x8a, 0x44,
    0x0e, 0x01, 0x84, 0xc0, 0x74, 0x0b, 0x83, 0xf9, 0x33, 0x89, 0xf9, 0x72,
    0xea, 0xeb, 0x02, 0x31, 0xff, 0xc7, 0x44, 0x3d, 0xb4, 0x2e, 0x2e, 0x2e,
    0x00, 0x8d, 0x45, 0xb4, 0x50, 0x6a, 0x00, 0xe8, 0xf8, 0x11, 0x00, 0x00,
    0x83, 0xc4, 0x08, 0x3b, 0x45, 0xf0, 0x7e, 0x0a, 0x83, 0xfb, 0x03, 0x8d,
    0x5b, 0xff, 0x7c, 0x13, 0xeb, 0xb4, 0x83, 0xc7, 0x04, 0x31, 0xc0, 0x8a,
    0x4c, 0x05, 0xb4, 0x88, 0x0c, 0x06, 0x40, 0x39, 0xc7, 0x75, 0xf4, 0x83,
    0xc4, 0x40, 0x5e, 0x5f, 0x5b, 0x5d, 0xc3, 0x55, 0x89, 0xe5, 0x53, 0x57,
    0x56, 0x83, 0xec, 0x2c, 0x8b, 0x75, 0x08, 0x89, 0x55, 0xdc, 0x8d, 0x14,
    0x95, 0x00, 0x00, 0x00, 0x00, 0x8d, 0x04, 0xb5, 0x00, 0x00, 0x00, 0x00,
    0x29, 0xc2, 0x89, 0x55, 0xec, 0x89, 0xf0, 0xf7, 0xd8, 0x8d, 0x56, 0x01,
    0x0f, 0xaf, 0xd6, 0x89, 0x55, 0xcc, 0x8d, 0x56, 0xff, 0x0f, 0xaf, 0xd2,
    0x89, 0x55, 0xd4, 0x8b, 0x55, 0x0c, 0xd1, 0xea, 0x81, 0xe2, 0x7f, 0x7f,
    0x7f, 0x00, 0x89, 0x55, 0xd8, 0x8d, 0x14, 0x75, 0x01, 0x00, 0x00, 0x00,
    0x89, 0x55, 0xe4, 0x8d, 0x14, 0x8d, 0x00, 0x00, 0x00, 0x00, 0x89, 0x55,
    0xe8, 0x89, 0x45, 0xe0, 0x89, 0x45, 0xf0, 0x03, 0x45, 0xdc, 0x78, 0x62,
    0x3b, 0x05, 0x14, 0x2f, 0x59, 0xc0, 0x7d, 0x5a, 0x8b, 0x45, 0xf0, 0x0f,
    0xaf, 0xc0, 0x89, 0x45, 0xc8, 0xa1, 0x1c, 0x2f, 0x59, 0xc0, 0x03, 0x45,
    0xe8, 0x89, 0x45, 0xd0, 0x8b, 0x7d, 0xe4, 0x8b, 0x5d, 0xe0, 0x89, 0xca,
    0x01, 0xda, 0x78, 0x36, 0xa1, 0x10, 0x2f, 0x59, 0xc0, 0x39, 0xc2, 0x7d,
    0x2d, 0x89, 0xde, 0x0f, 0xaf, 0xf3, 0x03, 0x75, 0xc8, 0x3b, 0x75, 0xcc,
    0x77, 0x20, 0x0f, 0xaf, 0x45, 0xec, 0x03, 0x45, 0xd0, 0x8b, 0x55, 0x0c,
    0x3b, 0x75, 0xd4, 0x76, 0x0e, 0x8b, 0x14, 0x98, 0xd1, 0xea, 0x81, 0xe2,
    0x7f, 0x7f, 0x7f, 0x00, 0x03, 0x55, 0xd8, 0x89, 0x14, 0x98, 0x43, 0x4f,
    0x75, 0xc0, 0x83, 0x45, 0xec, 0x04, 0x8b, 0x45, 0xf0, 0x3b, 0x45, 0x08,
    0x8d, 0x40, 0x01, 0x75, 0x87, 0x83, 0xc4, 0x2c, 0x5e, 0x5f, 0x5b, 0x5d,
    0xc3, 0x55, 0x89, 0xe5, 0x53, 0x57, 0x56, 0x83, 0xec, 0x10, 0x89, 0xd6,
    0x89, 0xc8, 0xb9, 0x73, 0xb2, 0xe7, 0x45, 0x89, 0x45, 0xf0, 0xf7, 0xe1,
    0x89, 0xd7, 0xc1, 0xef, 0x0e, 0x31, 0xdb, 0x89, 0xf8, 0xb9, 0xcd, 0xcc,
    0xcc, 0xcc, 0xf7, 0xe1, 0xc1, 0xea, 0x03, 0x8d, 0x04, 0x12, 0x8d, 0x04,
    0x80, 0x89, 0xf9, 0x29, 0xc1, 0x80, 0xc9, 0x30, 0x88, 0x4c, 0x1d, 0xe4,
    0x43, 0x83, 0xff, 0x09, 0x89, 0xd7, 0x77, 0xdb, 0x8a, 0x44, 0x1d, 0xe3,
    0x88, 0x06, 0x46, 0x4b, 0x75, 0xf6, 0xb9, 0xd3, 0x4d, 0x62, 0x10, 0x8b,
    0x45, 0xf0, 0xf7, 0xe1, 0x89, 0xd1, 0xc1, 0xe9, 0x06, 0xba, 0x45, 0x44,
    0x44, 0x04, 0x89, 0xc8, 0xf7, 0xe2, 0x6b, 0xc2, 0x3c, 0x89, 0xcf, 0x29,
    0xc7, 0xba, 0x9a, 0x99, 0x99, 0x19, 0x89, 0xc8, 0xf7, 0xe2, 0x8d, 0x04,
    0xbf, 0x8d, 0x04, 0x80, 0x01, 0xf8, 0xc6, 0x06, 0x3a, 0x80, 0xcc, 0x30,
    0x88, 0x66, 0x01, 0x01, 0xd2, 0x8d, 0x04, 0x92, 0x29, 0xc1, 0x80, 0xc9,
    0x30, 0x88, 0x4e, 0x02, 0xc6, 0x46, 0x03, 0x00, 0x83, 0xc4, 0x10, 0x5e,
    0x5f, 0x5b, 0x5d, 0xc3, 0x55, 0x89, 0xe5, 0x53, 0x57, 0x56, 0x83, 0xec,
    0x10, 0x89, 0xd3, 0x31, 0xc0, 0x39, 0x45, 0x10, 0xb8, 0xdc, 0xe4, 0xf2,
    0x00, 0xbe, 0x2c, 0x50, 0xb5, 0x00, 0x0f, 0x44, 0xf0, 0xb8, 0x1e, 0x1c,
    0x1c, 0x00, 0xba, 0xf4, 0xf8, 0xfa, 0x00, 0x0f, 0x44, 0xd0, 0x89, 0x55,
    0xe4, 0x89, 0xcf, 0x89, 0xda, 0x56, 0x6a, 0x1c, 0xff, 0x75, 0x08, 0xe8,
    0xcd, 0xfc, 0xff, 0xff, 0x83, 0xc4, 0x0c, 0xbe, 0x02, 0x00, 0x00, 0x00,
    0xb8, 0xf6, 0xf8, 0xfa, 0x00, 0x89, 0xf9, 0x89, 0x7d, 0xf0, 0x8b, 0x55,
    0x08, 0x8d, 0x7c, 0x17, 0xfe, 0x89, 0x7d, 0xec, 0x89, 0xda, 0x50, 0x56,
    0x56, 0xe8, 0xa7, 0xfc, 0xff, 0xff, 0x83, 0xc4, 0x0c, 0x89, 0xf9, 0x89,
    0xda, 0x89, 0x5d, 0xe8, 0xb8, 0xf6, 0xf8, 0xfa, 0x00, 0x50, 0x56, 0x56,
    0xe8, 0x90, 0xfc, 0xff, 0xff, 0x83, 0xc4, 0x0c, 0x8d, 0x7b, 0x1a, 0x8b,
    0x4d, 0xf0, 0x89, 0xfa, 0xbb, 0xf6, 0xf8, 0xfa, 0x00, 0x53, 0x56, 0x56,
    0xe8, 0x78, 0xfc, 0xff, 0xff, 0x83, 0xc4, 0x0c, 0x8b, 0x4d, 0xec, 0x89,
    0xfa, 0x53, 0x56, 0x56, 0xe8, 0x68, 0xfc, 0xff, 0xff, 0x83, 0xc4, 0x0c,
    0x8b, 0x75, 0x0c, 0x56, 0x31, 0xdb, 0x53, 0xe8, 0xa0, 0x0f, 0x00, 0x00,
    0x83, 0xc4, 0x08, 0x8b, 0x4d, 0x08, 0x29, 0xc1, 0x89, 0xc8, 0xc1, 0xe8,
    0x1f, 0x01, 0xc8, 0xd1, 0xf8, 0x03, 0x45, 0xf0, 0x8b, 0x4d, 0xe8, 0x83,
    0xc1, 0x05, 0x56, 0xff, 0x75, 0xe4, 0x51, 0x50, 0x53, 0x68, 0x10, 0x2f,
    0x59, 0xc0, 0xe8, 0x1c, 0x10, 0x00, 0x00, 0x83, 0xc4, 0x28, 0x5e, 0x5f,
    0x5b, 0x5d, 0xc3, 0x55, 0x89, 0xe5, 0x53, 0x57, 0x56, 0x83, 0xec, 0x4c,
    0x89, 0xce, 0xb8, 0x89, 0x01, 0x00, 0x00, 0xbb, 0x03, 0x00, 0x00, 0x00,
    0x31, 0xc9, 0x31, 0xd2, 0xcd, 0x80, 0x31, 0xc0, 0xa3, 0x30, 0x2f, 0x59,
    0xc0, 0xa2, 0xd4, 0x43, 0x59, 0xc0, 0xa2, 0xd8, 0x43, 0x59, 0xc0, 0xa2,
    0xdc, 0x43, 0x59, 0xc0, 0xa3, 0xe0, 0x43, 0x59, 0xc0, 0xa3, 0xe4, 0x43,
    0x59, 0xc0, 0xa3, 0xd0, 0x43, 0x59, 0xc0, 0x8d, 0x1c, 0xb6, 0x80, 0x3d,
    0xf8, 0x53, 0x59, 0xc0, 0x01, 0x75, 0x0d, 0x68, 0xfc, 0x53, 0x59, 0xc0,
    0xe8, 0x57, 0x3d, 0x00, 0x00, 0x83, 0xc4, 0x04, 0x8d, 0x3c, 0xdd, 0x48,
    0x2f, 0x59, 0xc0, 0xc6, 0x05, 0xf8, 0x53, 0x59, 0xc0, 0x00, 0xa1, 0x3c,
    0x2f, 0x59, 0xc0, 0x85, 0xc0, 0x74, 0x13, 0x50, 0xe8, 0xd2, 0x0d, 0x00,
    0x00, 0x83, 0xc4, 0x04, 0xc7, 0x05, 0x3c, 0x2f, 0x59, 0xc0, 0x00, 0x00,
    0x00, 0x00, 0xc7, 0x05, 0x34, 0x2f, 0x59, 0xc0, 0xff, 0xff, 0xff, 0xff,
    0x89, 0x35, 0x70, 0x43, 0x59, 0xc0, 0xc6, 0x05, 0x74, 0x43, 0x59, 0xc0,
    0x00, 0x8b, 0x47, 0x24, 0xb9, 0xff, 0xff, 0xcf, 0xff, 0x8d, 0x14, 0x08,
    0x39, 0xca, 0x77, 0x46, 0x89, 0xfa, 0x85, 0xc0, 0xb8, 0x67, 0xd1, 0x58,
    0xc0, 0xb9, 0xaf, 0xd2, 0x58, 0xc0, 0x0f, 0x44, 0xc8, 0x8a, 0x19, 0x31,
    0xc0, 0xbe, 0x00, 0x00, 0x00, 0x00, 0x84, 0xdb, 0x74, 0x1a, 0x31, 0xff,
    0x88, 0x9f, 0x74, 0x43, 0x59, 0xc0, 0x8d, 0x77, 0x01, 0x8a, 0x5c, 0x39,
    0x01, 0x84, 0xdb, 0x74, 0x07, 0x83, 0xff, 0x3e, 0x89, 0xf7, 0x72, 0xe8,
    0xc6, 0x86, 0x74, 0x43, 0x59, 0xc0, 0x00, 0xb9, 0x5b, 0xd3, 0x58, 0xc0,
    0xeb, 0x5f, 0x50, 0xe8, 0x45, 0x0b, 0x00, 0x00, 0x83, 0xc4, 0x04, 0xa3,
    0x3c, 0x2f, 0x59, 0xc0, 0x89, 0x45, 0xe8, 0x85, 0xc0, 0x74, 0x24, 0x80,
    0x7f, 0x20, 0x00, 0x89, 0x75, 0xec, 0x74, 0x50, 0x31, 0xc9, 0xb0, 0x4d,
    0x88, 0x44, 0x0d, 0xa8, 0x8a, 0x81, 0x5d, 0xd1, 0x58, 0xc0, 0x41, 0x83,
    0xf9, 0x06, 0x75, 0xf0, 0xb8, 0x06, 0x00, 0x00, 0x00, 0xeb, 0x37, 0xb1,
    0x4e, 0xb8, 0xe1, 0xff, 0xff, 0xff, 0x88, 0x88, 0x93, 0x43, 0x59, 0xc0,
    0x8a, 0x88, 0xf7, 0xd1, 0x58, 0xc0, 0x40, 0x75, 0xf1, 0xc6, 0x05, 0x93,
    0x43, 0x59, 0xc0, 0x00, 0x31, 0xc0, 0xb9, 0x5b, 0xd3, 0x58, 0xc0, 0x89,
    0xfa, 0x50, 0x50, 0xe8, 0xa4, 0xf8, 0xff, 0xff, 0x83, 0xc4, 0x54, 0xe9,
    0xc7, 0x01, 0x00, 0x00, 0x31, 0xc0, 0x8b, 0x77, 0x24, 0x8a, 0x17, 0x84,
    0xd2, 0x74, 0x1a, 0x8d, 0x0c, 0xdd, 0x49, 0x2f, 0x59, 0xc0, 0x88, 0x54,
    0x05, 0xa8, 0x83, 0xf8, 0x3d, 0x8d, 0x40, 0x01, 0x77, 0x07, 0x8a, 0x11,
    0x41, 0x84, 0xd2, 0x75, 0xed, 0xc6, 0x44, 0x05, 0xa8, 0x00, 0x8d, 0x5d,
    0xa8, 0xb8, 0x91, 0x01, 0x00, 0x00, 0x8b, 0x4d, 0xe8, 0x89, 0xf2, 0xcd,
    0x80, 0x89, 0xc3, 0x83, 0xf8, 0xda, 0x75, 0x54, 0x89, 0x7d, 0xf0, 0x8d,
    0x5d, 0xa8, 0x31, 0xff, 0xb8, 0x05, 0x00, 0x00, 0x00, 0x31, 0xc9, 0x31,
    0xd2, 0xcd, 0x80, 0x89, 0xc3, 0x85, 0xc0, 0x78, 0x38, 0x85, 0xf6, 0x74,
    0x27, 0x31, 0xff, 0x89, 0xf2, 0x29, 0xfa, 0xb8, 0xff, 0x00, 0x00, 0x00,
    0x39, 0xc2, 0x0f, 0x43, 0xd0, 0x8b, 0x45, 0xe8, 0x8d, 0x0c, 0x38, 0xb8,
    0x03, 0x00, 0x00, 0x00, 0xcd, 0x80, 0x85, 0xc0, 0x7e, 0x06, 0x01, 0xc7,
    0x39, 0xf7, 0x72, 0xdb, 0xb8, 0x06, 0x00, 0x00, 0x00, 0x31, 0xc9, 0x31,
    0xd2, 0xcd, 0x80, 0x89, 0xfb, 0x8b, 0x7d, 0xf0, 0x3b, 0x5f, 0x24, 0x75,
    0x68, 0x89, 0xf9, 0xba, 0x63, 0xd1, 0x58, 0xc0, 0xe8, 0xbb, 0xf9, 0xff,
    0xff, 0x8b, 0x0d, 0x3c, 0x2f, 0x59, 0xc0, 0x85, 0xc0, 0x0f, 0x84, 0x8b,
    0x00, 0x00, 0x00, 0x53, 0x51, 0x68, 0xfc, 0x53, 0x59, 0xc0, 0xe8, 0xcf,
    0x35, 0x00, 0x00, 0x83, 0xc4, 0x0c, 0x85, 0xc0, 0x8b, 0x4d, 0xec, 0x0f,
    0x85, 0x87, 0x00, 0x00, 0x00, 0xa1, 0x08, 0x54, 0x59, 0xc0, 0xa3, 0xc8,
    0x43, 0x59, 0xc0, 0xa1, 0x10, 0x54, 0x59, 0xc0, 0xa3, 0xc4, 0x43, 0x59,
    0xc0, 0xc7, 0x05, 0xcc, 0x43, 0x59, 0xc0, 0x01, 0x00, 0x08, 0x00, 0xc7,
    0x05, 0xc0, 0x43, 0x59, 0xc0, 0x00, 0x00, 0x00, 0x00, 0xc6, 0x05, 0xf8,
    0x53, 0x59, 0xc0, 0x01, 0xe9, 0xcb, 0x00, 0x00, 0x00, 0xb1, 0x43, 0xb8,
    0xe8, 0xff, 0xff, 0xff, 0x88, 0x88, 0x8c, 0x43, 0x59, 0xc0, 0x8a, 0x88,
    0x4a, 0xd3, 0x58, 0xc0, 0x40, 0x75, 0xf1, 0xc6, 0x05, 0x8c, 0x43, 0x59,
    0xc0, 0x00, 0xff, 0x35, 0x3c, 0x2f, 0x59, 0xc0, 0xe8, 0xc2, 0x0b, 0x00,
    0x00, 0x83, 0xc4, 0x04, 0x31, 0xc0, 0xa3, 0x3c, 0x2f, 0x59, 0xc0, 0xb9,
    0x86, 0xd1, 0x58, 0xc0, 0x89, 0xfa, 0x50, 0x50, 0xeb, 0x7e, 0x53, 0x51,
    0x68, 0xc0, 0x43, 0x59, 0xc0, 0xe8, 0x06, 0x04, 0x00, 0x00, 0x83, 0xc4,
    0x0c, 0x85, 0xc0, 0x8b, 0x4d, 0xec, 0x74, 0x78, 0x89, 0xfb, 0x89, 0xf9,
    0xba, 0x63, 0xd1, 0x58, 0xc0, 0xe8, 0xfe, 0xf8, 0xff, 0xff, 0x85, 0xc0,
    0xb9, 0xd2, 0xd2, 0x58, 0xc0, 0xb8, 0xf7, 0xd1, 0x58, 0xc0, 0x0f, 0x44,
    0xc1, 0x8a, 0x08, 0x31, 0xf6, 0xba, 0x00, 0x00, 0x00, 0x00, 0x84, 0xc9,
    0x74, 0x1a, 0x31, 0xff, 0x88, 0x8f, 0x74, 0x43, 0x59, 0xc0, 0x8d, 0x57,
    0x01, 0x8a, 0x4c, 0x38, 0x01, 0x84, 0xc9, 0x74, 0x07, 0x83, 0xff, 0x3e,
    0x89, 0xd7, 0x72, 0xe8, 0xc6, 0x82, 0x74, 0x43, 0x59, 0xc0, 0x00, 0xff,
    0x35, 0x3c, 0x2f, 0x59, 0xc0, 0xe8, 0x41, 0x0b, 0x00, 0x00, 0x83, 0xc4,
    0x04, 0x89, 0x35, 0x3c, 0x2f, 0x59, 0xc0, 0xb9, 0x7d, 0xd3, 0x58, 0xc0,
    0x89, 0xda, 0x56, 0x56, 0xe8, 0xdb, 0xf6, 0xff, 0xff, 0x83, 0xc4, 0x08,
    0x83, 0xc4, 0x4c, 0x5e, 0x5f, 0x5b, 0x5d, 0xc3, 0x89, 0x0d, 0x34, 0x2f,
    0x59, 0xc0, 0x31, 0xf6, 0x46, 0x89, 0x35, 0x30, 0x2f, 0x59, 0xc0, 0x89,
    0xfa, 0x31, 0xff, 0xb9, 0x17, 0xd2, 0x58, 0xc0, 0x57, 0x57, 0xe8, 0xb1,
    0xf6, 0xff, 0xff, 0x83, 0xc4, 0x08, 0xc6, 0x05, 0xd4, 0x43, 0x59, 0xc0,
    0x01, 0x89, 0x35, 0xf0, 0x53, 0x59, 0xc0, 0xc7, 0x05, 0xf4, 0x53, 0x59,
    0xc0, 0x02, 0x00, 0x00, 0x00, 0x89, 0x3d, 0xec, 0x53, 0x59, 0xc0, 0xc6,
    0x05, 0xe8, 0x53, 0x59, 0xc0, 0x00, 0xb8, 0x89, 0x01, 0x00, 0x00, 0xbb,
    0x03, 0x00, 0x00, 0x00, 0x31, 0xc9, 0x31, 0xd2, 0xcd, 0x80, 0xeb, 0xa0,
    0x55, 0x89, 0xe5, 0x53, 0x57, 0x56, 0x83, 0xec, 0x60, 0x89, 0xd6, 0x89,
    0xcf, 0x85, 0xc9, 0x75, 0x37, 0x83, 0x3d, 0x3c, 0x2f, 0x59, 0xc0, 0x00,
    0x74, 0x2e, 0x8b, 0x1d, 0xc8, 0x43, 0x59, 0xc0, 0x85, 0xdb, 0x74, 0x24,
    0xe8, 0xf2, 0xf5, 0xff, 0xff, 0x69, 0xc0, 0xe8, 0x03, 0x00, 0x00, 0x31,
    0xd2, 0xf7, 0xf3, 0x3d, 0xb9, 0x0b, 0x00, 0x00, 0x72, 0x0e, 0x31, 0xc9,
    0x83, 0xc4, 0x60, 0x5e, 0x5f, 0x5b, 0x5d, 0xe9, 0x01, 0x01, 0x00, 0x00,
    0x8b, 0x0d, 0x44, 0x2f, 0x59, 0xc0, 0x85, 0xc9, 0x0f, 0x84, 0x8e, 0x00,
    0x00, 0x00, 0x8b, 0x1d, 0x34, 0x2f, 0x59, 0xc0, 0x83, 0xf9, 0x02, 0x7c,
    0x38, 0x83, 0x3d, 0xb4, 0x43, 0x59, 0xc0, 0x00, 0x74, 0x2f, 0x8b, 0x35,
    0x20, 0x2f, 0x59, 0xc0, 0x89, 0xf0, 0xc1, 0xe0, 0x0d, 0x31, 0xf0, 0x89,
    0xc2, 0xc1, 0xea, 0x11, 0x31, 0xc2, 0x89, 0xd6, 0xc1, 0xe6, 0x05, 0x31,
    0xd6, 0x89, 0xf0, 0x31, 0xd2, 0xf7, 0xf1, 0x39, 0xda, 0x74, 0xe1, 0x89,
    0x35, 0x20, 0x2f, 0x59, 0xc0, 0x89, 0xd1, 0xeb, 0x3f, 0x31, 0xc0, 0x83,
    0xff, 0x01, 0x0f, 0x93, 0xc2, 0x85, 0xdb, 0x79, 0x07, 0xa1, 0x70, 0x43,
    0x59, 0xc0, 0xeb, 0x06, 0x88, 0xd0, 0x8d, 0x04, 0x43, 0x48, 0x39, 0xc8,
    0x7d, 0x08, 0x49, 0x85, 0xc0, 0x0f, 0x49, 0xc8, 0xeb, 0x16, 0x85, 0xf6,
    0x0f, 0x95, 0xc0, 0x83, 0x3d, 0xb8, 0x43, 0x59, 0xc0, 0x00, 0x0f, 0x94,
    0xc1, 0x20, 0xc1, 0x0f, 0xb6, 0xc9, 0xf7, 0xd9, 0x85, 0xc9, 0x78, 0x0c,
    0x83, 0xc4, 0x60, 0x5e, 0x5f, 0x5b, 0x5d, 0xe9, 0x9b, 0xfb, 0xff, 0xff,
    0xb8, 0x89, 0x01, 0x00, 0x00, 0xbb, 0x03, 0x00, 0x00, 0x00, 0x31, 0xc9,
    0x31, 0xd2, 0xcd, 0x80, 0x31, 0xc0, 0xa3, 0x30, 0x2f, 0x59, 0xc0, 0xa2,
    0xd4, 0x43, 0x59, 0xc0, 0xa2, 0xd8, 0x43, 0x59, 0xc0, 0xa2, 0xdc, 0x43,
    0x59, 0xc0, 0xa3, 0xe0, 0x43, 0x59, 0xc0, 0xa3, 0xe4, 0x43, 0x59, 0xc0,
    0xa3, 0xd0, 0x43, 0x59, 0xc0, 0xb1, 0x6d, 0x88, 0x4c, 0x05, 0x94, 0x8a,
    0x88, 0x6c, 0xd3, 0x58, 0xc0, 0x40, 0x83, 0xf8, 0x11, 0x75, 0xf0, 0x8d,
    0x4d, 0x94, 0xc6, 0x41, 0x11, 0x0a, 0x31, 0xdb, 0x43, 0xb8, 0x04, 0x00,
    0x00, 0x00, 0xba, 0x12, 0x00, 0x00, 0x00, 0xcd, 0x80, 0x83, 0xc4, 0x60,
    0x5e, 0x5f, 0x5b, 0x5d, 0xc3, 0x55, 0x89, 0xe5, 0x53, 0x57, 0x56, 0x83,
    0x3d, 0x3c, 0x2f, 0x59, 0xc0, 0x00, 0x0f, 0x84, 0xe7, 0x00, 0x00, 0x00,
    0x31, 0xf6, 0x85, 0xc9, 0x0f, 0x4e, 0xce, 0x8b, 0x1d, 0xc8, 0x43, 0x59,
    0xc0, 0xba, 0xd3, 0x4d, 0x62, 0x10, 0x89, 0xc8, 0xf7, 0xe2, 0xc1, 0xea,
    0x06, 0x89, 0xdf, 0x0f, 0xaf, 0xfa, 0x69, 0xc2, 0xe8, 0x03, 0x00, 0x00,
    0x29, 0xc1, 0x0f, 0xaf, 0xcb, 0x89, 0xc8, 0xb9, 0xd3, 0x4d, 0x62, 0x10,
    0xf7, 0xe1, 0xc1, 0xea, 0x06, 0x01, 0xfa, 0x8b, 0x0d, 0xc4, 0x43, 0x59,
    0xc0, 0x89, 0xc8, 0x83, 0xe8, 0x01, 0x0f, 0x42, 0xc6, 0x39, 0xca, 0x0f,
    0x42, 0xc2, 0x8b, 0x0d, 0x30, 0x2f, 0x59, 0xc0, 0x83, 0xf9, 0x02, 0x0f,
    0x95, 0xc6, 0x8a, 0x15, 0xd4, 0x43, 0x59, 0xc0, 0x08, 0xd6, 0xf6, 0xc6,
    0x01, 0x74, 0x4c, 0x89, 0xce, 0xf6, 0xc2, 0x01, 0x74, 0x06, 0x8b, 0x35,
    0xf0, 0x53, 0x59, 0xc0, 0x85, 0xc9, 0xb9, 0x02, 0x00, 0x00, 0x00, 0x0f,
    0x45, 0xce, 0xc6, 0x05, 0xd4, 0x43, 0x59, 0xc0, 0x01, 0x89, 0x0d, 0xf0,
    0x53, 0x59, 0xc0, 0xc7, 0x05, 0xf4, 0x53, 0x59, 0xc0, 0x01, 0x00, 0x00,
    0x00, 0xa3, 0xec, 0x53, 0x59, 0xc0, 0xc6, 0x05, 0xe8, 0x53, 0x59, 0xc0,
    0x00, 0xb8, 0x89, 0x01, 0x00, 0x00, 0xbb, 0x03, 0x00, 0x00, 0x00, 0x31,
    0xc9, 0x31, 0xd2, 0xcd, 0x80, 0xeb, 0x38, 0xa3, 0xe4, 0x43, 0x59, 0xc0,
    0xc7, 0x05, 0xe0, 0x43, 0x59, 0xc0, 0x00, 0x00, 0x00, 0x00, 0xc6, 0x05,
    0xd8, 0x43, 0x59, 0xc0, 0x00, 0x85, 0xdb, 0x74, 0x0c, 0x69, 0xc0, 0xe8,
    0x03, 0x00, 0x00, 0x31, 0xd2, 0xf7, 0xf3, 0x89, 0xc6, 0xb9, 0xab, 0xd3,
    0x58, 0xc0, 0x31, 0xd2, 0x6a, 0x01, 0x56, 0xe8, 0x38, 0xf4, 0xff, 0xff,
    0x83, 0xc4, 0x08, 0x5e, 0x5f, 0x5b, 0x5d, 0xc3, 0x55, 0x89, 0xe5, 0x53,
    0x83, 0x3d, 0x3c, 0x2f, 0x59, 0xc0, 0x00, 0x0f, 0x94, 0xc1, 0xa1, 0x30,
    0x2f, 0x59, 0xc0, 0x85, 0xc0, 0x0f, 0x94, 0xc2, 0x08, 0xca, 0x80, 0xfa,
    0x01, 0x75, 0x1a, 0x83, 0x3d, 0x44, 0x2f, 0x59, 0xc0, 0x00, 0x0f, 0x84,
    0xb2, 0x00, 0x00, 0x00, 0x8b, 0x0d, 0x70, 0x43, 0x59, 0xc0, 0x5b, 0x5d,
    0xe9, 0xfe, 0xf9, 0xff, 0xff, 0x80, 0x3d, 0xd4, 0x43, 0x59, 0xc0, 0x01,
    0x75, 0x17, 0x31, 0xc0, 0x83, 0x3d, 0xf0, 0x53, 0x59, 0xc0, 0x01, 0x0f,
    0x94, 0xc0, 0x40, 0xa3, 0xf0, 0x53, 0x59, 0xc0, 0xe9, 0x85, 0x00, 0x00,
    0x00, 0x83, 0xf8, 0x01, 0x75, 0x36, 0xb0, 0x01, 0xa2, 0xd4, 0x43, 0x59,
    0xc0, 0xc7, 0x05, 0xf0, 0x53, 0x59, 0xc0, 0x02, 0x00, 0x00, 0x00, 0x31,
    0xc9, 0x89, 0x0d, 0xf4, 0x53, 0x59, 0xc0, 0x89, 0x0d, 0xec, 0x53, 0x59,
    0xc0, 0xa2, 0xe8, 0x53, 0x59, 0xc0, 0xb8, 0x89, 0x01, 0x00, 0x00, 0xbb,
    0x03, 0x00, 0x00, 0x00, 0x31, 0xc9, 0x31, 0xd2, 0xcd, 0x80, 0xeb, 0x4a,
    0xc7, 0x05, 0x30, 0x2f, 0x59, 0xc0, 0x01, 0x00, 0x00, 0x00, 0xc7, 0x05,
    0xe0, 0x43, 0x59, 0xc0, 0x00, 0x00, 0x00, 0x00, 0x31, 0xc0, 0xa2, 0xd8,
    0x43, 0x59, 0xc0, 0xa2, 0xdc, 0x43, 0x59, 0xc0, 0x8b, 0x0d, 0xc8, 0x43,
    0x59, 0xc0, 0x85, 0xc9, 0x74, 0x0e, 0x69, 0x05, 0xe4, 0x43, 0x59, 0xc0,
    0xe8, 0x03, 0x00, 0x00, 0x31, 0xd2, 0xf7, 0xf1, 0xb9, 0xb5, 0xd1, 0x58,
    0xc0, 0x31, 0xd2, 0x6a, 0x01, 0x50, 0xe8, 0x55, 0xf3, 0xff, 0xff, 0x83,
    0xc4, 0x08, 0x5b, 0x5d, 0xc3, 0xcc, 0xcc, 0xcc, 0x55, 0x89, 0xe5, 0x53,
    0x57, 0x56, 0x83, 0xec, 0x1c, 0x8b, 0x7d, 0x10, 0x31, 0xd2, 0x4a, 0x83,
    0xff, 0x0c, 0x0f, 0x82, 0x90, 0x01, 0x00, 0x00, 0x8b, 0x75, 0x0c, 0x80,
    0x3e, 0x52, 0x0f, 0x85, 0x84, 0x01, 0x00, 0x00, 0x80, 0x7e, 0x01, 0x49,
    0x0f, 0x85, 0x7a, 0x01, 0x00, 0x00, 0x80, 0x7e, 0x02, 0x46, 0x0f, 0x85,
    0x70, 0x01, 0x00, 0x00, 0x80, 0x7e, 0x03, 0x46, 0x0f, 0x85, 0x66, 0x01,
    0x00, 0x00, 0x80, 0x7e, 0x08, 0x57, 0x0f, 0x85, 0x5c, 0x01, 0x00, 0x00,
    0x80, 0x7e, 0x09, 0x41, 0x0f, 0x85, 0x52, 0x01, 0x00, 0x00, 0x80, 0x7e,
    0x0a, 0x56, 0x0f, 0x85, 0x48, 0x01, 0x00, 0x00, 0x80, 0x7e, 0x0b, 0x45,
    0x0f, 0x85, 0x3e, 0x01, 0x00, 0x00, 0x8b, 0x45, 0x08, 0x31, 0xc9, 0x89,
    0x08, 0xc7, 0x45, 0xf0, 0x00, 0x00, 0x00, 0x00, 0x89, 0x48, 0x04, 0xbb,
    0x0c, 0x00, 0x00, 0x00, 0x89, 0xf9, 0x29, 0xd9, 0xb8, 0xfd, 0xff, 0xff,
    0xff, 0x83, 0xf9, 0x08, 0x0f, 0x82, 0x18, 0x01, 0x00, 0x00, 0x8b, 0x44,
    0x1e, 0x04, 0x89, 0x45, 0xe4, 0x8d, 0x4b, 0x08, 0x89, 0xf8, 0x89, 0x4d,
    0xec, 0x29, 0xc8, 0x89, 0x45, 0xe8, 0x0f, 0xb6, 0x04, 0x1e, 0x83, 0xf8,
    0x64, 0x0f, 0x84, 0xbd, 0x00, 0x00, 0x00, 0x83, 0xf8, 0x66, 0x8b, 0x4d,
    0xe4, 0x0f, 0x85, 0xc9, 0x00, 0x00, 0x00, 0x80, 0x7c, 0x1e, 0x01, 0x6d,
    0x0f, 0x85, 0xbe, 0x00, 0x00, 0x00, 0x80, 0x7c, 0x1e, 0x02, 0x74, 0x0f,
    0x85, 0xb3, 0x00, 0x00, 0x00, 0x80, 0x7c, 0x1e, 0x03, 0x20, 0x0f, 0x85,
    0xa8, 0x00, 0x00, 0x00, 0x83, 0x7d, 0xe8, 0x10, 0x0f, 0x82, 0xbe, 0x00,
    0x00, 0x00, 0x83, 0xf9, 0x10, 0x0f, 0x82, 0xb5, 0x00, 0x00, 0x00, 0x8b,
    0x4d, 0xec, 0x0f, 0xb7, 0x04, 0x0e, 0x89, 0x45, 0xf0, 0x0f, 0xb7, 0x5c,
    0x0e, 0x02, 0x8b, 0x45, 0x08, 0x89, 0x5d, 0xdc, 0x66, 0x89, 0x58, 0x0c,
    0x8b, 0x44, 0x0e, 0x04, 0x89, 0x45, 0xe0, 0x8b, 0x5d, 0x08, 0x89, 0x43,
    0x08, 0x0f, 0xb7, 0x44, 0x0e, 0x0e, 0x89, 0x45, 0xd8, 0x8b, 0x4d, 0x08,
    0x66, 0x89, 0x41, 0x0e, 0xb8, 0xfe, 0xff, 0xff, 0xff, 0x81, 0x7d, 0xf0,
    0xfe, 0xff, 0x00, 0x00, 0x74, 0x06, 0x83, 0x7d, 0xf0, 0x01, 0x75, 0x6e,
    0x8b, 0x4d, 0xd8, 0x83, 0xf9, 0x10, 0x74, 0x05, 0x83, 0xf9, 0x08, 0x75,
    0x61, 0x8b, 0x4d, 0xdc, 0x83, 0xc1, 0xfd, 0x66, 0x83, 0xf9, 0xfe, 0x8b,
    0x4d, 0xe4, 0x72, 0x52, 0x81, 0x45, 0xe0, 0xbb, 0x53, 0xff, 0xff, 0x31,
    0xdb, 0x43, 0x89, 0x5d, 0xf0, 0x81, 0x7d, 0xe0, 0x5b, 0x63, 0xff, 0xff,
    0x72, 0x3c, 0xeb, 0x18, 0x80, 0x7c, 0x1e, 0x01, 0x61, 0x8b, 0x4d, 0xe4,
    0x75, 0x0e, 0x80, 0x7c, 0x1e, 0x02, 0x74, 0x75, 0x07, 0x80, 0x7c, 0x1e,
    0x03, 0x61, 0x74, 0x2a, 0x3b, 0x4d, 0xe8, 0x77, 0x1b, 0x8b, 0x45, 0xec,
    0x01, 0xc8, 0x83, 0xe1, 0x01, 0x01, 0xc1, 0x89, 0xcb, 0xb8, 0xfd, 0xff,
    0xff, 0xff, 0x39, 0xf9, 0x0f, 0x86, 0xda, 0xfe, 0xff, 0xff, 0xeb, 0x02,
    0x89, 0xd0, 0x83, 0xc4, 0x1c, 0x5e, 0x5f, 0x5b, 0x5d, 0xc3, 0x89, 0xd0,
    0x83, 0x7d, 0xf0, 0x00, 0x74, 0xf0, 0x8b, 0x5d, 0xe8, 0x39, 0xd9, 0x0f,
    0x42, 0xd9, 0x03, 0x75, 0xec, 0x8b, 0x7d, 0x08, 0x89, 0x37, 0x0f, 0xb7,
    0x47, 0x0c, 0x0f, 0xb7, 0x4f, 0x0e, 0xc1, 0xe9, 0x03, 0x0f, 0xaf, 0xc8,
    0x89, 0xd8, 0x31, 0xd2, 0xf7, 0xf1, 0x89, 0x47, 0x04, 0x31, 0xc0, 0x39,
    0xd9, 0x0f, 0x96, 0xc0, 0x8d, 0x04, 0x40, 0x83, 0xc0, 0xfd, 0xeb, 0xba,
    0x55, 0x89, 0xe5, 0x53, 0x57, 0x56, 0x50, 0x8b, 0x4d, 0x0c, 0x8b, 0x45,
    0x08, 0x8b, 0x50, 0x04, 0x31, 0xc0, 0x29, 0xca, 0x76, 0x76, 0x8b, 0x75,
    0x14, 0x39, 0xd6, 0x0f, 0x42, 0xd6, 0x85, 0xd2, 0x74, 0x6a, 0x8b, 0x75,
    0x08, 0x0f, 0xb7, 0x46, 0x0c, 0x0f, 0xb7, 0x7e, 0x0e, 0xc1, 0xef, 0x03,
    0x0f, 0xaf, 0xf8, 0x89, 0x7d, 0xf0, 0x0f, 0xaf, 0xcf, 0x03, 0x0e, 0x31,
    0xdb, 0x66, 0x83, 0x7e, 0x0e, 0x08, 0x75, 0x16, 0x66, 0x83, 0x7e, 0x0c,
    0x02, 0x0f, 0xb6, 0x01, 0x75, 0x2e, 0x0f, 0xb6, 0x71, 0x01, 0x01, 0xc6,
    0xd1, 0xee, 0x89, 0xf0, 0xeb, 0x1f, 0x0f, 0xbf, 0x01, 0x66, 0x83, 0x7e,
    0x0c, 0x02, 0x89, 0xc6, 0x75, 0x04, 0x0f, 0xbf, 0x71, 0x02, 0x01, 0xc6,
    0x89, 0xf0, 0xc1, 0xe8, 0x1f, 0x01, 0xf0, 0xc1, 0xf8, 0x09, 0x83, 0xe8,
    0x80, 0x8b, 0x75, 0x08, 0x8b, 0x7d, 0x10, 0x88, 0x04, 0x1f, 0x43, 0x03,
    0x4d, 0xf0, 0x39, 0xda, 0x75, 0xb3, 0x89, 0xd0, 0x83, 0xc4, 0x04, 0x5e,
    0x5f, 0x5b, 0x5d, 0xc3, 0x55, 0x89, 0xe5, 0x31, 0xc0, 0x48, 0x8b, 0x4d,
    0x08, 0x80, 0x7c, 0x01, 0x01, 0x00, 0x8d, 0x40, 0x01, 0x75, 0xf6, 0x5d,
    0xc3, 0x55, 0x89, 0xe5, 0x8b, 0x4d, 0x0c, 0x8b, 0x55, 0x08, 0x8a, 0x02,
    0x84, 0xc0, 0x74, 0x14, 0x42, 0x3a, 0x01, 0x75, 0x0a, 0x41, 0x8a, 0x02,
    0x42, 0x84, 0xc0, 0x75, 0xf4, 0x31, 0xc0, 0x0f, 0xb6, 0xc0, 0xeb, 0x02,
    0x31, 0xc0, 0x0f, 0xb6, 0x09, 0x29, 0xc8, 0x5d, 0xc3, 0x55, 0x89, 0xe5,
    0x53, 0x57, 0x56, 0x8b, 0x4d, 0x10, 0x85, 0xc9, 0x74, 0x1c, 0x8b, 0x55,
    0x0c, 0x8b, 0x75, 0x08, 0x31, 0xff, 0x0f, 0xb6, 0x04, 0x3e, 0x8a, 0x1c,
    0x3a, 0x85, 0xc0, 0x74, 0x0d, 0x38, 0xd8, 0x75, 0x09, 0x47, 0x39, 0xf9,
    0x75, 0xec, 0x31, 0xc0, 0xeb, 0x05, 0x0f, 0xb6, 0xcb, 0x29, 0xc8, 0x5e,
    0x5f, 0x5b, 0x5d, 0xc3, 0x55, 0x89, 0xe5, 0x53, 0x31, 0xc9, 0x8b, 0x55,
    0x0c, 0x8b, 0x45, 0x08, 0x8a, 0x1c, 0x0a, 0x88, 0x1c, 0x08, 0x41, 0x84,
    0xdb, 0x75, 0xf5, 0x5b, 0x5d, 0xc3, 0x55, 0x89, 0xe5, 0x53, 0x56, 0x8b,
    0x4d, 0x10, 0x8b, 0x45, 0x08, 0x85, 0xc9, 0x74, 0x16, 0x8b, 0x75, 0x0c,
    0x31, 0xd2, 0x8a, 0x1c, 0x16, 0x84, 0xdb, 0x74, 0x0c, 0x88, 0x1c, 0x10,
    0x42, 0x39, 0xd1, 0x75, 0xf1, 0xeb, 0x0f, 0x31, 0xd2, 0x39, 0xca, 0x73,
    0x09, 0xc6, 0x04, 0x10, 0x00, 0x42, 0x39, 0xd1, 0x75, 0xf7, 0x5e, 0x5b,
    0x5d, 0xc3, 0x55, 0x89, 0xe5, 0x8b, 0x45, 0x08, 0x0f, 0xbe, 0x4d, 0x0c,
    0x0f, 0xbe, 0x10, 0x39, 0xd1, 0x74, 0x0d, 0x84, 0xd2, 0x74, 0x07, 0x0f,
    0xbe, 0x50, 0x01, 0x40, 0xeb, 0xf1, 0x31, 0xc0, 0x5d, 0xc3, 0x55, 0x89,
    0xe5, 0x56, 0x8b, 0x4d, 0x08, 0x0f, 0xbe, 0x55, 0x0c, 0x31, 0xc0, 0x0f,
    0xbe, 0x31, 0x39, 0xf2, 0x0f, 0x44, 0xc1, 0x41, 0x85, 0xf6, 0x75, 0xf3,
    0x5e, 0x5d, 0xc3, 0x55, 0x89, 0xe5, 0x56, 0x8b, 0x4d, 0x0c, 0x8b, 0x45,
    0x08, 0x80, 0x39, 0x00, 0x74, 0x27, 0x8a, 0x10, 0x84, 0xd2, 0x74, 0x1f,
    0x31, 0xf6, 0x8a, 0x34, 0x31, 0x38, 0xf2, 0x75, 0x0c, 0x8a, 0x54, 0x30,
    0x01, 0x46, 0x84, 0xd2, 0x75, 0xf0, 0x8a, 0x34, 0x31, 0x84, 0xf6, 0x74,
    0x08, 0x8a, 0x50, 0x01, 0x40, 0xeb, 0xdd, 0x31, 0xc0, 0x5e, 0x5d, 0xc3,
    0x55, 0x89, 0xe5, 0x53, 0x56, 0x8b, 0x4d, 0x10, 0x8b, 0x45, 0x08, 0x85,
    0xc9, 0x74, 0x10, 0x8b, 0x55, 0x0c, 0x31, 0xf6, 0x8a, 0x1c, 0x32, 0x88,
    0x1c, 0x30, 0x46, 0x39, 0xf1, 0x75, 0xf5, 0x5e, 0x5b, 0x5d, 0xc3, 0x55,
    0x89, 0xe5, 0x53, 0x56, 0x8b, 0x55, 0x10, 0x8b, 0x4d, 0x0c, 0x8b, 0x45,
    0x08, 0x39, 0xc8, 0x0f, 0x94, 0xc3, 0x85, 0xd2, 0x0f, 0x94, 0xc7, 0x08,
    0xdf, 0x75, 0x22, 0x39, 0xc8, 0x73, 0x0f, 0x31, 0xf6, 0x8a, 0x1c, 0x31,
    0x88, 0x1c, 0x30, 0x46, 0x39, 0xf2, 0x75, 0xf5, 0xeb, 0x0f, 0x89, 0xd6,
    0x4e, 0x8a, 0x5c, 0x11, 0xff, 0x88, 0x5c, 0x10, 0xff, 0x89, 0xf2, 0x75,
    0xf3, 0x5e, 0x5b, 0x5d, 0xc3, 0x55, 0x89, 0xe5, 0x56, 0x8b, 0x4d, 0x10,
    0x8b, 0x45, 0x08, 0x85, 0xc9, 0x74, 0x0d, 0x8b, 0x55, 0x0c, 0x31, 0xf6,
    0x88, 0x14, 0x30, 0x46, 0x39, 0xf1, 0x75, 0xf8, 0x5e, 0x5d, 0xc3, 0x55,
    0x89, 0xe5, 0x53, 0x57, 0x56, 0x8b, 0x4d, 0x10, 0x85, 0xc9, 0x74, 0x19,
    0x8b, 0x55, 0x0c, 0x8b, 0x75, 0x08, 0x31, 0xff, 0x0f, 0xb6, 0x04, 0x3e,
    0x0f, 0xb6, 0x1c, 0x3a, 0x38, 0xd8, 0x75, 0x09, 0x47, 0x39, 0xf9, 0x75,
    0xef, 0x31, 0xc0, 0xeb, 0x02, 0x29, 0xd8, 0x5e, 0x5f, 0x5b, 0x5d, 0xc3,
    0x55, 0x89, 0xe5, 0x6a, 0x0a, 0x6a, 0x00, 0xff, 0x75, 0x08, 0xe8, 0x05,
    0x00, 0x00, 0x00, 0x83, 0xc4, 0x0c, 0x5d, 0xc3, 0x55, 0x89, 0xe5, 0x53,
    0x57, 0x56, 0x50, 0x8b, 0x55, 0x10, 0x8b, 0x4d, 0x08, 0x8a, 0x19, 0x0f,
    0xb6, 0xc3, 0x8d, 0x70, 0xf7, 0x83, 0xfe, 0x05, 0x73, 0x03, 0x41, 0xeb,
    0xf0, 0x83, 0xf8, 0x20, 0x74, 0xf8, 0x83, 0xf8, 0x2b, 0x74, 0x05, 0x83,
    0xf8, 0x2d, 0x75, 0x0a, 0x80, 0xfb, 0x2d, 0x0f, 0x95, 0x45, 0xf3, 0x41,
    0xeb, 0x04, 0xc6, 0x45, 0xf3, 0x01, 0x83, 0xfa, 0x10, 0x74, 0x26, 0x85,
    0xd2, 0x75, 0x4c, 0x8a, 0x39, 0xba, 0x0a, 0x00, 0x00, 0x00, 0x80, 0xff,
    0x30, 0x75, 0x36, 0x0f, 0xb6, 0x41, 0x01, 0x83, 0xc8, 0x20, 0x83, 0xf8,
    0x78, 0x75, 0x25, 0x83, 0xc1, 0x02, 0xba, 0x10, 0x00, 0x00, 0x00, 0xeb,
    0x2a, 0xba, 0x10, 0x00, 0x00, 0x00, 0x80, 0x39, 0x30, 0x75, 0x20, 0x0f,
    0xb6, 0x41, 0x01, 0x83, 0xc8, 0x20, 0x83, 0xf8, 0x78, 0x75, 0x14, 0x83,
    0xc1, 0x02, 0xeb, 0x0f, 0xba, 0x08, 0x00, 0x00, 0x00, 0x31, 0xc0, 0x80,
    0xff, 0x30, 0x0f, 0x94, 0xc0, 0x01, 0xc1, 0x31, 0xf6, 0x0f, 0xb6, 0x01,
    0x8d, 0x78, 0xd0, 0x83, 0xff, 0x0a, 0x72, 0x1c, 0x89, 0xc7, 0x83, 0xe7,
    0xdf, 0x83, 0xc7, 0xa5, 0x83, 0xff, 0xe6, 0x72, 0x1b, 0x8d, 0x58, 0xa5,
    0x8d, 0x78, 0x20, 0x83, 0xfb, 0xe6, 0x0f, 0x42, 0xf8, 0x83, 0xc7, 0xa9,
    0x39, 0xd7, 0x7d, 0x08, 0x0f, 0xaf, 0xf2, 0x01, 0xfe, 0x41, 0xeb, 0xcd,
    0x8b, 0x45, 0x0c, 0x85, 0xc0, 0x74, 0x02, 0x89, 0x08, 0x89, 0xf0, 0xf7,
    0xd8, 0x80, 0x7d, 0xf3, 0x00, 0x0f, 0x45, 0xc6, 0x83, 0xc4, 0x04, 0x5e,
    0x5f, 0x5b, 0x5d, 0xc3, 0x55, 0x89, 0xe5, 0x8b, 0x4d, 0x08, 0x89, 0xc8,
    0xf7, 0xd8, 0x0f, 0x48, 0xc1, 0x5d, 0xc3, 0x55, 0x89, 0xe5, 0x53, 0x8b,
    0x5d, 0x08, 0x31, 0xc0, 0x40, 0x31, 0xc9, 0x31, 0xd2, 0xcd, 0x80, 0xeb,
    0xfe, 0x55, 0x89, 0xe5, 0x53, 0x57, 0x56, 0x83, 0xec, 0x10, 0x8b, 0x7d,
    0x08, 0x85, 0xff, 0x0f, 0x84, 0xc1, 0x01, 0x00, 0x00, 0x83, 0xc7, 0x07,
    0x83, 0xe7, 0xf8, 0x8d, 0x8f, 0x07, 0x00, 0x01, 0x00, 0x81, 0xe1, 0x00,
    0x00, 0xff, 0xff, 0x89, 0x4d, 0xe8, 0x8d, 0x41, 0xf8, 0x89, 0x45, 0xe4,
    0x8b, 0x15, 0x1c, 0x54, 0x59, 0xc0, 0xb0, 0x01, 0x8b, 0x1d, 0x20, 0x54,
    0x59, 0xc0, 0x89, 0x45, 0xec, 0x89, 0x55, 0xf0, 0x85, 0xd2, 0x74, 0x29,
    0x39, 0x5d, 0xf0, 0x73, 0x24, 0x8b, 0x75, 0xf0, 0x83, 0x7e, 0x04, 0x00,
    0x0f, 0x94, 0xc0, 0x8b, 0x16, 0x89, 0xd1, 0x29, 0xf9, 0x0f, 0x92, 0xc4,
    0x08, 0xc4, 0x0f, 0x84, 0x4a, 0x01, 0x00, 0x00, 0x01, 0xd6, 0x83, 0xc6,
    0x08, 0x39, 0xde, 0x72, 0xdf, 0x31, 0xf6, 0x80, 0x3d, 0x24, 0x54, 0x59,
    0xc0, 0x00, 0x0f, 0x85, 0x58, 0x01, 0x00, 0x00, 0x83, 0x7d, 0xf0, 0x00,
    0x75, 0x65, 0xb8, 0x8d, 0x01, 0x00, 0x00, 0x31, 0xdb, 0x31, 0xc9, 0x31,
    0xd2, 0xcd, 0x80, 0x89, 0xc3, 0x05, 0xff, 0x0f, 0x00, 0x00, 0x3d, 0x00,
    0x10, 0x00, 0x00, 0x73, 0x3e, 0xc7, 0x05, 0x1c, 0x54, 0x59, 0xc0, 0x25,
    0x54, 0x59, 0xc0, 0xba, 0x25, 0x54, 0x59, 0xc0, 0xc7, 0x05, 0x20, 0x54,
    0x59, 0xc0, 0x25, 0x94, 0x59, 0xc0, 0xc6, 0x05, 0x24, 0x54, 0x59, 0xc0,
    0x01, 0xc7, 0x05, 0x25, 0x54, 0x59, 0xc0, 0xf8, 0x3f, 0x00, 0x00, 0xc7,
    0x05, 0x29, 0x54, 0x59, 0xc0, 0x01, 0x00, 0x00, 0x00, 0xbb, 0x25, 0x94,
    0x59, 0xc0, 0xe9, 0xbf, 0x00, 0x00, 0x00, 0x89, 0x1d, 0x20, 0x54, 0x59,
    0xc0, 0x89, 0x1d, 0x1c, 0x54, 0x59, 0xc0, 0x03, 0x5d, 0xe8, 0xb8, 0x8d,
    0x01, 0x00, 0x00, 0x31, 0xc9, 0x31, 0xd2, 0xcd, 0x80, 0x89, 0xc3, 0x05,
    0xff, 0x0f, 0x00, 0x00, 0x8b, 0x0d, 0x20, 0x54, 0x59, 0xc0, 0x3d, 0x00,
    0x10, 0x00, 0x00, 0x72, 0x09, 0x8b, 0x45, 0xe8, 0x01, 0xc8, 0x39, 0xd8,
    0x74, 0x4a, 0x39, 0x0d, 0x1c, 0x54, 0x59, 0xc0, 0x8b, 0x45, 0xec, 0x0f,
    0x85, 0xb3, 0x00, 0x00, 0x00, 0xc7, 0x05, 0x1c, 0x54, 0x59, 0xc0, 0x25,
    0x54, 0x59, 0xc0, 0xba, 0x25, 0x54, 0x59, 0xc0, 0xc7, 0x05, 0x20, 0x54,
    0x59, 0xc0, 0x25, 0x94, 0x59, 0xc0, 0xc6, 0x05, 0x24, 0x54, 0x59, 0xc0,
    0x01, 0xc7, 0x05, 0x25, 0x54, 0x59, 0xc0, 0xf8, 0x3f, 0x00, 0x00, 0xc7,
    0x05, 0x29, 0x54, 0x59, 0xc0, 0x01, 0x00, 0x00, 0x00, 0xbb, 0x25, 0x94,
    0x59, 0xc0, 0xeb, 0x41, 0x8b, 0x55, 0xe4, 0x89, 0x11, 0xc7, 0x41, 0x04,
    0x01, 0x00, 0x00, 0x00, 0xa3, 0x20, 0x54, 0x59, 0xc0, 0x8b, 0x15, 0x1c,
    0x54, 0x59, 0xc0, 0x39, 0xca, 0x73, 0x23, 0x89, 0x55, 0xf0, 0x89, 0xd0,
    0x8b, 0x32, 0x01, 0xf2, 0x83, 0xc2, 0x08, 0x39, 0xca, 0x72, 0xf3, 0x83,
    0x78, 0x04, 0x00, 0x74, 0x05, 0x03, 0x75, 0xe8, 0x89, 0x30, 0x8b, 0x45,
    0xec, 0x8b, 0x55, 0xf0, 0xeb, 0x03, 0x8b, 0x45, 0xec, 0x31, 0xf6, 0xa8,
    0x01, 0xb8, 0x00, 0x00, 0x00, 0x00, 0x0f, 0x85, 0x8e, 0xfe, 0xff, 0xff,
    0xeb, 0x26, 0x8d, 0x47, 0x10, 0x39, 0xc2, 0x72, 0x11, 0x83, 0xc1, 0xf8,
    0x89, 0x4c, 0x3e, 0x08, 0xc7, 0x44, 0x3e, 0x0c, 0x01, 0x00, 0x00, 0x00,
    0x89, 0x3e, 0xc7, 0x46, 0x04, 0x00, 0x00, 0x00, 0x00, 0x83, 0xc6, 0x08,
    0xeb, 0x02, 0x31, 0xf6, 0x89, 0xf0, 0x83, 0xc4, 0x10, 0x5e, 0x5f, 0x5b,
    0x5d, 0xc3, 0x55, 0x89, 0xe5, 0x57, 0x56, 0x8b, 0x7d, 0x0c, 0x0f, 0xaf,
    0x7d, 0x08, 0x57, 0xe8, 0x0d, 0xfe, 0xff, 0xff, 0x83, 0xc4, 0x04, 0x89,
    0xc6, 0x85, 0xc0, 0x74, 0x0c, 0x57, 0x6a, 0x00, 0x56, 0xe8, 0x97, 0xfc,
    0xff, 0xff, 0x83, 0xc4, 0x0c, 0x89, 0xf0, 0x5e, 0x5f, 0x5d, 0xc3, 0x55,
    0x89, 0xe5, 0x57, 0x56, 0x8b, 0x45, 0x08, 0x85, 0xc0, 0x74, 0x32, 0xc7,
    0x40, 0xfc, 0x01, 0x00, 0x00, 0x00, 0x8b, 0x48, 0xf8, 0x8b, 0x15, 0x20,
    0x54, 0x59, 0xc0, 0x8d, 0x34, 0x08, 0x39, 0xd6, 0x73, 0x1b, 0x83, 0x7e,
    0x04, 0x00, 0x74, 0x15, 0x8b, 0x36, 0x8d, 0x3c, 0x0e, 0x01, 0xf1, 0x83,
    0xc1, 0x08, 0x89, 0x48, 0xf8, 0x8d, 0x34, 0x38, 0x83, 0xc6, 0x08, 0xeb,
    0xe1, 0x5e, 0x5f, 0x5d, 0xc3, 0x55, 0x89, 0xe5, 0x53, 0x57, 0x56, 0x8b,
    0x45, 0x0c, 0x8b, 0x75, 0x08, 0x85, 0xf6, 0x74, 0x5b, 0x85, 0xc0, 0x74,
    0x62, 0x39, 0x46, 0xf8, 0x0f, 0x83, 0x91, 0x00, 0x00, 0x00, 0x50, 0xe8,
    0x8d, 0xfd, 0xff, 0xff, 0x83, 0xc4, 0x04, 0x85, 0xc0, 0x74, 0x7e, 0x89,
    0xc7, 0xff, 0x76, 0xf8, 0x56, 0x50, 0xe8, 0xb1, 0xfb, 0xff, 0xff, 0x83,
    0xc4, 0x0c, 0xc7, 0x46, 0xfc, 0x01, 0x00, 0x00, 0x00, 0x8b, 0x46, 0xf8,
    0x8b, 0x0d, 0x20, 0x54, 0x59, 0xc0, 0x8d, 0x14, 0x06, 0x39, 0xca, 0x73,
    0x5c, 0x83, 0x7a, 0x04, 0x00, 0x74, 0x56, 0x8b, 0x12, 0x8d, 0x1c, 0x10,
    0x01, 0xd0, 0x83, 0xc0, 0x08, 0x89, 0x46, 0xf8, 0x8d, 0x14, 0x1e, 0x83,
    0xc2, 0x08, 0xeb, 0xe1, 0x50, 0xe8, 0x3f, 0xfd, 0xff, 0xff, 0x83, 0xc4,
    0x04, 0xeb, 0x3a, 0xc7, 0x46, 0xfc, 0x01, 0x00, 0x00, 0x00, 0x8b, 0x46,
    0xf8, 0x8b, 0x0d, 0x20, 0x54, 0x59, 0xc0, 0x8d, 0x14, 0x06, 0x39, 0xca,
    0x73, 0x1b, 0x83, 0x7a, 0x04, 0x00, 0x74, 0x15, 0x8b, 0x12, 0x8d, 0x3c,
    0x10, 0x01, 0xd0, 0x83, 0xc0, 0x08, 0x89, 0x46, 0xf8, 0x8d, 0x14, 0x3e,
    0x83, 0xc2, 0x08, 0xeb, 0xe1, 0x31, 0xf6, 0xeb, 0x02, 0x89, 0xfe, 0x89,
    0xf0, 0x5e, 0x5f, 0x5b, 0x5d, 0xc3, 0xcc, 0xcc, 0x55, 0x89, 0xe5, 0x83,
    0x7d, 0x08, 0x02, 0xb9, 0x42, 0x00, 0x00, 0x00, 0xb8, 0x10, 0x00, 0x00,
    0x00, 0x0f, 0x44, 0xc1, 0x5d, 0xc3, 0x55, 0x89, 0xe5, 0x83, 0x7d, 0x08,
    0x02, 0xb9, 0x34, 0x00, 0x00, 0x00, 0xb8, 0x0d, 0x00, 0x00, 0x00, 0x0f,
    0x44, 0xc1, 0x5d, 0xc3, 0x55, 0x89, 0xe5, 0x53, 0x57, 0x56, 0x50, 0x8b,
    0x4d, 0x0c, 0x8b, 0x55, 0x08, 0x31, 0xc0, 0x83, 0xfa, 0x01, 0x74, 0x11,
    0x83, 0xfa, 0x02, 0x75, 0x13, 0xb2, 0x01, 0x89, 0x55, 0xf0, 0xbe, 0x8c,
    0x0d, 0x59, 0xc0, 0xeb, 0x13, 0xbe, 0x8c, 0x0a, 0x59, 0xc0, 0xeb, 0x05,
    0xbe, 0xf4, 0x0d, 0x59, 0xc0, 0xc7, 0x45, 0xf0, 0x00, 0x00, 0x00, 0x00,
    0x8a, 0x11, 0x84, 0xd2, 0x74, 0x61, 0x41, 0x31, 0xc0, 0x80, 0x7d, 0xf0,
    0x00, 0x74, 0x12, 0x88, 0xd6, 0x80, 0xc6, 0xd0, 0x80, 0xfe, 0x09, 0x77,
    0x37, 0x0f, 0xb6, 0xda, 0x83, 0xc3, 0xd0, 0xeb, 0x1f, 0x88, 0xd6, 0x80,
    0xc6, 0xe0, 0x0f, 0xb6, 0xfa, 0x83, 0xc7, 0xe0, 0x31, 0xdb, 0x80, 0xfa,
    0xb0, 0x0f, 0x94, 0xc3, 0xc1, 0xe3, 0x06, 0x83, 0xcb, 0x1f, 0x80, 0xfe,
    0x5f, 0x0f, 0x42, 0xdf, 0x0f, 0xb6, 0x54, 0xde, 0x06, 0x01, 0xd0, 0x8a,
    0x11, 0x41, 0x84, 0xd2, 0x75, 0xbb, 0xeb, 0x17, 0xbb, 0x0a, 0x00, 0x00,
    0x00, 0x80, 0xfa, 0x2d, 0x74, 0xe6, 0x31, 0xdb, 0x80, 0xfa, 0xb0, 0x0f,
    0x95, 0xc3, 0x83, 0xc3, 0x0b, 0xeb, 0xd9, 0x83, 0xc4, 0x04, 0x5e, 0x5f,
    0x5b, 0x5d, 0xc3, 0x55, 0x89, 0xe5, 0x53, 0x57, 0x56, 0x83, 0xec, 0x70,
    0xc7, 0x45, 0xec, 0x0d, 0x00, 0x00, 0x00, 0x8b, 0x4d, 0x1c, 0x8b, 0x45,
    0x0c, 0x83, 0xf8, 0x01, 0x74, 0x1a, 0x83, 0xf8, 0x02, 0x75, 0x1e, 0xb0,
    0x01, 0x89, 0x45, 0xe8, 0xc7, 0x45, 0xec, 0x34, 0x00, 0x00, 0x00, 0xc7,
    0x45, 0xf0, 0x8c, 0x0d, 0x59, 0xc0, 0xeb, 0x17, 0xc7, 0x45, 0xf0, 0x8c,
    0x0a, 0x59, 0xc0, 0xeb, 0x07, 0xc7, 0x45, 0xf0, 0xf4, 0x0d, 0x59, 0xc0,
    0xc7, 0x45, 0xe8, 0x00, 0x00, 0x00, 0x00, 0x8b, 0x45, 0x10, 0x89, 0x45,
    0xe4, 0x8a, 0x01, 0x84, 0xc0, 0x0f, 0x84, 0x7f, 0x02, 0x00, 0x00, 0x8b,
    0x75, 0x18, 0x8b, 0x7d, 0x08, 0x89, 0xf2, 0xc1, 0xea, 0x10, 0xbb, 0xff,
    0x00, 0x00, 0x00, 0x21, 0xda, 0x89, 0x55, 0xb0, 0x89, 0xf2, 0xc1, 0xea,
    0x08, 0x21, 0xda, 0x89, 0x55, 0xb4, 0x8b, 0x55, 0xec, 0x03, 0x55, 0x14,
    0x89, 0x55, 0xec, 0x21, 0xde, 0x89, 0x75, 0xac, 0x8b, 0x17, 0x89, 0x55,
    0xa0, 0x8b, 0x57, 0x04, 0x89, 0x55, 0xa4, 0x89, 0x4d, 0xc4, 0x80, 0x7d,
    0xe8, 0x00, 0x74, 0x16, 0x89, 0xc1, 0x80, 0xc1, 0xd0, 0x80, 0xf9, 0x09,
    0x0f, 0x87, 0x14, 0x02, 0x00, 0x00, 0x0f, 0xb6, 0xc8, 0x83, 0xc1, 0xd0,
    0xeb, 0x20, 0x89, 0xc2, 0x80, 0xc2, 0xe0, 0x0f, 0xb6, 0xc8, 0x83, 0xc1,
    0xe0, 0x31, 0xdb, 0x3c, 0xb0, 0x0f, 0x94, 0xc3, 0xc1, 0xe3, 0x06, 0x83,
    0xcb, 0x1f, 0x80, 0xfa, 0x5f, 0x0f, 0x42, 0xd9, 0x89, 0xd9, 0x8b, 0x45,
    0xf0, 0x89, 0x4d, 0xe0, 0x0f, 0xb6, 0x44, 0xc8, 0x03, 0x89, 0x45, 0xb8,
    0x85, 0xc0, 0x0f, 0x84, 0xb7, 0x01, 0x00, 0x00, 0x8b, 0x45, 0xf0, 0x8b,
    0x4d, 0xe0, 0x0f, 0xb7, 0x14, 0xc8, 0x89, 0x55, 0x88, 0x0f, 0xbe, 0x74,
    0xc8, 0x05, 0x03, 0x75, 0xec, 0x0f, 0xb6, 0x44, 0xc8, 0x02, 0x89, 0x75,
    0xc0, 0x8d, 0x0c, 0xb5, 0x00, 0x00, 0x00, 0x00, 0x89, 0x4d, 0xcc, 0x8d,
    0x0c, 0x85, 0x00, 0x00, 0x00, 0x00, 0x89, 0x4d, 0xbc, 0xc7, 0x45, 0xd4,
    0x00, 0x00, 0x00, 0x00, 0xc7, 0x45, 0xd8, 0x00, 0x00, 0x00, 0x00, 0xc7,
    0x45, 0xdc, 0x00, 0x00, 0x00, 0x00, 0x89, 0x45, 0xd0, 0x85, 0xc0, 0x0f,
    0x84, 0x43, 0x01, 0x00, 0x00, 0x8b, 0x45, 0xc0, 0x8b, 0x4d, 0xdc, 0x8d,
    0x3c, 0x01, 0x8b, 0x45, 0xf0, 0x8b, 0x4d, 0xe0, 0x0f, 0xbe, 0x74, 0xc8,
    0x04, 0x03, 0x75, 0xe4, 0x8b, 0x5d, 0xd4, 0x8b, 0x4d, 0xd8, 0x8b, 0x45,
    0xd0, 0x89, 0x7d, 0xa8, 0x89, 0x45, 0xc8, 0x89, 0xd8, 0xd1, 0xe8, 0x89,
    0xf2, 0x89, 0xfe, 0x8b, 0x7d, 0x88, 0x0f, 0xb6, 0x84, 0x07, 0xee, 0xd3,
    0x58, 0xc0, 0x89, 0xf7, 0x89, 0xd6, 0x8b, 0x55, 0xc8, 0x89, 0x4d, 0x84,
    0xf6, 0xd1, 0x80, 0xe1, 0x04, 0xd3, 0xe8, 0x83, 0xe0, 0x0f, 0x0f, 0x84,
    0xdf, 0x00, 0x00, 0x00, 0x85, 0xf6, 0x0f, 0x88, 0xd7, 0x00, 0x00, 0x00,
    0x85, 0xff, 0x0f, 0x88, 0xcf, 0x00, 0x00, 0x00, 0x3b, 0x75, 0xa0, 0x0f,
    0x8d, 0xc6, 0x00, 0x00, 0x00, 0x3b, 0x7d, 0xa4, 0x0f, 0x8d, 0xbd, 0x00,
    0x00, 0x00, 0x89, 0x5d, 0x8c, 0xbf, 0xff, 0x00, 0x00, 0x00, 0x83, 0xf8,
    0x0d, 0x77, 0x11, 0x89, 0xc1, 0xc1, 0xe1, 0x07, 0x8d, 0x04, 0xc1, 0x69,
    0xf8, 0x93, 0x24, 0x00, 0x00, 0xc1, 0xef, 0x10, 0x8b, 0x45, 0x08, 0x8b,
    0x08, 0x0f, 0xaf, 0x4d, 0xcc, 0x03, 0x48, 0x0c, 0x89, 0x4d, 0x90, 0x8b,
    0x0c, 0xb1, 0x89, 0xfa, 0x0f, 0xaf, 0x55, 0xb0, 0x89, 0xc8, 0xc1, 0xe8,
    0x10, 0xbb, 0xff, 0x00, 0x00, 0x00, 0x21, 0xd8, 0x89, 0xfb, 0x89, 0x7d,
    0x94, 0xbf, 0xff, 0x00, 0x00, 0x00, 0x29, 0xdf, 0x89, 0x7d, 0x9c, 0x0f,
    0xaf, 0xc7, 0x01, 0xd0, 0x89, 0xda, 0x0f, 0xaf, 0x55, 0xb4, 0x89, 0xcb,
    0xc1, 0xeb, 0x08, 0xbf, 0xff, 0x00, 0x00, 0x00, 0x21, 0xfb, 0x8b, 0x7d,
    0x9c, 0x0f, 0xaf, 0xdf, 0x01, 0xd3, 0xba, 0xff, 0x00, 0x00, 0x00, 0x21,
    0xd1, 0xba, 0x02, 0x01, 0x01, 0x01, 0xf7, 0xe2, 0x89, 0x55, 0x98, 0x89,
    0xd8, 0xba, 0x02, 0x01, 0x01, 0x01, 0xf7, 0xe2, 0x89, 0xd3, 0x0f, 0xaf,
    0xcf, 0x8b, 0x45, 0x94, 0x0f, 0xaf, 0x45, 0xac, 0x01, 0xc1, 0x89, 0xc8,
    0xb9, 0x02, 0x01, 0x01, 0x01, 0xf7, 0xe1, 0xc1, 0xe3, 0x08, 0x09, 0xd3,
    0x8b, 0x45, 0x98, 0xc1, 0xe0, 0x10, 0x09, 0xc3, 0x8b, 0x45, 0x90, 0x89,
    0x1c, 0xb0, 0x8b, 0x7d, 0xa8, 0x8b, 0x5d, 0x8c, 0x8b, 0x55, 0xc8, 0x46,
    0x8b, 0x4d, 0x84, 0x83, 0xc1, 0x04, 0x43, 0x4a, 0x89, 0xd0, 0x0f, 0x85,
    0xe0, 0xfe, 0xff, 0xff, 0x8b, 0x4d, 0xdc, 0x41, 0x83, 0x45, 0xcc, 0x04,
    0x8b, 0x45, 0xd8, 0x03, 0x45, 0xbc, 0x89, 0x45, 0xd8, 0x8b, 0x45, 0xd0,
    0x01, 0x45, 0xd4, 0x89, 0x4d, 0xdc, 0x3b, 0x4d, 0xb8, 0x0f, 0x85, 0x92,
    0xfe, 0xff, 0xff, 0x8b, 0x45, 0xf0, 0x8b, 0x4d, 0xe0, 0x0f, 0xb6, 0x44,
    0xc8, 0x06, 0x01, 0x45, 0xe4, 0x8b, 0x4d, 0xc4, 0x8a, 0x41, 0x01, 0x41,
    0x84, 0xc0, 0x0f, 0x85, 0xd7, 0xfd, 0xff, 0xff, 0xeb, 0x1c, 0xb9, 0x0a,
    0x00, 0x00, 0x00, 0x3c, 0x2d, 0x0f, 0x84, 0x07, 0xfe, 0xff, 0xff, 0x31,
    0xc9, 0x3c, 0xb0, 0x0f, 0x95, 0xc1, 0x83, 0xc1, 0x0b, 0xe9, 0xf8, 0xfd,
    0xff, 0xff, 0x8b, 0x45, 0xe4, 0x83, 0xc4, 0x70, 0x5e, 0x5f, 0x5b, 0x5d,
    0xc3, 0xcc, 0xcc, 0xcc, 0x55, 0x89, 0xe5, 0x8b, 0x45, 0x08, 0xc6, 0x80,
    0x08, 0x18, 0x00, 0x00, 0x00, 0x5d, 0xc3, 0x55, 0x89, 0xe5, 0x53, 0x57,
    0x56, 0x81, 0xec, 0xe0, 0x40, 0x00, 0x00, 0x8b, 0x5d, 0x10, 0x8b, 0x45,
    0x08, 0x83, 0xfb, 0x04, 0x0f, 0x8e, 0x49, 0x02, 0x00, 0x00, 0x8b, 0x7d,
    0x0c, 0x8d, 0x88, 0x08, 0x18, 0x00, 0x00, 0x89, 0x4d, 0xc8, 0x80, 0xb8,
    0x08, 0x18, 0x00, 0x00, 0xff, 0x0f, 0x84, 0x69, 0x02, 0x00, 0x00, 0x68,
    0x0c, 0x1a, 0x00, 0x00, 0x6a, 0x00, 0xff, 0x75, 0x08, 0xe8, 0x87, 0xf7,
    0xff, 0xff, 0x83, 0xc4, 0x0c, 0x8b, 0x45, 0x10, 0x83, 0xc0, 0xfc, 0x89,
    0x45, 0xec, 0x31, 0xdb, 0x89, 0xfe, 0xbf, 0x08, 0x00, 0x00, 0x00, 0x89,
    0xf1, 0xe8, 0x63, 0x2a, 0x00, 0x00, 0x85, 0xc0, 0x0f, 0x84, 0xe4, 0x01,
    0x00, 0x00, 0x8b, 0x45, 0x08, 0x8b, 0x90, 0x04, 0x18, 0x00, 0x00, 0x89,
    0xf1, 0xe8, 0x64, 0x23, 0x00, 0x00, 0x89, 0xc1, 0x31, 0xc0, 0xf6, 0x46,
    0x02, 0x02, 0x74, 0x14, 0x8a, 0x46, 0x01, 0xf6, 0xd0, 0x89, 0xca, 0x31,
    0xc9, 0xa8, 0x06, 0x0f, 0x94, 0xc1, 0x8d, 0x04, 0x49, 0x40, 0x89, 0xd1,
    0x89, 0x5d, 0xd0, 0x01, 0xc8, 0x89, 0x45, 0xe0, 0x85, 0xc9, 0x89, 0x75,
    0xf0, 0x89, 0x7d, 0xd8, 0x0f, 0x84, 0x9b, 0x00, 0x00, 0x00, 0x31, 0xc0,
    0x84, 0xc0, 0x8b, 0x7d, 0x0c, 0x0f, 0x85, 0x3d, 0x01, 0x00, 0x00, 0x8b,
    0x5d, 0xd0, 0x8b, 0x45, 0xe0, 0x8d, 0x14, 0x18, 0x8b, 0x45, 0x10, 0x39,
    0xc2, 0x0f, 0x8f, 0x2e, 0x01, 0x00, 0x00, 0x89, 0x55, 0xd4, 0x89, 0x4d,
    0xdc, 0x29, 0xd8, 0x89, 0x45, 0xcc, 0x31, 0xc0, 0x31, 0xdb, 0x89, 0x45,
    0xe4, 0x8b, 0x75, 0xf0, 0x8d, 0x0c, 0x1e, 0x89, 0x4d, 0xe8, 0x8b, 0x55,
    0xdc, 0xe8, 0xec, 0x22, 0x00, 0x00, 0x89, 0xc7, 0xf6, 0x44, 0x1e, 0x02,
    0x02, 0xb8, 0x00, 0x00, 0x00, 0x00, 0x74, 0x13, 0x8b, 0x45, 0xe8, 0x8a,
    0x40, 0x01, 0xf6, 0xd0, 0x31, 0xc9, 0xa8, 0x06, 0x0f, 0x94, 0xc1, 0x8d,
    0x04, 0x49, 0x40, 0x01, 0xdf, 0x8d, 0x0c, 0x38, 0x83, 0xc1, 0x04, 0x3b,
    0x4d, 0xcc, 0x0f, 0x8f, 0xe9, 0x00, 0x00, 0x00, 0x01, 0xc7, 0x8b, 0x4d,
    0xf0, 0x8d, 0x14, 0x39, 0xe8, 0x66, 0x22, 0x00, 0x00, 0x85, 0xc0, 0x0f,
    0x84, 0xec, 0x00, 0x00, 0x00, 0x8b, 0x45, 0xe4, 0x48, 0x89, 0xfb, 0x83,
    0xf8, 0xf6, 0x75, 0x9a, 0xe9, 0x33, 0x01, 0x00, 0x00, 0xbb, 0x04, 0x00,
    0x00, 0x00, 0x3b, 0x7d, 0xec, 0x0f, 0x8d, 0xab, 0x00, 0x00, 0x00, 0x8d,
    0x14, 0x1e, 0x89, 0xf1, 0xe8, 0x36, 0x22, 0x00, 0x00, 0x85, 0xc0, 0x74,
    0x6c, 0x31, 0xd2, 0xf6, 0x46, 0x02, 0x02, 0x89, 0xf1, 0xbe, 0x00, 0x00,
    0x00, 0x00, 0x74, 0x0e, 0x8a, 0x41, 0x01, 0xf6, 0xd0, 0x24, 0x06, 0xf6,
    0xd8, 0x19, 0xf6, 0x83, 0xce, 0xfc, 0xf6, 0x44, 0x19, 0x02, 0x02, 0x74,
    0x14, 0x8b, 0x45, 0xf0, 0x8a, 0x44, 0x18, 0x01, 0xf6, 0xd0, 0x31, 0xc9,
    0xa8, 0x06, 0x0f, 0x94, 0xc1, 0x8d, 0x14, 0x49, 0x42, 0x01, 0xf2, 0x8d,
    0x04, 0x17, 0x83, 0xc0, 0x04, 0x31, 0xc9, 0x3b, 0x45, 0x10, 0x7f, 0x27,
    0x01, 0xfa, 0x03, 0x55, 0x0c, 0x8b, 0x4d, 0xf0, 0xe8, 0xde, 0x21, 0x00,
    0x00, 0x31, 0xc9, 0x85, 0xc0, 0x74, 0x14, 0x01, 0xde, 0x8b, 0x45, 0x08,
    0x89, 0xb0, 0x04, 0x18, 0x00, 0x00, 0x89, 0xf1, 0x89, 0x5d, 0xe0, 0xeb,
    0x02, 0x31, 0xc9, 0x85, 0xc9, 0x0f, 0x94, 0xc0, 0x0f, 0x85, 0x81, 0x00,
    0x00, 0x00, 0x83, 0xc7, 0x02, 0x81, 0xfb, 0xff, 0x08, 0x00, 0x00, 0x8d,
    0x5b, 0x01, 0x8b, 0x75, 0xf0, 0x0f, 0x82, 0x5b, 0xff, 0xff, 0xff, 0xe9,
    0xb8, 0xfe, 0xff, 0xff, 0x8b, 0x45, 0x08, 0xeb, 0x0b, 0x8b, 0x45, 0x08,
    0xeb, 0x2f, 0x8b, 0x45, 0x08, 0x8b, 0x7d, 0x0c, 0x8b, 0x5d, 0xd0, 0xeb,
    0x24, 0x83, 0x7d, 0xe4, 0x00, 0x8b, 0x45, 0x08, 0x8b, 0x7d, 0x0c, 0x8b,
    0x5d, 0xd0, 0x8b, 0x75, 0xf0, 0x0f, 0x85, 0xa5, 0x02, 0x00, 0x00, 0xeb,
    0x0c, 0x8b, 0x45, 0x08, 0x8b, 0x7d, 0x0c, 0x8b, 0x5d, 0xd0, 0x8b, 0x75,
    0xf0, 0x85, 0xdb, 0x75, 0x0c, 0x8b, 0x4d, 0xe0, 0x3b, 0x4d, 0x10, 0x0f,
    0x84, 0x81, 0x02, 0x00, 0x00, 0xc7, 0x80, 0x04, 0x18, 0x00, 0x00, 0x00,
    0x00, 0x00, 0x00, 0x8b, 0x7d, 0xd8, 0x43, 0x46, 0x47, 0x3b, 0x5d, 0xec,
    0x0f, 0x85, 0x01, 0xfe, 0xff, 0xff, 0xe9, 0xf8, 0x01, 0x00, 0x00, 0x8b,
    0x75, 0xf0, 0xe9, 0x49, 0xfe, 0xff, 0xff, 0x68, 0x0c, 0x1a, 0x00, 0x00,
    0x6a, 0x00, 0x50, 0xe8, 0x59, 0xf5, 0xff, 0xff, 0x83, 0xc4, 0x0c, 0xe9,
    0xde, 0x01, 0x00, 0x00, 0x8b, 0x7d, 0x0c, 0x8b, 0x5d, 0xd0, 0x8b, 0x75,
    0xe0, 0x8b, 0x4d, 0xd4, 0x85, 0xf6, 0x0f, 0x94, 0xc0, 0x3b, 0x4d, 0x10,
    0x0f, 0x9f, 0xc1, 0x08, 0xc1, 0x80, 0xf9, 0x01, 0x0f, 0x84, 0xbc, 0x01,
    0x00, 0x00, 0xeb, 0x4f, 0x8b, 0x4d, 0xc8, 0x89, 0xfa, 0xe8, 0xed, 0x20,
    0x00, 0x00, 0x85, 0xc0, 0x0f, 0x84, 0x85, 0xfd, 0xff, 0xff, 0x8b, 0x45,
    0x08, 0x8b, 0x90, 0x04, 0x18, 0x00, 0x00, 0x89, 0xf9, 0xe8, 0x1c, 0x21,
    0x00, 0x00, 0x31, 0xdb, 0xf6, 0x47, 0x02, 0x02, 0xbe, 0x00, 0x00, 0x00,
    0x00, 0x74, 0x11, 0x8a, 0x4f, 0x01, 0xf6, 0xd1, 0x31, 0xd2, 0xf6, 0xc1,
    0x06, 0x0f, 0x94, 0xc2, 0x8d, 0x34, 0x52, 0x46, 0x01, 0xc6, 0x8b, 0x45,
    0x10, 0x39, 0xc6, 0x0f, 0x85, 0xa9, 0x01, 0x00, 0x00, 0x89, 0xc6, 0x8d,
    0x04, 0x1f, 0xb9, 0x04, 0x00, 0x00, 0x00, 0x51, 0x89, 0x85, 0x70, 0xff,
    0xff, 0xff, 0x50, 0xff, 0x75, 0xc8, 0xe8, 0x61, 0xf4, 0xff, 0xff, 0x83,
    0xc4, 0x0c, 0x89, 0x75, 0xe0, 0x8d, 0x04, 0x33, 0x89, 0xfa, 0x8b, 0x7d,
    0x18, 0x89, 0x07, 0x89, 0x5f, 0x04, 0x31, 0xc0, 0x80, 0x7c, 0x1a, 0x03,
    0xc0, 0x83, 0xd0, 0x01, 0x89, 0x47, 0x08, 0x0f, 0xb6, 0x44, 0x1a, 0x02,
    0x83, 0xe0, 0x0c, 0x8b, 0x80, 0x98, 0x11, 0x59, 0xc0, 0x8a, 0x6c, 0x1a,
    0x01, 0xf6, 0xc5, 0x08, 0x0f, 0x94, 0xc1, 0xd3, 0xe8, 0xf6, 0xc5, 0x10,
    0x0f, 0x94, 0xc1, 0xd3, 0xe8, 0x89, 0x47, 0x0c, 0x0f, 0xb6, 0x44, 0x1a,
    0x01, 0xd1, 0xe8, 0x83, 0xe0, 0x03, 0x89, 0x45, 0xf0, 0xb9, 0x04, 0x00,
    0x00, 0x00, 0x29, 0xc1, 0x89, 0x4f, 0x10, 0x0f, 0xb6, 0x44, 0x1a, 0x01,
    0x0f, 0xb6, 0x4c, 0x1a, 0x02, 0x89, 0xc2, 0xc1, 0xea, 0x03, 0x83, 0xe2,
    0x01, 0xd1, 0xe8, 0x83, 0xe0, 0x03, 0x8d, 0x04, 0x80, 0x8d, 0x04, 0x40,
    0x8d, 0x14, 0xd2, 0x8d, 0x14, 0x92, 0x01, 0xc2, 0xc1, 0xe9, 0x04, 0x0f,
    0xb6, 0x84, 0x11, 0x95, 0x11, 0x59, 0xc0, 0x01, 0xc0, 0x89, 0x47, 0x14,
    0x8b, 0x45, 0x14, 0x89, 0x85, 0x44, 0xff, 0xff, 0xff, 0x83, 0x7d, 0x14,
    0x00, 0x0f, 0x84, 0xc1, 0x00, 0x00, 0x00, 0x8b, 0xb5, 0x70, 0xff, 0xff,
    0xff, 0x8d, 0x46, 0x04, 0x89, 0x85, 0x78, 0xff, 0xff, 0xff, 0xc7, 0x85,
    0x7c, 0xff, 0xff, 0xff, 0x00, 0x00, 0x00, 0x00, 0x8b, 0x45, 0xe0, 0x8d,
    0x04, 0xc5, 0xe0, 0xff, 0xff, 0xff, 0x89, 0x45, 0x80, 0x0f, 0xb6, 0x46,
    0x01, 0x89, 0x45, 0xec, 0xa8, 0x01, 0x75, 0x10, 0x8d, 0x8d, 0x78, 0xff,
    0xff, 0xff, 0xba, 0x10, 0x00, 0x00, 0x00, 0xe8, 0x94, 0x20, 0x00, 0x00,
    0x31, 0xc0, 0x80, 0x7d, 0xf0, 0x01, 0x75, 0x6d, 0x0f, 0xb6, 0x46, 0x02,
    0xc1, 0xe8, 0x02, 0x83, 0xe0, 0x03, 0x8b, 0x55, 0xec, 0x89, 0xd1, 0xc1,
    0xe9, 0x03, 0x83, 0xe1, 0x01, 0x0f, 0xba, 0xe2, 0x04, 0x83, 0xd1, 0x00,
    0x8d, 0x3c, 0x49, 0x01, 0xc7, 0x83, 0xff, 0x01, 0x83, 0xd7, 0xff, 0x8a,
    0x46, 0x03, 0x31, 0xdb, 0x88, 0x45, 0xe8, 0x3c, 0xc0, 0xb8, 0x00, 0x00,
    0x00, 0x00, 0x83, 0xd0, 0x01, 0xf6, 0xc2, 0x08, 0x0f, 0x85, 0x9d, 0x00,
    0x00, 0x00, 0x89, 0xc2, 0x83, 0xca, 0x08, 0x89, 0xc6, 0x8d, 0x8d, 0x78,
    0xff, 0xff, 0xff, 0xe8, 0x38, 0x20, 0x00, 0x00, 0x89, 0xf1, 0x89, 0x75,
    0xd0, 0xd3, 0xe8, 0x89, 0x45, 0xa0, 0xe9, 0xab, 0x00, 0x00, 0x00, 0x8b,
    0x5d, 0x10, 0x8b, 0x45, 0x18, 0x89, 0x18, 0x31, 0xc0, 0x81, 0xc4, 0xe0,
    0x40, 0x00, 0x00, 0x5e, 0x5f, 0x5b, 0x5d, 0xc3, 0x8b, 0x85, 0x70, 0xff,
    0xff, 0xff, 0x0f, 0xb6, 0x48, 0x01, 0x89, 0xc8, 0xf7, 0xd0, 0x83, 0xe1,
    0x0e, 0x83, 0xf9, 0x02, 0x0f, 0x94, 0xc1, 0xba, 0x80, 0x04, 0x00, 0x00,
    0xd3, 0xea, 0xa8, 0x06, 0xb8, 0x80, 0x01, 0x00, 0x00, 0x0f, 0x45, 0xc2,
    0xeb, 0xcb, 0x89, 0xc1, 0x8d, 0x46, 0x04, 0x39, 0xc8, 0x0f, 0x8f, 0x94,
    0xfb, 0xff, 0xff, 0x8d, 0x14, 0x37, 0x89, 0xf9, 0xe8, 0xea, 0x1e, 0x00,
    0x00, 0x85, 0xf6, 0x0f, 0x84, 0x82, 0xfb, 0xff, 0xff, 0x85, 0xc0, 0x0f,
    0x84, 0x7a, 0xfb, 0xff, 0xff, 0xe9, 0x2d, 0xfe, 0xff, 0xff, 0x8b, 0x45,
    0x10, 0x89, 0x45, 0xe0, 0x8b, 0x75, 0xe0, 0x8d, 0x0c, 0x1e, 0xe9, 0xb5,
    0xfd, 0xff, 0xff, 0x8d, 0x34, 0x00, 0x8d, 0x8d, 0x78, 0xff, 0xff, 0xff,
    0x89, 0xc3, 0xba, 0x09, 0x00, 0x00, 0x00, 0xe8, 0x98, 0x1f, 0x00, 0x00,
    0x89, 0x45, 0xa0, 0x8d, 0x14, 0x5d, 0x07, 0x00, 0x00, 0x00, 0x8d, 0x8d,
    0x78, 0xff, 0xff, 0xff, 0xe8, 0x83, 0x1f, 0x00, 0x00, 0x89, 0xc3, 0x89,
    0x75, 0xd0, 0x8d, 0x04, 0x7f, 0x8d, 0x04, 0xc5, 0xfe, 0x11, 0x59, 0xc0,
    0x29, 0xf8, 0x89, 0x45, 0xcc, 0xc1, 0xe7, 0x03, 0x8d, 0x04, 0xbf, 0x05,
    0xf6, 0x13, 0x59, 0xc0, 0x89, 0x45, 0xd8, 0x8d, 0x04, 0xbf, 0x05, 0xb6,
    0x12, 0x59, 0xc0, 0x89, 0x45, 0xc0, 0x31, 0xc0, 0x8b, 0x4d, 0xec, 0x80,
    0xe1, 0x08, 0x0f, 0x94, 0xc0, 0x8d, 0x04, 0x80, 0x83, 0xc0, 0x04, 0x89,
    0x45, 0xe0, 0xc0, 0xe9, 0x02, 0x80, 0xc1, 0x06, 0x88, 0x4d, 0xd4, 0xc7,
    0x45, 0xdc, 0x00, 0x00, 0x00, 0x00, 0x8d, 0xb5, 0x3b, 0xca, 0xff, 0xff,
    0x89, 0xdf, 0xc1, 0xe7, 0x04, 0x80, 0x7d, 0xe8, 0xc0, 0x0f, 0x42, 0xfb,
    0x8d, 0x9d, 0x78, 0xff, 0xff, 0xff, 0x89, 0xd9, 0xba, 0x0c, 0x00, 0x00,
    0x00, 0xe8, 0x0e, 0x1f, 0x00, 0x00, 0x89, 0x45, 0xf0, 0x66, 0x89, 0x46,
    0xe9, 0x89, 0xd9, 0xba, 0x09, 0x00, 0x00, 0x00, 0xe8, 0xfb, 0x1e, 0x00,
    0x00, 0x66, 0x89, 0x46, 0xeb, 0xb9, 0xff, 0xff, 0x00, 0x00, 0x21, 0xc8,
    0x3d, 0x20, 0x01, 0x00, 0x00, 0x0f, 0x87, 0xd4, 0x01, 0x00, 0x00, 0x89,
    0xd9, 0xba, 0x08, 0x00, 0x00, 0x00, 0xe8, 0xd9, 0x1e, 0x00, 0x00, 0x88,
    0x46, 0xef, 0x89, 0xd9, 0x8b, 0x55, 0xe0, 0xe8, 0xcc, 0x1e, 0x00, 0x00,
    0x66, 0x89, 0x46, 0xed, 0x8b, 0x45, 0xcc, 0x89, 0x46, 0xe5, 0x66, 0xc7,
    0x46, 0xf2, 0x16, 0x00, 0x89, 0xd9, 0x31, 0xd2, 0x42, 0xe8, 0xb2, 0x1e,
    0x00, 0x00, 0x85, 0xc0, 0x0f, 0x84, 0xa4, 0x00, 0x00, 0x00, 0x89, 0xd9,
    0xba, 0x02, 0x00, 0x00, 0x00, 0xe8, 0x9e, 0x1e, 0x00, 0x00, 0x88, 0x46,
    0xf0, 0x84, 0xc0, 0x0f, 0x84, 0x82, 0x01, 0x00, 0x00, 0x89, 0xd9, 0x31,
    0xd2, 0x42, 0xe8, 0x89, 0x1e, 0x00, 0x00, 0x88, 0x46, 0xf1, 0x66, 0xc7,
    0x46, 0xf7, 0x07, 0xff, 0x80, 0x7e, 0xf0, 0x02, 0x75, 0x2c, 0xb1, 0x1e,
    0x8b, 0x5d, 0xd8, 0x8a, 0x55, 0xd4, 0x84, 0xc0, 0x75, 0x0b, 0xc6, 0x46,
    0xf7, 0x08, 0xb1, 0x27, 0x31, 0xd2, 0x8b, 0x5d, 0xc0, 0x81, 0xe7, 0x0f,
    0x0f, 0x00, 0x00, 0x89, 0x5e, 0xe5, 0x88, 0x56, 0xf2, 0x88, 0x4e, 0xf3,
    0x8d, 0x9d, 0x78, 0xff, 0xff, 0xff, 0x89, 0xd9, 0xba, 0x0a, 0x00, 0x00,
    0x00, 0xe8, 0x42, 0x1e, 0x00, 0x00, 0x89, 0xd9, 0x89, 0xc3, 0xc1, 0xe3,
    0x05, 0xba, 0x03, 0x00, 0x00, 0x00, 0xe8, 0x31, 0x1e, 0x00, 0x00, 0x88,
    0x46, 0xfa, 0x8d, 0x8d, 0x78, 0xff, 0xff, 0xff, 0xba, 0x03, 0x00, 0x00,
    0x00, 0xe8, 0x1e, 0x1e, 0x00, 0x00, 0x88, 0x46, 0xfb, 0x8d, 0x8d, 0x78,
    0xff, 0xff, 0xff, 0xba, 0x03, 0x00, 0x00, 0x00, 0xe8, 0x0b, 0x1e, 0x00,
    0x00, 0x88, 0x46, 0xfc, 0xeb, 0x3a, 0x66, 0xc7, 0x46, 0xf0, 0x00, 0x00,
    0x89, 0xd9, 0xba, 0x0f, 0x00, 0x00, 0x00, 0xe8, 0xf4, 0x1d, 0x00, 0x00,
    0x89, 0xd9, 0x89, 0xc3, 0xba, 0x04, 0x00, 0x00, 0x00, 0xe8, 0xe6, 0x1d,
    0x00, 0x00, 0x88, 0x46, 0xf7, 0x8d, 0x8d, 0x78, 0xff, 0xff, 0xff, 0xba,
    0x03, 0x00, 0x00, 0x00, 0xe8, 0xd3, 0x1d, 0x00, 0x00, 0x88, 0x46, 0xf8,
    0xc6, 0x46, 0xf9, 0xff, 0x89, 0xd8, 0xc1, 0xe8, 0x0a, 0x88, 0x46, 0xf4,
    0x89, 0xd8, 0xc1, 0xe8, 0x05, 0x24, 0x1f, 0x88, 0x46, 0xf5, 0x80, 0xe3,
    0x1f, 0x88, 0x5e, 0xf6, 0xb8, 0xff, 0xff, 0x00, 0x00, 0x8b, 0x55, 0xf0,
    0x21, 0xc2, 0xf6, 0x45, 0xec, 0x08, 0x89, 0x7d, 0xe4, 0x75, 0x10, 0x31,
    0xc0, 0x66, 0x81, 0x7e, 0xed, 0xf4, 0x01, 0x0f, 0x93, 0xc0, 0x31, 0xdb,
    0x43, 0xeb, 0x16, 0x8d, 0x8d, 0x78, 0xff, 0xff, 0xff, 0x31, 0xdb, 0x43,
    0x89, 0x55, 0xf0, 0x89, 0xda, 0xe8, 0x7e, 0x1d, 0x00, 0x00, 0x8b, 0x55,
    0xf0, 0x01, 0x55, 0xdc, 0x88, 0x46, 0xfd, 0x8d, 0xbd, 0x78, 0xff, 0xff,
    0xff, 0x89, 0xf9, 0x89, 0xda, 0xe8, 0x66, 0x1d, 0x00, 0x00, 0x88, 0x46,
    0xfe, 0x89, 0xf9, 0x89, 0xda, 0xe8, 0x5a, 0x1d, 0x00, 0x00, 0x88, 0x46,
    0xff, 0x8b, 0x7d, 0xe4, 0x89, 0xf8, 0xc1, 0xe8, 0x0c, 0x24, 0x0f, 0x88,
    0x06, 0xc1, 0xe7, 0x04, 0x83, 0xc6, 0x1c, 0x89, 0xfb, 0xff, 0x4d, 0xd0,
    0x0f, 0x85, 0x10, 0xfe, 0xff, 0xff, 0x8b, 0x9d, 0x7c, 0xff, 0xff, 0xff,
    0x8b, 0x75, 0x80, 0x8b, 0x55, 0xdc, 0x01, 0xda, 0x8b, 0x4d, 0xa0, 0x8d,
    0x04, 0xce, 0x39, 0xc2, 0x0f, 0x9f, 0xc0, 0x85, 0xc9, 0x0f, 0x98, 0xc1,
    0x29, 0xde, 0x0f, 0x9c, 0xc2, 0x08, 0xca, 0x08, 0xc2, 0x74, 0x0b, 0x8b,
    0x45, 0xc8, 0xc6, 0x00, 0x00, 0xe9, 0xe5, 0xfc, 0xff, 0xff, 0x8b, 0x55,
    0x08, 0x8b, 0xba, 0x00, 0x18, 0x00, 0x00, 0x89, 0xf8, 0x8b, 0x4d, 0xa0,
    0x29, 0xc8, 0x0f, 0x4d, 0xf9, 0x31, 0xc9, 0x85, 0xc0, 0x0f, 0x4e, 0xc1,
    0x01, 0xd0, 0x05, 0x0c, 0x18, 0x00, 0x00, 0x8d, 0x8d, 0x20, 0xbf, 0xff,
    0xff, 0xc1, 0xee, 0x03, 0x57, 0x50, 0x51, 0xe8, 0xbc, 0xef, 0xff, 0xff,
    0x83, 0xc4, 0x0c, 0x8d, 0x43, 0x07, 0x85, 0xdb, 0x0f, 0x49, 0xc3, 0x8d,
    0x0c, 0x2f, 0x81, 0xc1, 0x20, 0xbf, 0xff, 0xff, 0xc1, 0xf8, 0x03, 0x03,
    0x85, 0x78, 0xff, 0xff, 0xff, 0x56, 0x50, 0x51, 0xe8, 0x97, 0xef, 0xff,
    0xff, 0x31, 0xd2, 0x83, 0xc4, 0x0c, 0x01, 0xfe, 0x8d, 0x85, 0x20, 0xbf,
    0xff, 0xff, 0x89, 0x40, 0xf4, 0xc7, 0x40, 0xf8, 0x00, 0x00, 0x00, 0x00,
    0xc1, 0xe6, 0x03, 0x89, 0x70, 0xfc, 0x8b, 0x45, 0x08, 0x8b, 0x80, 0x00,
    0x18, 0x00, 0x00, 0x89, 0x85, 0xa8, 0xfe, 0xff, 0xff, 0x3b, 0x45, 0xa0,
    0x0f, 0x8c, 0x14, 0x1b, 0x00, 0x00, 0x8b, 0x45, 0x08, 0x05, 0x00, 0x09,
    0x00, 0x00, 0x89, 0x85, 0x74, 0xff, 0xff, 0xff, 0xb0, 0x01, 0x31, 0xff,
    0x8b, 0x75, 0x18, 0x31, 0xdb, 0x43, 0x89, 0x85, 0xa4, 0xfe, 0xff, 0xff,
    0x68, 0x00, 0x12, 0x00, 0x00, 0x6a, 0x00, 0x8d, 0x85, 0x90, 0xca, 0xff,
    0xff, 0x50, 0xe8, 0x96, 0xef, 0xff, 0xff, 0x83, 0xc4, 0x0c, 0x8b, 0x56,
    0x08, 0x0f, 0xaf, 0xfa, 0x8d, 0x04, 0xff, 0x8d, 0x04, 0x40, 0x8d, 0x8d,
    0x20, 0xca, 0xff, 0xff, 0x01, 0xcf, 0x01, 0xc7, 0x89, 0x7d, 0xc4, 0x89,
    0x55, 0xb8, 0x85, 0xd2, 0x0f, 0x8e, 0x8f, 0x08, 0x00, 0x00, 0x31, 0xff,
    0x8b, 0x85, 0x18, 0xbf, 0xff, 0xff, 0x89, 0x45, 0x98, 0x8d, 0x04, 0xff,
    0x89, 0x45, 0xec, 0x8d, 0x04, 0x40, 0x01, 0xf8, 0x31, 0xc9, 0x8b, 0x75,
    0xc4, 0x80, 0x7c, 0x06, 0x0d, 0x00, 0x0f, 0x94, 0xc1, 0x80, 0x7c, 0x06,
    0x0e, 0x01, 0x83, 0xd9, 0xff, 0x8d, 0x14, 0x06, 0x89, 0x55, 0xbc, 0x8d,
    0x14, 0xc9, 0x8d, 0x14, 0x52, 0x8d, 0x8c, 0x11, 0x36, 0x15, 0x59, 0xc0,
    0x8b, 0x55, 0xbc, 0x89, 0x4d, 0xd8, 0x0f, 0xb7, 0x4c, 0x06, 0x04, 0x89,
    0x4d, 0xe4, 0x0f, 0xb6, 0x44, 0x06, 0x19, 0x89, 0x45, 0xd4, 0x8b, 0x4d,
    0x08, 0xf6, 0x81, 0x09, 0x18, 0x00, 0x00, 0x08, 0x89, 0x7d, 0x9c, 0x75,
    0x6f, 0x85, 0xff, 0x0f, 0x95, 0xc0, 0x8a, 0x89, 0x0b, 0x18, 0x00, 0x00,
    0x80, 0xe1, 0x10, 0xc0, 0xe9, 0x04, 0x20, 0xc1, 0xbe, 0x00, 0x00, 0x00,
    0x00, 0xb8, 0x0c, 0x00, 0x00, 0x00, 0x0f, 0x45, 0xf0, 0x0f, 0xb7, 0x42,
    0x08, 0xd3, 0xe8, 0x89, 0x75, 0xf0, 0xbf, 0x04, 0x00, 0x00, 0x00, 0x89,
    0xd9, 0x89, 0xc6, 0x31, 0xd2, 0xf7, 0xf1, 0x8b, 0x55, 0xf0, 0x0f, 0xb6,
    0x9c, 0x3a, 0x89, 0x15, 0x59, 0xc0, 0x31, 0xd2, 0xf7, 0xf3, 0x89, 0xf0,
    0x88, 0x54, 0x3d, 0xa3, 0x0f, 0xaf, 0xcb, 0x4f, 0x75, 0xdf, 0x8b, 0x55,
    0xf0, 0x83, 0xc2, 0x04, 0x29, 0xc8, 0xbb, 0x01, 0x00, 0x00, 0x00, 0x89,
    0xd6, 0x79, 0xc4, 0x01, 0x75, 0xd8, 0xba, 0xf0, 0xff, 0xff, 0xff, 0x8b,
    0x75, 0xbc, 0xeb, 0x23, 0x89, 0xd6, 0x0f, 0xb6, 0x52, 0x1b, 0x0f, 0xb7,
    0x46, 0x08, 0x8a, 0x80, 0xbc, 0x2e, 0x59, 0xc0, 0x89, 0xc1, 0xc0, 0xe9,
    0x02, 0x88, 0x4d, 0xa4, 0x88, 0x4d, 0xa5, 0x24, 0x03, 0x88, 0x45, 0xa6,
    0x88, 0x45, 0xa7, 0x8b, 0x45, 0xe4, 0x01, 0x45, 0x98, 0x6b, 0x7d, 0x9c,
    0x27, 0x8d, 0x85, 0x30, 0xfe, 0xff, 0xff, 0x01, 0xc7, 0x8b, 0x45, 0xd4,
    0x40, 0x89, 0x45, 0xd0, 0x31, 0xdb, 0x8d, 0x8d, 0xac, 0xfe, 0xff, 0xff,
    0x8b, 0x45, 0xd8, 0x0f, 0xb6, 0x04, 0x18, 0x85, 0xc0, 0x0f, 0x84, 0xad,
    0x00, 0x00, 0x00, 0xf6, 0xc2, 0x08, 0x89, 0x55, 0xcc, 0x89, 0x5d, 0xe0,
    0x89, 0x45, 0xf0, 0x89, 0x4d, 0xe4, 0x75, 0x54, 0x0f, 0xb6, 0x44, 0x1d,
    0xa4, 0x89, 0x45, 0xe8, 0x85, 0xc0, 0xb8, 0xff, 0xff, 0xff, 0xff, 0x74,
    0x4d, 0x89, 0xc6, 0x8b, 0x4d, 0xe8, 0xd3, 0xe6, 0xf7, 0xd6, 0x85, 0xd2,
    0x0f, 0x49, 0xf0, 0x89, 0x75, 0xdc, 0x89, 0xfe, 0x31, 0xff, 0x8d, 0x9d,
    0x14, 0xbf, 0xff, 0xff, 0x89, 0xd9, 0x8b, 0x55, 0xe8, 0xe8, 0xb6, 0x1a,
    0x00, 0x00, 0x3b, 0x45, 0xdc, 0x89, 0xc1, 0xba, 0xff, 0x00, 0x00, 0x00,
    0x0f, 0x44, 0xca, 0x8b, 0x55, 0xe4, 0x88, 0x04, 0x3a, 0x88, 0x0c, 0x3e,
    0x47, 0x39, 0x7d, 0xf0, 0x75, 0xda, 0xeb, 0x27, 0x50, 0x57, 0x51, 0xe8,
    0x78, 0xed, 0xff, 0xff, 0xeb, 0x18, 0x8b, 0x5d, 0xf0, 0x53, 0x31, 0xf6,
    0x56, 0x51, 0xe8, 0xce, 0xed, 0xff, 0xff, 0x83, 0xc4, 0x0c, 0x53, 0x56,
    0x57, 0xe8, 0xc3, 0xed, 0xff, 0xff, 0x83, 0xc4, 0x0c, 0x89, 0xfe, 0x89,
    0xf7, 0x8b, 0x45, 0xf0, 0x01, 0xc7, 0x8b, 0x4d, 0xe4, 0x01, 0xc1, 0x8b,
    0x5d, 0xe0, 0x43, 0x8b, 0x55, 0xcc, 0x01, 0xd2, 0x83, 0xfb, 0x04, 0x8b,
    0x75, 0xbc, 0x0f, 0x85, 0x44, 0xff, 0xff, 0xff, 0xc6, 0x41, 0x02, 0x00,
    0x66, 0xc7, 0x01, 0x00, 0x00, 0x0f, 0xb6, 0x7e, 0x0e, 0x85, 0xff, 0x74,
    0x3c, 0x0f, 0xb6, 0x56, 0x15, 0xb1, 0x02, 0x2a, 0x4d, 0xd4, 0xd3, 0xe2,
    0x0f, 0xb6, 0x5e, 0x16, 0xd3, 0xe3, 0x0f, 0xb6, 0x76, 0x0d, 0x8d, 0x85,
    0xae, 0xfe, 0xff, 0xff, 0x01, 0xc6, 0x8b, 0x45, 0xbc, 0x0f, 0xb6, 0x40,
    0x17, 0xd3, 0xe0, 0x31, 0xc9, 0x00, 0x54, 0x0e, 0xfe, 0x00, 0x5c, 0x0e,
    0xff, 0x00, 0x04, 0x0e, 0x83, 0xc1, 0x03, 0x39, 0xf9, 0x72, 0xee, 0xeb,
    0x1b, 0x80, 0x7e, 0x18, 0x00, 0x74, 0x15, 0x31, 0xc0, 0x8a, 0x88, 0xa2,
    0x15, 0x59, 0xc0, 0x00, 0x8c, 0x05, 0xb7, 0xfe, 0xff, 0xff, 0x40, 0x83,
    0xf8, 0x0a, 0x75, 0xed, 0x8b, 0x5d, 0xbc, 0x0f, 0xb6, 0x43, 0x0a, 0x8b,
    0x4d, 0x08, 0x8a, 0x89, 0x0b, 0x18, 0x00, 0x00, 0x80, 0xe1, 0xe0, 0x31,
    0xd2, 0x80, 0xf9, 0x60, 0x0f, 0x94, 0xc2, 0x01, 0xd2, 0x29, 0xc2, 0x81,
    0xc2, 0x02, 0x01, 0x00, 0x00, 0xd9, 0x05, 0x38, 0x11, 0x59, 0xc0, 0x83,
    0xfa, 0x78, 0xb8, 0x78, 0x00, 0x00, 0x00, 0x0f, 0x42, 0xc2, 0x89, 0xc1,
    0x83, 0xe1, 0x03, 0xd9, 0x04, 0x8d, 0xcc, 0x2e, 0x59, 0xc0, 0x89, 0xc1,
    0xc1, 0xe9, 0x02, 0xbe, 0x00, 0x00, 0x00, 0x40, 0xd3, 0xee, 0x89, 0xb5,
    0x80, 0xfe, 0xff, 0xff, 0xda, 0x8d, 0x80, 0xfe, 0xff, 0xff, 0xde, 0xc9,
    0x29, 0xc2, 0x7f, 0xcb, 0x0f, 0xb6, 0x53, 0x0d, 0x01, 0xfa, 0x74, 0x52,
    0x31, 0xc0, 0x0f, 0xb6, 0xb4, 0x05, 0xac, 0xfe, 0xff, 0xff, 0x8b, 0x4d,
    0xd0, 0xd3, 0xe6, 0xd9, 0xc0, 0x83, 0xfe, 0x78, 0xbf, 0x78, 0x00, 0x00,
    0x00, 0x0f, 0x4c, 0xfe, 0x89, 0xf9, 0x83, 0xe1, 0x03, 0xd9, 0x04, 0x8d,
    0xcc, 0x2e, 0x59, 0xc0, 0x89, 0xf9, 0xc1, 0xe9, 0x02, 0xbb, 0x00, 0x00,
    0x00, 0x40, 0xd3, 0xeb, 0x89, 0x9d, 0x84, 0xfe, 0xff, 0xff, 0xda, 0x8d,
    0x84, 0xfe, 0xff, 0xff, 0xde, 0xc9, 0x29, 0xfe, 0x7f, 0xcb, 0xd9, 0x9c,
    0x85, 0x90, 0xdc, 0xff, 0xff, 0x40, 0x39, 0xd0, 0x75, 0xb0, 0xdd, 0xd8,
    0x8b, 0x4d, 0xec, 0xc1, 0xe1, 0x08, 0x8d, 0x85, 0x90, 0xca, 0xff, 0xff,
    0x01, 0xc1, 0x89, 0x4d, 0xec, 0x8b, 0x95, 0x18, 0xbf, 0xff, 0xff, 0x8d,
    0x42, 0x07, 0x85, 0xd2, 0x0f, 0x49, 0xc2, 0x8b, 0x8d, 0x14, 0xbf, 0xff,
    0xff, 0xc1, 0xf8, 0x03, 0x89, 0x8d, 0x6c, 0xff, 0xff, 0xff, 0x01, 0xc8,
    0x83, 0xc0, 0x04, 0x89, 0x45, 0xe8, 0x8b, 0x70, 0xfc, 0x0f, 0xce, 0x89,
    0xd1, 0x80, 0xe1, 0x07, 0x8b, 0x7d, 0xbc, 0x0f, 0xb7, 0x5f, 0x06, 0xd3,
    0xe6, 0x89, 0xd1, 0x83, 0xc9, 0xf8, 0xd9, 0xee, 0x8b, 0x07, 0x89, 0x45,
    0xd4, 0x89, 0x5d, 0xc0, 0x85, 0xdb, 0x0f, 0x84, 0x9e, 0x03, 0x00, 0x00,
    0xdd, 0xd8, 0x8d, 0x85, 0x90, 0xdc, 0xff, 0xff, 0x89, 0x45, 0xc8, 0x31,
    0xc0, 0xd9, 0xee, 0xdd, 0xd8, 0x89, 0xcf, 0x8b, 0x4d, 0xbc, 0x89, 0xc2,
    0x0f, 0xb6, 0x44, 0x01, 0x0f, 0x89, 0x95, 0x68, 0xff, 0xff, 0xff, 0x0f,
    0xb6, 0x4c, 0x11, 0x12, 0x89, 0x4d, 0xb4, 0x0f, 0xbf, 0x8c, 0x00, 0xb0,
    0x26, 0x59, 0xc0, 0x8d, 0x14, 0x4d, 0xac, 0x15, 0x59, 0xc0, 0x83, 0xf8,
    0x0f, 0x89, 0x55, 0xdc, 0x0f, 0x87, 0x17, 0x01, 0x00, 0x00, 0x89, 0xf9,
    0x8b, 0x7d, 0xec, 0xd9, 0xee, 0xdd, 0xd8, 0x89, 0x7d, 0xec, 0x8b, 0x45,
    0xd4, 0x0f, 0xb6, 0x38, 0xd1, 0xef, 0x8b, 0x45, 0xc0, 0x39, 0xf8, 0x89,
    0x7d, 0xcc, 0x0f, 0x42, 0xf8, 0x8b, 0x45, 0xc8, 0xd9, 0x00, 0x89, 0x7d,
    0xe4, 0x89, 0xcb, 0x89, 0xf0, 0xc1, 0xe8, 0x1b, 0x0f, 0xbf, 0x04, 0x42,
    0x85, 0xc0, 0x79, 0x28, 0xba, 0x05, 0x00, 0x00, 0x00, 0x89, 0xd1, 0xd3,
    0xe6, 0x01, 0xd3, 0x89, 0xc2, 0x83, 0xe2, 0x07, 0x89, 0xd1, 0xf6, 0xd9,
    0x89, 0xf7, 0xd3, 0xef, 0xc1, 0xf8, 0x03, 0x29, 0xc7, 0x8b, 0x45, 0xdc,
    0x0f, 0xbf, 0x04, 0x78, 0x85, 0xc0, 0x78, 0xdd, 0x89, 0xc1, 0xc1, 0xe9,
    0x08, 0xd3, 0xe6, 0x01, 0xd9, 0x89, 0x4d, 0xf0, 0xb2, 0x01, 0x8b, 0x5d,
    0xec, 0x89, 0xc7, 0x83, 0xe7, 0x0f, 0x89, 0xf1, 0xc1, 0xe9, 0x1b, 0x83,
    0xe1, 0xf0, 0x09, 0xf9, 0x83, 0xf1, 0x10, 0xd9, 0xc0, 0xd8, 0x0c, 0x8d,
    0xf0, 0x26, 0x59, 0xc0, 0x31, 0xc9, 0x85, 0xff, 0xd9, 0x1b, 0x0f, 0x95,
    0xc1, 0x01, 0x4d, 0xf0, 0xd3, 0xe6, 0x83, 0xc3, 0x04, 0xc1, 0xe8, 0x04,
    0xf6, 0xc2, 0x01, 0xba, 0x00, 0x00, 0x00, 0x00, 0x75, 0xc7, 0x8b, 0x45,
    0xf0, 0x89, 0xc1, 0x8b, 0x55, 0xe8, 0x89, 0xc7, 0x85, 0xc0, 0x89, 0x5d,
    0xec, 0x78, 0x1e, 0x0f, 0xb6, 0x02, 0xd3, 0xe0, 0x42, 0x09, 0xc6, 0x83,
    0xf9, 0x07, 0x8d, 0x49, 0xf8, 0x77, 0xf0, 0xc1, 0xef, 0x03, 0x8b, 0x45,
    0xe8, 0x01, 0xf8, 0x40, 0x89, 0x45, 0xe8, 0xeb, 0x02, 0x89, 0xf9, 0x8b,
    0x7d, 0xe4, 0x4f, 0xbb, 0x01, 0x00, 0x00, 0x00, 0x8b, 0x55, 0xdc, 0x0f,
    0x85, 0x39, 0xff, 0xff, 0xff, 0xff, 0x45, 0xd4, 0x83, 0x45, 0xc8, 0x04,
    0x8b, 0x45, 0xcc, 0x29, 0x45, 0xc0, 0x0f, 0x8e, 0x31, 0x02, 0x00, 0x00,
    0x8b, 0x45, 0xb4, 0x85, 0xc0, 0x8d, 0x40, 0xff, 0x89, 0x45, 0xb4, 0x8b,
    0x7d, 0xec, 0x0f, 0x8f, 0xf5, 0xfe, 0xff, 0xff, 0xe9, 0x20, 0x02, 0x00,
    0x00, 0x0f, 0xb6, 0x80, 0xec, 0x2e, 0x59, 0xc0, 0xb9, 0x20, 0x00, 0x00,
    0x00, 0x89, 0x45, 0xe0, 0x29, 0xc1, 0x89, 0x4d, 0xd0, 0x89, 0xf9, 0x8b,
    0x7d, 0xec, 0xd9, 0xee, 0xdd, 0xd8, 0x8b, 0x45, 0xd4, 0x0f, 0xb6, 0x18,
    0xd1, 0xeb, 0x8b, 0x45, 0xc0, 0x39, 0xd8, 0x89, 0x5d, 0x94, 0x0f, 0x42,
    0xd8, 0x8b, 0x45, 0xc8, 0xd9, 0x00, 0x89, 0x5d, 0xd8, 0x89, 0x7d, 0xec,
    0x89, 0xcf, 0x89, 0xf0, 0xc1, 0xe8, 0x1b, 0x0f, 0xbf, 0x04, 0x42, 0x85,
    0xc0, 0x79, 0x2a, 0xbb, 0x05, 0x00, 0x00, 0x00, 0x89, 0xd9, 0xd3, 0xe6,
    0x01, 0xdf, 0x89, 0xc3, 0x83, 0xe3, 0x07, 0x89, 0xd9, 0xf6, 0xd9, 0x89,
    0xc2, 0x89, 0xf0, 0xd3, 0xe8, 0xc1, 0xfa, 0x03, 0x29, 0xd0, 0x8b, 0x55,
    0xdc, 0x0f, 0xbf, 0x04, 0x42, 0x85, 0xc0, 0x78, 0xdb, 0x89, 0xc2, 0xc1,
    0xea, 0x08, 0x89, 0xd1, 0xd3, 0xe6, 0x01, 0xfa, 0xb1, 0x01, 0x8b, 0x7d,
    0xec, 0x89, 0x4d, 0xe4, 0x89, 0x45, 0xf0, 0x83, 0xe0, 0x0f, 0x83, 0xf8,
    0x0f, 0x75, 0x42, 0x89, 0xf3, 0x8b, 0x4d, 0xd0, 0xd3, 0xeb, 0x8d, 0x43,
    0x0f, 0x8b, 0x4d, 0xe0, 0xd3, 0xe6, 0x01, 0xca, 0x89, 0x7d, 0xec, 0x78,
    0x49, 0x89, 0x5d, 0xcc, 0x89, 0xd1, 0x8b, 0x5d, 0xe8, 0x0f, 0xb6, 0x3b,
    0xd3, 0xe7, 0x43, 0x09, 0xfe, 0x83, 0xf9, 0x07, 0x8d, 0x49, 0xf8, 0x77,
    0xf0, 0xc1, 0xea, 0x03, 0x8b, 0x7d, 0xe8, 0x01, 0xd7, 0x47, 0x89, 0x7d,
    0xe8, 0x8b, 0x7d, 0xec, 0x8b, 0x5d, 0xcc, 0xeb, 0x1f, 0x89, 0xf1, 0xc1,
    0xe9, 0x1b, 0x83, 0xe1, 0xf0, 0x09, 0xc1, 0x83, 0xf1, 0x10, 0xd9, 0xc0,
    0xd8, 0x0c, 0x8d, 0xf0, 0x26, 0x59, 0xc0, 0x89, 0xd1, 0xe9, 0x9b, 0x00,
    0x00, 0x00, 0x89, 0xd1, 0x3d, 0x80, 0x00, 0x00, 0x00, 0x7f, 0x09, 0xd9,
    0x04, 0x9d, 0x6c, 0x27, 0x59, 0xc0, 0xeb, 0x73, 0x8d, 0x14, 0xc5, 0x00,
    0x00, 0x00, 0x00, 0x31, 0xdb, 0x3d, 0x00, 0x04, 0x00, 0x00, 0x0f, 0x92,
    0xc3, 0x89, 0x5d, 0xcc, 0x0f, 0x43, 0xd0, 0x8d, 0x1c, 0x12, 0x83, 0xe3,
    0x40, 0x89, 0xd7, 0x83, 0xe7, 0x3f, 0x29, 0xdf, 0x89, 0xbd, 0x88, 0xfe,
    0xff, 0xff, 0xdb, 0x85, 0x88, 0xfe, 0xff, 0xff, 0x89, 0xd7, 0x81, 0xe7,
    0xc0, 0xff, 0xff, 0x7f, 0x01, 0xdf, 0x89, 0xbd, 0x8c, 0xfe, 0xff, 0xff,
    0x8b, 0x7d, 0xec, 0xda, 0xb5, 0x8c, 0xfe, 0xff, 0xff, 0x01, 0xd3, 0xd9,
    0xc0, 0xd8, 0x0d, 0xf4, 0x10, 0x59, 0xc0, 0xd8, 0x05, 0x30, 0x11, 0x59,
    0xc0, 0xc1, 0xeb, 0x06, 0xde, 0xc9, 0xd9, 0xe8, 0xde, 0xc1, 0xd8, 0x0c,
    0x9d, 0x30, 0x27, 0x59, 0xc0, 0x8b, 0x55, 0xcc, 0xd8, 0x0c, 0x95, 0x90,
    0x11, 0x59, 0xc0, 0xd8, 0xc9, 0x89, 0xf2, 0xc1, 0xfa, 0x1f, 0x83, 0xca,
    0x01, 0x89, 0x95, 0x90, 0xfe, 0xff, 0xff, 0xda, 0x8d, 0x90, 0xfe, 0xff,
    0xff, 0x31, 0xdb, 0x85, 0xc0, 0x0f, 0x95, 0xc3, 0x89, 0xda, 0x01, 0xca,
    0xd9, 0x1f, 0x89, 0xd9, 0xd3, 0xe6, 0x83, 0xc7, 0x04, 0x8b, 0x45, 0xf0,
    0xc1, 0xe8, 0x04, 0xf6, 0x45, 0xe4, 0x01, 0xb9, 0x00, 0x00, 0x00, 0x00,
    0x0f, 0x85, 0xcf, 0xfe, 0xff, 0xff, 0x89, 0x7d, 0xec, 0x89, 0xd1, 0x8b,
    0x45, 0xe8, 0x85, 0xd2, 0x78, 0x1e, 0x0f, 0xb6, 0x38, 0xd3, 0xe7, 0x40,
    0x09, 0xfe, 0x83, 0xf9, 0x07, 0x8d, 0x49, 0xf8, 0x77, 0xf0, 0xc1, 0xea,
    0x03, 0x8b, 0x45, 0xe8, 0x01, 0xd0, 0x40, 0x89, 0x45, 0xe8, 0xeb, 0x02,
    0x89, 0xd1, 0x8b, 0x5d, 0xd8, 0x4b, 0x8b, 0x7d, 0xec, 0x8b, 0x55, 0xdc,
    0x0f, 0x85, 0x44, 0xfe, 0xff, 0xff, 0xff, 0x45, 0xd4, 0x83, 0x45, 0xc8,
    0x04, 0x8b, 0x45, 0x94, 0x29, 0x45, 0xc0, 0x7e, 0x1d, 0x8b, 0x45, 0xb4,
    0x85, 0xc0, 0x8d, 0x40, 0xff, 0x89, 0x45, 0xb4, 0xbb, 0x01, 0x00, 0x00,
    0x00, 0x0f, 0x8f, 0x05, 0xfe, 0xff, 0xff, 0xeb, 0x08, 0x8b, 0x7d, 0xec,
    0xeb, 0x03, 0x31, 0xdb, 0x43, 0x89, 0x7d, 0xec, 0x8b, 0x85, 0x68, 0xff,
    0xff, 0xff, 0x40, 0x83, 0x7d, 0xc0, 0x00, 0x0f, 0x8f, 0x7e, 0xfc, 0xff,
    0xff, 0x89, 0xd8, 0x2b, 0x45, 0xc0, 0x89, 0x45, 0xf0, 0x8b, 0x7d, 0xbc,
    0xeb, 0x0f, 0x31, 0xc0, 0x40, 0x89, 0x45, 0xf0, 0x8d, 0x85, 0x90, 0xdc,
    0xff, 0xff, 0x89, 0x45, 0xc8, 0x80, 0x7f, 0x1a, 0x00, 0xba, 0xdc, 0x2e,
    0x59, 0xc0, 0xb8, 0x94, 0x26, 0x59, 0xc0, 0x0f, 0x44, 0xd0, 0x89, 0x55,
    0xe4, 0x89, 0xcf, 0x89, 0xf0, 0xc1, 0xe8, 0x1c, 0x0f, 0xb6, 0x1c, 0x02,
    0xf6, 0xc3, 0x08, 0x75, 0x1a, 0x89, 0xd8, 0x89, 0xf2, 0xc1, 0xe2, 0x04,
    0x80, 0xe3, 0x03, 0xf6, 0xdb, 0x89, 0xd9, 0xd3, 0xea, 0xc1, 0xe8, 0x03,
    0x03, 0x45, 0xe4, 0x0f, 0xb6, 0x1c, 0x02, 0x89, 0xd8, 0x83, 0xe0, 0x07,
    0x89, 0xc1, 0xd3, 0xe6, 0x01, 0xf8, 0x8b, 0x4d, 0xe8, 0x2b, 0x8d, 0x6c,
    0xff, 0xff, 0xff, 0x8d, 0x0c, 0xc8, 0x83, 0xc1, 0xe8, 0x3b, 0x4d, 0x98,
    0x8b, 0x55, 0xec, 0x8b, 0x7d, 0xf0, 0x0f, 0x8f, 0x08, 0x01, 0x00, 0x00,
    0x4f, 0x75, 0x25, 0xdd, 0xd8, 0x8b, 0x4d, 0xd4, 0x0f, 0xb6, 0x39, 0x83,
    0xff, 0x02, 0xd9, 0xee, 0x0f, 0x82, 0xf2, 0x00, 0x00, 0x00, 0xdd, 0xd8,
    0xff, 0x45, 0xd4, 0xd1, 0xef, 0x8b, 0x4d, 0xc8, 0xd9, 0x01, 0x83, 0xc1,
    0x04, 0x89, 0x4d, 0xc8, 0x81, 0xfb, 0x80, 0x00, 0x00, 0x00, 0x72, 0x16,
    0x85, 0xf6, 0x0f, 0x98, 0xc1, 0xd9, 0xc0, 0xd9, 0xe0, 0x84, 0xc9, 0xd9,
    0xc1, 0xdb, 0xc9, 0xdd, 0xd9, 0xd9, 0x1a, 0x01, 0xf6, 0x40, 0xf6, 0xc3,
    0x40, 0x74, 0x17, 0x85, 0xf6, 0x0f, 0x98, 0xc1, 0xd9, 0xc0, 0xd9, 0xe0,
    0x84, 0xc9, 0xd9, 0xc1, 0xdb, 0xc9, 0xdd, 0xd9, 0xd9, 0x5a, 0x04, 0x01,
    0xf6, 0x40, 0x4f, 0x75, 0x25, 0xdd, 0xd8, 0x8b, 0x4d, 0xd4, 0x0f, 0xb6,
    0x39, 0x83, 0xff, 0x02, 0xd9, 0xee, 0x0f, 0x82, 0x90, 0x00, 0x00, 0x00,
    0xdd, 0xd8, 0xff, 0x45, 0xd4, 0xd1, 0xef, 0x8b, 0x4d, 0xc8, 0xd9, 0x01,
    0x83, 0xc1, 0x04, 0x89, 0x4d, 0xc8, 0xf6, 0xc3, 0x20, 0x74, 0x17, 0x85,
    0xf6, 0x0f, 0x98, 0xc1, 0xd9, 0xc0, 0xd9, 0xe0, 0x84, 0xc9, 0xd9, 0xc1,
    0xdb, 0xc9, 0xdd, 0xd9, 0xd9, 0x5a, 0x08, 0x01, 0xf6, 0x40, 0xf6, 0xc3,
    0x10, 0x74, 0x17, 0x85, 0xf6, 0x0f, 0x98, 0xc1, 0xd9, 0xc0, 0xd9, 0xe0,
    0x84, 0xc9, 0xd9, 0xc1, 0xdb, 0xc9, 0xdd, 0xd9, 0xd9, 0x5a, 0x0c, 0x01,
    0xf6, 0x40, 0x89, 0x7d, 0xf0, 0x85, 0xc0, 0x78, 0x2f, 0x89, 0xd3, 0x89,
    0xc1, 0x8b, 0x55, 0xe8, 0x0f, 0xb6, 0x3a, 0x42, 0xd3, 0xe7, 0x09, 0xfe,
    0x83, 0xf9, 0x07, 0x8d, 0x49, 0xf8, 0x77, 0xf0, 0x89, 0xc1, 0xc1, 0xe9,
    0x03, 0x8b, 0x55, 0xe8, 0x01, 0xca, 0x42, 0x89, 0x55, 0xe8, 0x25, 0x07,
    0x00, 0x00, 0x80, 0x83, 0xc0, 0xf8, 0x89, 0xda, 0x83, 0xc2, 0x10, 0x89,
    0x55, 0xec, 0x89, 0xc1, 0x8b, 0x55, 0xe4, 0xe9, 0xa5, 0xfe, 0xff, 0xff,
    0xdd, 0xd8, 0x8b, 0x45, 0x98, 0x89, 0x85, 0x18, 0xbf, 0xff, 0xff, 0x8b,
    0x7d, 0x9c, 0x47, 0x3b, 0x7d, 0xb8, 0xbb, 0x01, 0x00, 0x00, 0x00, 0x0f,
    0x85, 0x7c, 0xf7, 0xff, 0xff, 0x8b, 0x45, 0x08, 0x0f, 0xb6, 0x88, 0x0b,
    0x18, 0x00, 0x00, 0xf6, 0xc1, 0x10, 0xb8, 0xff, 0xff, 0xff, 0xff, 0x75,
    0x40, 0x83, 0xe1, 0xe0, 0x83, 0xf9, 0x60, 0x8b, 0x75, 0xc4, 0x0f, 0x85,
    0xc2, 0x02, 0x00, 0x00, 0xb8, 0x00, 0xf7, 0xff, 0xff, 0xd9, 0x84, 0x05,
    0x90, 0xd3, 0xff, 0xff, 0xd9, 0x84, 0x05, 0x90, 0xdc, 0xff, 0xff, 0xd9,
    0xc1, 0xd8, 0xc1, 0xd9, 0x9c, 0x05, 0x90, 0xd3, 0xff, 0xff, 0xde, 0xe9,
    0xd9, 0x9c, 0x05, 0x90, 0xdc, 0xff, 0xff, 0x83, 0xc0, 0x04, 0x75, 0xd9,
    0xe9, 0x91, 0x02, 0x00, 0x00, 0x89, 0x4d, 0xec, 0x8b, 0x4d, 0xc4, 0x0f,
    0xb6, 0x51, 0x0d, 0x0f, 0xb6, 0x71, 0x0e, 0x85, 0xf6, 0x0f, 0x95, 0x45,
    0xe8, 0x8b, 0x09, 0x89, 0x85, 0xb4, 0xfe, 0xff, 0xff, 0x89, 0x85, 0xb0,
    0xfe, 0xff, 0xff, 0x89, 0x85, 0xac, 0xfe, 0xff, 0xff, 0x89, 0x55, 0xe4,
    0x01, 0xd6, 0x74, 0x67, 0x89, 0xca, 0x31, 0xc9, 0x8d, 0x9d, 0x90, 0xd3,
    0xff, 0xff, 0x89, 0x75, 0xf0, 0x0f, 0xb6, 0x3c, 0x0a, 0x85, 0xff, 0x74,
    0x4a, 0x31, 0xc0, 0xd9, 0x04, 0x83, 0xd9, 0xee, 0xd9, 0xc9, 0xdf, 0xe9,
    0xdd, 0xd8, 0x75, 0x1b, 0x7a, 0x19, 0xd9, 0x44, 0x83, 0x04, 0xd9, 0xee,
    0xd9, 0xc9, 0xdf, 0xe9, 0xdd, 0xd8, 0x75, 0x0b, 0x7a, 0x09, 0x83, 0xc0,
    0x02, 0x39, 0xf8, 0x73, 0x22, 0xeb, 0xd8, 0x89, 0xc8, 0x89, 0xd6, 0xba,
    0xab, 0xaa, 0xaa, 0xaa, 0xf7, 0xe2, 0xd1, 0xea, 0x8d, 0x04, 0x52, 0x89,
    0xca, 0x29, 0xc2, 0x89, 0x8c, 0x95, 0xac, 0xfe, 0xff, 0xff, 0x89, 0xf2,
    0x8b, 0x75, 0xf0, 0x8d, 0x1c, 0xbb, 0x41, 0x39, 0xf1, 0x75, 0xa6, 0x31,
    0xc0, 0x8a, 0x4d, 0xe8, 0x88, 0xc8, 0x8d, 0x04, 0x45, 0x01, 0x00, 0x00,
    0x00, 0x83, 0x7d, 0xe4, 0x00, 0x74, 0x2e, 0x8b, 0x8d, 0xac, 0xfe, 0xff,
    0xff, 0x8b, 0x95, 0xb0, 0xfe, 0xff, 0xff, 0x39, 0xd1, 0x0f, 0x4f, 0xd1,
    0x8b, 0x8d, 0xb4, 0xfe, 0xff, 0xff, 0x39, 0xca, 0x0f, 0x4e, 0xd1, 0x89,
    0x95, 0xb4, 0xfe, 0xff, 0xff, 0x89, 0x95, 0xb0, 0xfe, 0xff, 0xff, 0x89,
    0x95, 0xac, 0xfe, 0xff, 0xff, 0x89, 0xf1, 0x29, 0xc1, 0x8d, 0xbd, 0x57,
    0xfe, 0xff, 0xff, 0x01, 0xf9, 0x29, 0xc6, 0x29, 0xc6, 0x8d, 0x14, 0x37,
    0x31, 0xff, 0x8d, 0x1c, 0x3e, 0x39, 0x9c, 0xbd, 0xac, 0xfe, 0xff, 0xff,
    0x7d, 0x05, 0x8a, 0x1c, 0x3a, 0xeb, 0x12, 0x8b, 0x5d, 0x08, 0x8a, 0x9b,
    0x09, 0x18, 0x00, 0x00, 0xc0, 0xe3, 0x04, 0xc0, 0xfb, 0x07, 0x80, 0xe3,
    0x03, 0x88, 0x1c, 0x39, 0x47, 0x39, 0xf8, 0x75, 0xd5, 0x8b, 0x45, 0xc4,
    0x8b, 0x38, 0x8b, 0x45, 0x08, 0x8a, 0x80, 0x09, 0x18, 0x00, 0x00, 0x88,
    0x45, 0xe8, 0xa8, 0x08, 0xb9, 0x07, 0x00, 0x00, 0x00, 0xb8, 0x40, 0x00,
    0x00, 0x00, 0x0f, 0x44, 0xc8, 0x89, 0x4d, 0xe4, 0x8a, 0x0f, 0x84, 0xc9,
    0xd9, 0xee, 0x0f, 0x84, 0x45, 0x01, 0x00, 0x00, 0xdd, 0xd8, 0x8b, 0x45,
    0xc4, 0x0f, 0xb7, 0x40, 0x24, 0x83, 0xe0, 0x01, 0x89, 0x45, 0xe0, 0xf6,
    0x45, 0xec, 0x20, 0xd9, 0xe8, 0xd9, 0x05, 0x14, 0x11, 0x59, 0xc0, 0xda,
    0xc9, 0xdd, 0xd9, 0x31, 0xf6, 0x8d, 0x9d, 0x90, 0xca, 0xff, 0xff, 0x89,
    0x7d, 0xcc, 0x88, 0x4d, 0xf0, 0x89, 0xf0, 0xb9, 0xab, 0xaa, 0xaa, 0xaa,
    0xf7, 0xe1, 0xd1, 0xea, 0x8d, 0x04, 0x52, 0x89, 0xf1, 0x29, 0xc1, 0x3b,
    0xb4, 0x8d, 0xac, 0xfe, 0xff, 0xff, 0x7e, 0x70, 0x0f, 0xb6, 0x84, 0x35,
    0x57, 0xfe, 0xff, 0xff, 0x39, 0x45, 0xe4, 0x76, 0x63, 0xf6, 0x45, 0xe8,
    0x08, 0x0f, 0x85, 0x9a, 0x00, 0x00, 0x00, 0x89, 0x45, 0xdc, 0x8d, 0x50,
    0x01, 0xd1, 0xea, 0x8b, 0x4d, 0xe0, 0xd3, 0xe2, 0xd9, 0xe8, 0x83, 0xfa,
    0x78, 0xbf, 0x78, 0x00, 0x00, 0x00, 0x0f, 0x42, 0xfa, 0x89, 0xf9, 0x83,
    0xe1, 0x03, 0xd9, 0x04, 0x8d, 0xcc, 0x2e, 0x59, 0xc0, 0x89, 0xf9, 0xc1,
    0xe9, 0x02, 0xb8, 0x00, 0x00, 0x00, 0x40, 0xd3, 0xe8, 0x89, 0x85, 0x94,
    0xfe, 0xff, 0xff, 0xda, 0x8d, 0x94, 0xfe, 0xff, 0xff, 0xde, 0xc9, 0x29,
    0xfa, 0x7f, 0xcb, 0xf6, 0x45, 0xdc, 0x01, 0xd9, 0xe8, 0xd9, 0xc1, 0xda,
    0xc9, 0xd9, 0xc9, 0xda, 0xca, 0xdd, 0xda, 0x8b, 0x7d, 0xcc, 0xeb, 0x51,
    0xf6, 0x45, 0xec, 0x20, 0xd9, 0xee, 0xd9, 0xee, 0x74, 0x6b, 0xdd, 0xd9,
    0xdd, 0xd8, 0x0f, 0xb6, 0x45, 0xf0, 0x31, 0xc9, 0xd9, 0xee, 0xd9, 0xee,
    0xdd, 0xd9, 0xdd, 0xd8, 0xd9, 0x04, 0x8b, 0xd9, 0x84, 0x8b, 0x00, 0x09,
    0x00, 0x00, 0xd9, 0xc1, 0xd8, 0xc1, 0xd9, 0x1c, 0x8b, 0xde, 0xe9, 0xd9,
    0x9c, 0x8b, 0x00, 0x09, 0x00, 0x00, 0x41, 0x39, 0xc8, 0xd9, 0xee, 0xd9,
    0xee, 0x75, 0xd9, 0xeb, 0x34, 0xd9, 0x04, 0xc5, 0x34, 0x29, 0x59, 0xc0,
    0xd9, 0x04, 0xc5, 0x38, 0x29, 0x59, 0xc0, 0xd9, 0xc9, 0x0f, 0xb6, 0x45,
    0xf0, 0xd8, 0xca, 0xd9, 0xc9, 0xd8, 0xca, 0x31, 0xc9, 0xd9, 0x04, 0x8b,
    0xd9, 0xc1, 0xd8, 0xc9, 0xd9, 0x9c, 0x8b, 0x00, 0x09, 0x00, 0x00, 0xd8,
    0xca, 0xd9, 0x1c, 0x8b, 0x41, 0x39, 0xc8, 0x75, 0xe8, 0xdd, 0xd9, 0xdd,
    0xd8, 0x0f, 0xb6, 0x04, 0x37, 0x8d, 0x1c, 0x83, 0x8a, 0x4c, 0x37, 0x01,
    0x46, 0x84, 0xc9, 0x0f, 0x85, 0xe5, 0xfe, 0xff, 0xff, 0xdd, 0xd8, 0x8b,
    0x75, 0xc4, 0x83, 0x7d, 0xb8, 0x00, 0x0f, 0x8e, 0x98, 0x02, 0x00, 0x00,
    0x31, 0xff, 0x8a, 0x46, 0x0c, 0x31, 0xdb, 0x88, 0x45, 0xdc, 0x84, 0xc0,
    0x0f, 0x95, 0xc3, 0x01, 0xdb, 0x8b, 0x4d, 0x08, 0x0f, 0xb6, 0x81, 0x0a,
    0x18, 0x00, 0x00, 0xc1, 0xe8, 0x02, 0x83, 0xe0, 0x03, 0x0f, 0xb6, 0x89,
    0x09, 0x18, 0x00, 0x00, 0x89, 0xca, 0xc1, 0xea, 0x03, 0x83, 0xe2, 0x01,
    0x0f, 0xba, 0xe1, 0x04, 0x83, 0xd2, 0x00, 0x8d, 0x0c, 0x52, 0x01, 0xc1,
    0x83, 0xf9, 0x02, 0x0f, 0x94, 0xc1, 0xd3, 0xe3, 0x80, 0x7e, 0x0e, 0x00,
    0x8d, 0x0c, 0xff, 0x89, 0x5d, 0xe8, 0x89, 0x75, 0xc4, 0x89, 0x7d, 0xcc,
    0x89, 0x4d, 0xe0, 0x74, 0x6f, 0xc1, 0xe1, 0x08, 0x8d, 0x85, 0x90, 0xca,
    0xff, 0xff, 0x01, 0xc1, 0x8d, 0x04, 0xdb, 0x89, 0x4d, 0xec, 0x8d, 0x1c,
    0xc1, 0x8b, 0x3e, 0x0f, 0xb6, 0x46, 0x0d, 0x8a, 0x0c, 0x07, 0x84, 0xc9,
    0x89, 0x5d, 0xd0, 0x74, 0x5f, 0x01, 0xc7, 0x8d, 0x95, 0x30, 0xdd, 0xff,
    0xff, 0x89, 0x7d, 0xf0, 0x0f, 0xb6, 0xf9, 0x8d, 0x04, 0xfb, 0x8d, 0x0c,
    0xbb, 0x8d, 0x34, 0x7f, 0x8d, 0x34, 0xb2, 0x89, 0x75, 0xe4, 0x31, 0xf6,
    0xd9, 0x04, 0xb3, 0xd9, 0x1a, 0xd9, 0x04, 0xb1, 0xd9, 0x5a, 0x04, 0xd9,
    0x00, 0xd9, 0x5a, 0x08, 0x83, 0xc2, 0x0c, 0x46, 0x83, 0xc0, 0x04, 0x39,
    0xf7, 0x75, 0xe5, 0x8b, 0x7d, 0xf0, 0x8a, 0x4f, 0x03, 0x83, 0xc7, 0x03,
    0x89, 0xc3, 0x84, 0xc9, 0x75, 0xbf, 0xeb, 0x1d, 0x89, 0xca, 0xc1, 0xe2,
    0x08, 0x8d, 0x85, 0x90, 0xca, 0xff, 0xff, 0x01, 0xc2, 0xb8, 0x1f, 0x00,
    0x00, 0x00, 0xeb, 0x32, 0x8d, 0x85, 0x30, 0xdd, 0xff, 0xff, 0x89, 0x45,
    0xe4, 0x8d, 0x85, 0x30, 0xdd, 0xff, 0xff, 0x8b, 0x4d, 0xe4, 0x29, 0xc1,
    0x51, 0x50, 0xff, 0x75, 0xd0, 0xe8, 0x92, 0xe2, 0xff, 0xff, 0x83, 0xc4,
    0x0c, 0x80, 0x7d, 0xdc, 0x00, 0x0f, 0x84, 0xa4, 0x00, 0x00, 0x00, 0x8b,
    0x45, 0xe8, 0x48, 0x8b, 0x55, 0xec, 0x8d, 0x4a, 0x44, 0x89, 0x55, 0xec,
    0x8d, 0x7a, 0x48, 0xbb, 0x48, 0x00, 0x00, 0x00, 0x89, 0xce, 0xd9, 0x04,
    0x1a, 0xd9, 0x06, 0xd9, 0x83, 0x24, 0x29, 0x59, 0xc0, 0xd9, 0x83, 0x44,
    0x29, 0x59, 0xc0, 0xd9, 0xc2, 0xd8, 0xc9, 0xd9, 0xc4, 0xd8, 0xcb, 0xde,
    0xe1, 0xd9, 0x1c, 0x1a, 0xd9, 0xca, 0xde, 0xc9, 0xd9, 0xca, 0xde, 0xc9,
    0xde, 0xc1, 0xd9, 0x1e, 0x83, 0xc3, 0x04, 0x83, 0xc6, 0xfc, 0x83, 0xfb,
    0x68, 0x75, 0xcb, 0x83, 0xc1, 0x48, 0x89, 0xfa, 0x83, 0xf8, 0x01, 0x8d,
    0x40, 0xff, 0x7f, 0xb4, 0x8b, 0x4d, 0xe0, 0x89, 0xcf, 0xc1, 0xe7, 0x07,
    0x03, 0x7d, 0x08, 0x8b, 0x45, 0xc4, 0x8a, 0x40, 0x0b, 0x80, 0x7d, 0xdc,
    0x00, 0x74, 0x43, 0xc1, 0xe1, 0x08, 0x88, 0x45, 0xf0, 0x8d, 0x85, 0x90,
    0xca, 0xff, 0xff, 0x01, 0xc1, 0x89, 0xcb, 0x8b, 0x4d, 0xec, 0x89, 0xfa,
    0x8b, 0x75, 0xe8, 0x56, 0x68, 0xac, 0x29, 0x59, 0xc0, 0xe8, 0x98, 0x15,
    0x00, 0x00, 0x83, 0xc4, 0x08, 0x8d, 0x04, 0xf6, 0x8d, 0x1c, 0xc3, 0x8d,
    0x3c, 0x87, 0x8a, 0x45, 0xf0, 0xeb, 0x12, 0x8b, 0x7d, 0xe0, 0xc1, 0xe7,
    0x07, 0x03, 0x7d, 0x08, 0x8b, 0x45, 0xc4, 0x8a, 0x40, 0x0b, 0x8b, 0x5d,
    0xec, 0x3c, 0x02, 0x75, 0x72, 0xb9, 0x21, 0x00, 0x00, 0x00, 0x2b, 0x4d,
    0xe8, 0x89, 0x4d, 0xf0, 0x6a, 0x48, 0x53, 0x8d, 0x85, 0xac, 0xfe, 0xff,
    0xff, 0x50, 0xe8, 0xb1, 0xe1, 0xff, 0xff, 0x83, 0xc4, 0x0c, 0x6a, 0x18,
    0x57, 0x53, 0xe8, 0xa5, 0xe1, 0xff, 0xff, 0x83, 0xc4, 0x0c, 0x8d, 0x53,
    0x18, 0x8d, 0x77, 0x18, 0x8d, 0x8d, 0xac, 0xfe, 0xff, 0xff, 0x56, 0xe8,
    0x65, 0x17, 0x00, 0x00, 0x83, 0xc4, 0x04, 0x8d, 0x53, 0x30, 0x8d, 0x8d,
    0xb0, 0xfe, 0xff, 0xff, 0x56, 0xe8, 0x53, 0x17, 0x00, 0x00, 0x83, 0xc4,
    0x04, 0x8d, 0x8d, 0xb4, 0xfe, 0xff, 0xff, 0x89, 0xfa, 0x56, 0xe8, 0x42,
    0x17, 0x00, 0x00, 0x8b, 0x4d, 0xf0, 0x83, 0xc4, 0x04, 0x49, 0x83, 0xc3,
    0x48, 0x83, 0xc7, 0x24, 0x83, 0xf9, 0x01, 0x77, 0x98, 0xeb, 0x2a, 0x89,
    0xc1, 0x31, 0xc0, 0x80, 0xf9, 0x03, 0x0f, 0x94, 0xc0, 0x8d, 0x04, 0xc0,
    0x8d, 0x04, 0xc5, 0xac, 0x29, 0x59, 0xc0, 0xbe, 0x20, 0x00, 0x00, 0x00,
    0x2b, 0x75, 0xe8, 0x89, 0xd9, 0x89, 0xfa, 0x56, 0x50, 0xe8, 0xd8, 0x14,
    0x00, 0x00, 0x83, 0xc4, 0x08, 0x8b, 0x5d, 0xec, 0x83, 0xc3, 0x4c, 0x31,
    0xc0, 0x31, 0xd2, 0x4a, 0x8b, 0x75, 0xc4, 0x8b, 0x7d, 0xcc, 0x89, 0xd1,
    0x80, 0x74, 0x8b, 0x07, 0x80, 0x83, 0xc1, 0x02, 0x83, 0xf9, 0x10, 0x72,
    0xf3, 0x81, 0xc3, 0x90, 0x00, 0x00, 0x00, 0x83, 0xf8, 0x1e, 0x8d, 0x40,
    0x02, 0x72, 0xe3, 0x47, 0x83, 0xc6, 0x1c, 0x3b, 0x7d, 0xb8, 0x0f, 0x85,
    0x6a, 0xfd, 0xff, 0xff, 0x8b, 0x45, 0x18, 0x8b, 0x40, 0x08, 0x89, 0x45,
    0xe0, 0x85, 0xc0, 0x0f, 0x8e, 0xe4, 0x02, 0x00, 0x00, 0x31, 0xc9, 0x8d,
    0xbd, 0x90, 0xca, 0xff, 0xff, 0x8d, 0xb5, 0xc8, 0xce, 0xff, 0xff, 0x89,
    0x4d, 0xd4, 0x8d, 0x0c, 0xc9, 0xc1, 0xe1, 0x08, 0x8d, 0x85, 0x90, 0xca,
    0xff, 0xff, 0x01, 0xc1, 0x89, 0x4d, 0xd8, 0x89, 0x7d, 0xc8, 0x89, 0x75,
    0xc0, 0x31, 0xc9, 0x8b, 0x45, 0xd8, 0x8d, 0x14, 0x88, 0x31, 0xc0, 0x89,
    0x7d, 0xd0, 0x89, 0xf3, 0xd9, 0x07, 0xd9, 0x03, 0xd9, 0x87, 0x80, 0x04,
    0x00, 0x00, 0xd9, 0x83, 0x80, 0x04, 0x00, 0x00, 0xd9, 0xc2, 0xd8, 0xe2,
    0xd8, 0x8c, 0x40, 0x9c, 0x2a, 0x59, 0xc0, 0xd9, 0xc4, 0xd8, 0xc2, 0xd9,
    0xcd, 0xde, 0xe2, 0xd9, 0xc9, 0xd8, 0x8c, 0x40, 0xa0, 0x2a, 0x59, 0xc0,
    0xd9, 0xcb, 0xde, 0xc2, 0xd9, 0xc1, 0xd8, 0xc4, 0xd9, 0x9c, 0x05, 0xac,
    0xfe, 0xff, 0xff, 0xd9, 0xcb, 0xde, 0xe1, 0xd9, 0x84, 0x40, 0xa4, 0x2a,
    0x59, 0xc0, 0xdc, 0xc9, 0xd9, 0xc9, 0xd9, 0x9c, 0x05, 0xcc, 0xfe, 0xff,
    0xff, 0xd9, 0xc2, 0xd8, 0xc2, 0xd9, 0x9c, 0x05, 0xec, 0xfe, 0xff, 0xff,
    0xd9, 0xc9, 0xde, 0xe2, 0xde, 0xc9, 0xd9, 0x9c, 0x05, 0x0c, 0xff, 0xff,
    0xff, 0x83, 0xc0, 0x04, 0x83, 0xc3, 0xb8, 0x83, 0xc7, 0x48, 0x83, 0xf8,
    0x20, 0x75, 0x89, 0x31, 0xc0, 0xd9, 0x84, 0x05, 0xac, 0xfe, 0xff, 0xff,
    0xd9, 0x84, 0x05, 0xb0, 0xfe, 0xff, 0xff, 0xd9, 0x84, 0x05, 0xb4, 0xfe,
    0xff, 0xff, 0xd9, 0x84, 0x05, 0xc0, 0xfe, 0xff, 0xff, 0xd9, 0x84, 0x05,
    0xc4, 0xfe, 0xff, 0xff, 0xd9, 0x84, 0x05, 0xc8, 0xfe, 0xff, 0xff, 0xd9,
    0xc5, 0xd8, 0xe1, 0xd9, 0x5d, 0xf0, 0xde, 0xc5, 0xd9, 0xc3, 0xd8, 0xe1,
    0xd9, 0x5d, 0xdc, 0xde, 0xc3, 0xd9, 0xc1, 0xd8, 0xe1, 0xd9, 0xca, 0xde,
    0xc1, 0xd9, 0x84, 0x05, 0xb8, 0xfe, 0xff, 0xff, 0xd9, 0x84, 0x05, 0xbc,
    0xfe, 0xff, 0xff, 0xd9, 0xc1, 0xd8, 0xe1, 0xd9, 0x5d, 0xe8, 0xde, 0xc1,
    0xd9, 0xc4, 0xd8, 0xe1, 0xd9, 0x5d, 0xe4, 0xde, 0xc4, 0xd9, 0xc2, 0xd8,
    0xe1, 0xd9, 0x5d, 0xec, 0xde, 0xc2, 0xd9, 0xc1, 0xd8, 0xc3, 0xd9, 0x9c,
    0x05, 0xac, 0xfe, 0xff, 0xff, 0xd9, 0xca, 0xde, 0xe1, 0xd9, 0x05, 0x20,
    0x11, 0x59, 0xc0, 0xdc, 0xc9, 0xd9, 0xc9, 0xd9, 0x9c, 0x05, 0xbc, 0xfe,
    0xff, 0xff, 0xd9, 0x45, 0xe8, 0xd8, 0xc2, 0xd9, 0x45, 0xdc, 0xdc, 0xc3,
    0xd9, 0x45, 0xf0, 0xdc, 0xc1, 0xd9, 0x05, 0x08, 0x11, 0x59, 0xc0, 0xd9,
    0xc2, 0xd8, 0xc9, 0xde, 0xec, 0xd9, 0xcd, 0xd8, 0xcc, 0xd9, 0x5d, 0xdc,
    0xd9, 0x45, 0xe4, 0xd9, 0x45, 0xec, 0xd8, 0xc1, 0xd9, 0x5d, 0xec, 0xd9,
    0xc3, 0xd8, 0x0d, 0x68, 0x11, 0x59, 0xc0, 0xd9, 0x5d, 0xcc, 0xd9, 0x45,
    0xec, 0xde, 0xcd, 0xd9, 0xcc, 0xd9, 0x5d, 0xe8, 0xd9, 0x45, 0xcc, 0xde,
    0xc2, 0xd9, 0xcc, 0xd8, 0xc9, 0xde, 0xea, 0xd9, 0x45, 0xdc, 0xd9, 0xc4,
    0xd8, 0xc1, 0xd9, 0x55, 0xec, 0xd8, 0xc2, 0xd8, 0x0d, 0x74, 0x11, 0x59,
    0xc0, 0xd9, 0xcd, 0xde, 0xe1, 0xd9, 0x45, 0xe8, 0xd9, 0xc4, 0xd8, 0xc1,
    0xd8, 0x0d, 0x54, 0x11, 0x59, 0xc0, 0xd9, 0xce, 0xd9, 0x9c, 0x05, 0xb0,
    0xfe, 0xff, 0xff, 0xd9, 0xcd, 0xd9, 0x9c, 0x05, 0xb4, 0xfe, 0xff, 0xff,
    0xd9, 0xc0, 0xd8, 0xe3, 0xd9, 0xc9, 0xde, 0xc3, 0xd8, 0x0d, 0xf8, 0x10,
    0x59, 0xc0, 0xd9, 0xca, 0xd8, 0x0d, 0x64, 0x11, 0x59, 0xc0, 0xd9, 0xca,
    0xd9, 0x9c, 0x05, 0xb8, 0xfe, 0xff, 0xff, 0xd9, 0xc9, 0xd9, 0x9c, 0x05,
    0xc0, 0xfe, 0xff, 0xff, 0xd9, 0xc9, 0xde, 0xe2, 0xd9, 0x45, 0xec, 0xde,
    0xe1, 0xd9, 0xc9, 0xd8, 0x0d, 0x50, 0x11, 0x59, 0xc0, 0xd9, 0xc9, 0xd8,
    0x0d, 0x70, 0x11, 0x59, 0xc0, 0xd9, 0xc9, 0xd9, 0x9c, 0x05, 0xc4, 0xfe,
    0xff, 0xff, 0xd9, 0x9c, 0x05, 0xc8, 0xfe, 0xff, 0xff, 0x83, 0xc0, 0x20,
    0x3d, 0x80, 0x00, 0x00, 0x00, 0x0f, 0x85, 0x92, 0xfe, 0xff, 0xff, 0xd9,
    0x85, 0xec, 0xfe, 0xff, 0xff, 0xd9, 0x85, 0x0c, 0xff, 0xff, 0xff, 0xb8,
    0x19, 0x00, 0x00, 0x00, 0xd9, 0x85, 0xcc, 0xfe, 0xff, 0xff, 0x8b, 0x7d,
    0xd0, 0xd9, 0x84, 0x85, 0x48, 0xfe, 0xff, 0xff, 0xd9, 0x1a, 0xd9, 0xca,
    0xd8, 0xc1, 0xd9, 0x84, 0x85, 0x8c, 0xfe, 0xff, 0xff, 0xdc, 0xc2, 0xd9,
    0x84, 0x85, 0xac, 0xfe, 0xff, 0xff, 0xdc, 0xc2, 0xd9, 0xca, 0xd9, 0x5a,
    0x48, 0xd9, 0x84, 0x85, 0x6c, 0xfe, 0xff, 0xff, 0xdc, 0xc4, 0xd9, 0xcc,
    0xd9, 0x9a, 0x90, 0x00, 0x00, 0x00, 0xd9, 0xca, 0xd8, 0xc1, 0xd9, 0x9a,
    0xd8, 0x00, 0x00, 0x00, 0x81, 0xc2, 0x20, 0x01, 0x00, 0x00, 0x40, 0x83,
    0xf8, 0x20, 0xd9, 0xc9, 0xd9, 0xca, 0x75, 0xb1, 0xdd, 0xda, 0xdd, 0xd9,
    0xdd, 0xd8, 0xd9, 0x85, 0xc8, 0xfe, 0xff, 0xff, 0xd9, 0x1a, 0xd9, 0x85,
    0x28, 0xff, 0xff, 0xff, 0xd9, 0xc0, 0xd8, 0x85, 0x08, 0xff, 0xff, 0xff,
    0xd9, 0x5a, 0x48, 0xd9, 0x85, 0xe8, 0xfe, 0xff, 0xff, 0xd9, 0x9a, 0x90,
    0x00, 0x00, 0x00, 0xd9, 0x9a, 0xd8, 0x00, 0x00, 0x00, 0x41, 0x83, 0xc6,
    0x04, 0x83, 0xc7, 0x04, 0x83, 0xf9, 0x12, 0x0f, 0x85, 0x62, 0xfd, 0xff,
    0xff, 0x8b, 0x4d, 0xd4, 0x41, 0xb8, 0x00, 0x09, 0x00, 0x00, 0x8b, 0x75,
    0xc0, 0x01, 0xc6, 0x8b, 0x7d, 0xc8, 0x01, 0xc7, 0x3b, 0x4d, 0xe0, 0x0f,
    0x85, 0x2a, 0xfd, 0xff, 0xff, 0x68, 0x00, 0x0f, 0x00, 0x00, 0xff, 0xb5,
    0x74, 0xff, 0xff, 0xff, 0x8d, 0x85, 0x30, 0xdd, 0xff, 0xff, 0x50, 0xe8,
    0xe8, 0xdd, 0xff, 0xff, 0x83, 0xc4, 0x0c, 0x8b, 0x45, 0xe0, 0x89, 0xc1,
    0xc1, 0xe1, 0x05, 0x89, 0x4d, 0xc4, 0x48, 0x89, 0x85, 0x9c, 0xfe, 0xff,
    0xff, 0xc1, 0xe0, 0x08, 0x8d, 0x04, 0xc0, 0x89, 0x85, 0xa0, 0xfe, 0xff,
    0xff, 0x31, 0xd2, 0x8d, 0x8d, 0x10, 0xe6, 0xff, 0xff, 0x8d, 0x85, 0x10,
    0xe7, 0xff, 0xff, 0x89, 0x85, 0x34, 0xff, 0xff, 0xff, 0x8d, 0xb5, 0x10,
    0xe8, 0xff, 0xff, 0x8d, 0xbd, 0x10, 0xe9, 0xff, 0xff, 0x8d, 0x9d, 0x10,
    0xea, 0xff, 0xff, 0x8d, 0x85, 0x10, 0xeb, 0xff, 0xff, 0x89, 0x85, 0x38,
    0xff, 0xff, 0xff, 0x8d, 0x85, 0x10, 0xec, 0xff, 0xff, 0x89, 0x85, 0x3c,
    0xff, 0xff, 0xff, 0x8d, 0x85, 0x10, 0xed, 0xff, 0xff, 0x89, 0x85, 0x40,
    0xff, 0xff, 0xff, 0x89, 0xbd, 0x2c, 0xff, 0xff, 0xff, 0x89, 0x4d, 0x9c,
    0x89, 0x75, 0xb8, 0x89, 0x9d, 0x30, 0xff, 0xff, 0xff, 0x8d, 0x85, 0x90,
    0xca, 0xff, 0xff, 0x8d, 0x1c, 0x90, 0x89, 0xd0, 0x0f, 0xaf, 0x45, 0xc4,
    0x8b, 0x8d, 0x44, 0xff, 0xff, 0xff, 0x8d, 0x04, 0x41, 0x89, 0x45, 0xec,
    0x89, 0xd6, 0xc1, 0xe6, 0x08, 0x8d, 0xbd, 0x30, 0xdd, 0xff, 0xff, 0x8d,
    0x04, 0x37, 0x89, 0x45, 0x98, 0x8b, 0x85, 0xa0, 0xfe, 0xff, 0xff, 0x8d,
    0x0c, 0x03, 0x89, 0x8d, 0x6c, 0xff, 0xff, 0xff, 0xd9, 0x84, 0x95, 0x10,
    0xcf, 0xff, 0xff, 0xd9, 0x9c, 0x35, 0x20, 0xed, 0xff, 0xff, 0xd9, 0x84,
    0x18, 0x80, 0x04, 0x00, 0x00, 0xd9, 0x9c, 0x35, 0x24, 0xed, 0xff, 0xff,
    0xd9, 0x84, 0x95, 0x90, 0xca, 0xff, 0xff, 0xd9, 0x9c, 0x35, 0x28, 0xed,
    0xff, 0xff, 0xd9, 0x04, 0x18, 0xd9, 0x9c, 0x35, 0x2c, 0xed, 0xff, 0xff,
    0xd9, 0x84, 0x95, 0x14, 0xcf, 0xff, 0xff, 0xd9, 0x9c, 0x35, 0x20, 0xee,
    0xff, 0xff, 0xd9, 0x84, 0x18, 0x84, 0x04, 0x00, 0x00, 0xd9, 0x9c, 0x35,
    0x24, 0xee, 0xff, 0xff, 0x89, 0x95, 0x98, 0xfe, 0xff, 0xff, 0xd9, 0x84,
    0x95, 0x94, 0xca, 0xff, 0xff, 0xd9, 0x9c, 0x35, 0x28, 0xee, 0xff, 0xff,
    0x89, 0x9d, 0x68, 0xff, 0xff, 0xff, 0xd9, 0x44, 0x18, 0x04, 0xd9, 0x9c,
    0x35, 0x2c, 0xee, 0xff, 0xff, 0x8b, 0x85, 0x9c, 0xfe, 0xff, 0xff, 0x8b,
    0x4d, 0xec, 0x8d, 0x3c, 0x41, 0x8d, 0x8d, 0x30, 0xdd, 0xff, 0xff, 0x8d,
    0x84, 0x31, 0xf0, 0x00, 0x00, 0x00, 0x89, 0x45, 0xf0, 0x8d, 0x84, 0x31,
    0xf4, 0x00, 0x00, 0x00, 0x89, 0xf9, 0x8b, 0x5d, 0xe0, 0x89, 0xda, 0x50,
    0xe8, 0x4b, 0x13, 0x00, 0x00, 0x83, 0xc4, 0x04, 0x89, 0x7d, 0xe4, 0x8b,
    0x45, 0xc4, 0x8d, 0x0c, 0x47, 0x8d, 0x85, 0x30, 0xdd, 0xff, 0xff, 0x8d,
    0xbc, 0x30, 0xf0, 0x01, 0x00, 0x00, 0x01, 0xf0, 0x05, 0xf4, 0x01, 0x00,
    0x00, 0x89, 0xda, 0x50, 0xe8, 0x23, 0x13, 0x00, 0x00, 0x83, 0xc4, 0x04,
    0x8b, 0x75, 0xec, 0x89, 0xf1, 0x89, 0xda, 0xff, 0x75, 0xf0, 0xe8, 0x11,
    0x13, 0x00, 0x00, 0x83, 0xc4, 0x04, 0x8b, 0x45, 0xc4, 0x8d, 0x0c, 0x46,
    0x89, 0xda, 0x57, 0xe8, 0x00, 0x13, 0x00, 0x00, 0x83, 0xc4, 0x04, 0xba,
    0xfc, 0x2a, 0x59, 0xc0, 0xb8, 0x0e, 0x00, 0x00, 0x00, 0x8b, 0x4d, 0x9c,
    0x8b, 0x9d, 0x34, 0xff, 0xff, 0xff, 0x8b, 0x75, 0xb8, 0x8b, 0xbd, 0x2c,
    0xff, 0xff, 0xff, 0x89, 0x7d, 0xd4, 0x8b, 0xbd, 0x30, 0xff, 0xff, 0xff,
    0x89, 0x7d, 0xe8, 0x8b, 0xbd, 0x38, 0xff, 0xff, 0xff, 0x89, 0x7d, 0xc8,
    0x8b, 0xbd, 0x3c, 0xff, 0xff, 0xff, 0x89, 0x7d, 0xc0, 0x8b, 0xbd, 0x40,
    0xff, 0xff, 0xff, 0x89, 0x45, 0xf0, 0x89, 0x75, 0xd0, 0x89, 0x5d, 0xcc,
    0x89, 0x4d, 0xdc, 0x89, 0x55, 0xb4, 0xbe, 0x1f, 0x00, 0x00, 0x00, 0x29,
    0xc6, 0xc1, 0xe6, 0x03, 0x8d, 0x1c, 0xf6, 0x8b, 0x8d, 0x68, 0xff, 0xff,
    0xff, 0xd9, 0x04, 0x19, 0x89, 0xc6, 0xc1, 0xe6, 0x04, 0x8b, 0x45, 0x98,
    0xd9, 0x9c, 0x30, 0x00, 0x0f, 0x00, 0x00, 0x8b, 0x95, 0x6c, 0xff, 0xff,
    0xff, 0xd9, 0x04, 0x1a, 0xd9, 0x9c, 0x30, 0x04, 0x0f, 0x00, 0x00, 0xd9,
    0x44, 0x19, 0x04, 0xd9, 0x9c, 0x30, 0x08, 0x0f, 0x00, 0x00, 0xd9, 0x44,
    0x1a, 0x04, 0xd9, 0x9c, 0x30, 0x0c, 0x0f, 0x00, 0x00, 0x8b, 0x5d, 0xf0,
    0x8d, 0x1c, 0xdd, 0x00, 0x00, 0x00, 0x00, 0x8d, 0x1c, 0xdb, 0xd9, 0x44,
    0x19, 0x4c, 0xd9, 0x9c, 0x30, 0x00, 0x10, 0x00, 0x00, 0xd9, 0x44, 0x1a,
    0x4c, 0xd9, 0x9c, 0x30, 0x04, 0x10, 0x00, 0x00, 0xd9, 0x44, 0x19, 0x48,
    0xd9, 0x9c, 0x30, 0x08, 0x0e, 0x00, 0x00, 0xd9, 0x44, 0x1a, 0x48, 0x8b,
    0x55, 0xb4, 0xd9, 0x9c, 0x30, 0x0c, 0x0e, 0x00, 0x00, 0xd9, 0x02, 0xd9,
    0x42, 0x04, 0xd9, 0xc0, 0xd9, 0xe0, 0x31, 0xf6, 0xd9, 0x04, 0xb7, 0xd9,
    0x84, 0xb7, 0x00, 0xf1, 0xff, 0xff, 0xd9, 0xc4, 0xd8, 0xc9, 0xd9, 0xc2,
    0xd8, 0xcd, 0xde, 0xc1, 0xd9, 0x5c, 0xb5, 0xa4, 0xd8, 0xca, 0xd9, 0xc9,
    0xd8, 0xcc, 0xde, 0xc1, 0xd9, 0x9c, 0xb5, 0xac, 0xfe, 0xff, 0xff, 0x46,
    0x83, 0xfe, 0x04, 0x75, 0xd3, 0xdd, 0xda, 0xdd, 0xd8, 0xdd, 0xd8, 0xd9,
    0x42, 0x08, 0xd9, 0x42, 0x0c, 0xd9, 0xc1, 0xd9, 0xe0, 0x31, 0xf6, 0x8b,
    0x4d, 0xd4, 0x8b, 0x45, 0xc8, 0x8b, 0x5d, 0xc0, 0xd9, 0x04, 0xb3, 0xd9,
    0x84, 0xb3, 0x00, 0xf3, 0xff, 0xff, 0xd9, 0xc4, 0xd8, 0xc9, 0xd9, 0xc2,
    0xd8, 0xcd, 0xde, 0xc1, 0xd8, 0x44, 0xb5, 0xa4, 0xd9, 0xca, 0xd8, 0xcb,
    0xd9, 0xc9, 0xd8, 0xcc, 0xde, 0xc1, 0xd8, 0x84, 0xb5, 0xac, 0xfe, 0xff,
    0xff, 0xd9, 0xc9, 0xd9, 0x5c, 0xb5, 0xa4, 0xd9, 0x9c, 0xb5, 0xac, 0xfe,
    0xff, 0xff, 0x46, 0x83, 0xfe, 0x04, 0x75, 0xc4, 0xdd, 0xda, 0xdd, 0xd8,
    0xdd, 0xd8, 0xd9, 0x42, 0x10, 0xd9, 0x42, 0x14, 0xd9, 0xc0, 0xd9, 0xe0,
    0x31, 0xf6, 0x8b, 0x5d, 0xcc, 0xd9, 0x04, 0xb0, 0xd9, 0x84, 0xb0, 0x00,
    0xf5, 0xff, 0xff, 0xd9, 0xc4, 0xd8, 0xc9, 0xd9, 0xc2, 0xd8, 0xcd, 0xde,
    0xc1, 0xd8, 0x44, 0xb5, 0xa4, 0xd9, 0xc9, 0xd8, 0xcb, 0xd9, 0xca, 0xd8,
    0xcd, 0xde, 0xc2, 0xd9, 0xc9, 0xd8, 0x84, 0xb5, 0xac, 0xfe, 0xff, 0xff,
    0xd9, 0xc9, 0xd9, 0x5c, 0xb5, 0xa4, 0xd9, 0x9c, 0xb5, 0xac, 0xfe, 0xff,
    0xff, 0x46, 0x83, 0xfe, 0x04, 0x75, 0xc2, 0xdd, 0xda, 0xdd, 0xd8, 0xdd,
    0xd8, 0xd9, 0x42, 0x18, 0xd9, 0x42, 0x1c, 0xd9, 0xc1, 0xd9, 0xe0, 0x31,
    0xf6, 0x8b, 0x45, 0xe8, 0xd9, 0x04, 0xb0, 0xd9, 0x84, 0xb0, 0x00, 0xf7,
    0xff, 0xff, 0xd9, 0xc4, 0xd8, 0xc9, 0xd9, 0xc2, 0xd8, 0xcd, 0xde, 0xc1,
    0xd8, 0x44, 0xb5, 0xa4, 0xd9, 0xca, 0xd8, 0xcb, 0xd9, 0xc9, 0xd8, 0xcc,
    0xde, 0xc1, 0xd8, 0x84, 0xb5, 0xac, 0xfe, 0xff, 0xff, 0xd9, 0xc9, 0xd9,
    0x5c, 0xb5, 0xa4, 0xd9, 0x9c, 0xb5, 0xac, 0xfe, 0xff, 0xff, 0x46, 0x83,
    0xfe, 0x04, 0x75, 0xc4, 0xdd, 0xda, 0xdd, 0xd8, 0xdd, 0xd8, 0xd9, 0x42,
    0x20, 0xd9, 0x42, 0x24, 0xd9, 0xc0, 0xd9, 0xe0, 0x31, 0xf6, 0xd9, 0x04,
    0xb1, 0xd9, 0x84, 0xb1, 0x00, 0xf9, 0xff, 0xff, 0xd9, 0xc4, 0xd8, 0xc9,
    0xd9, 0xc2, 0xd8, 0xcd, 0xde, 0xc1, 0xd8, 0x44, 0xb5, 0xa4, 0xd9, 0xc9,
    0xd8, 0xcb, 0xd9, 0xca, 0xd8, 0xcd, 0xde, 0xc2, 0xd9, 0xc9, 0xd8, 0x84,
    0xb5, 0xac, 0xfe, 0xff, 0xff, 0xd9, 0xc9, 0xd9, 0x5c, 0xb5, 0xa4, 0xd9,
    0x9c, 0xb5, 0xac, 0xfe, 0xff, 0xff, 0x46, 0x83, 0xfe, 0x04, 0x75, 0xc2,
    0xdd, 0xda, 0xdd, 0xd8, 0xdd, 0xd8, 0xd9, 0x42, 0x28, 0xd9, 0x42, 0x2c,
    0xd9, 0xc1, 0xd9, 0xe0, 0x31, 0xf6, 0x8b, 0x4d, 0xd0, 0xd9, 0x04, 0xb1,
    0xd9, 0x84, 0xb1, 0x00, 0xfb, 0xff, 0xff, 0xd9, 0xc4, 0xd8, 0xc9, 0xd9,
    0xc2, 0xd8, 0xcd, 0xde, 0xc1, 0xd8, 0x44, 0xb5, 0xa4, 0xd9, 0xca, 0xd8,
    0xcb, 0xd9, 0xc9, 0xd8, 0xcc, 0xde, 0xc1, 0xd8, 0x84, 0xb5, 0xac, 0xfe,
    0xff, 0xff, 0xd9, 0xc9, 0xd9, 0x5c, 0xb5, 0xa4, 0xd9, 0x9c, 0xb5, 0xac,
    0xfe, 0xff, 0xff, 0x46, 0x83, 0xfe, 0x04, 0x75, 0xc4, 0xdd, 0xda, 0xdd,
    0xd8, 0xdd, 0xd8, 0xd9, 0x42, 0x30, 0xd9, 0x42, 0x34, 0xd9, 0xc0, 0xd9,
    0xe0, 0x31, 0xf6, 0xd9, 0x04, 0xb3, 0xd9, 0x84, 0xb3, 0x00, 0xfd, 0xff,
    0xff, 0xd9, 0xc4, 0xd8, 0xc9, 0xd9, 0xc2, 0xd8, 0xcd, 0xde, 0xc1, 0xd8,
    0x44, 0xb5, 0xa4, 0xd9, 0xc9, 0xd8, 0xcb, 0xd9, 0xca, 0xd8, 0xcd, 0xde,
    0xc2, 0xd9, 0xc9, 0xd8, 0x84, 0xb5, 0xac, 0xfe, 0xff, 0xff, 0xd9, 0xc9,
    0xd9, 0x5c, 0xb5, 0xa4, 0xd9, 0x9c, 0xb5, 0xac, 0xfe, 0xff, 0xff, 0x46,
    0x83, 0xfe, 0x04, 0x75, 0xc2, 0xdd, 0xda, 0xdd, 0xd8, 0xdd, 0xd8, 0xd9,
    0x42, 0x38, 0xd9, 0x42, 0x3c, 0xd9, 0xc1, 0xd9, 0xe0, 0x31, 0xf6, 0x8b,
    0x5d, 0xdc, 0xd9, 0x04, 0xb3, 0xd9, 0x84, 0xb3, 0x00, 0xff, 0xff, 0xff,
    0xd9, 0xc4, 0xd8, 0xc9, 0xd9, 0xc2, 0xd8, 0xcd, 0xde, 0xc1, 0xd8, 0x44,
    0xb5, 0xa4, 0xd9, 0xca, 0xd8, 0xcb, 0xd9, 0xc9, 0xd8, 0xcc, 0xde, 0xc1,
    0xd8, 0x84, 0xb5, 0xac, 0xfe, 0xff, 0xff, 0xd9, 0xc9, 0xd9, 0x5c, 0xb5,
    0xa4, 0xd9, 0x9c, 0xb5, 0xac, 0xfe, 0xff, 0xff, 0x46, 0x83, 0xfe, 0x04,
    0x75, 0xc4, 0xdd, 0xda, 0xdd, 0xd8, 0xdd, 0xd8, 0xd9, 0x85, 0xb0, 0xfe,
    0xff, 0xff, 0x66, 0xb9, 0xff, 0x7f, 0xd9, 0x05, 0x00, 0x11, 0x59, 0xc0,
    0xd9, 0xc9, 0xdb, 0xe9, 0xdd, 0xd9, 0x66, 0xbe, 0xff, 0x7f, 0x73, 0x47,
    0x66, 0xbe, 0x00, 0x80, 0xd9, 0x05, 0x28, 0x11, 0x59, 0xc0, 0xdf, 0xe9,
    0x73, 0x39, 0xd8, 0x05, 0x34, 0x11, 0x59, 0xc0, 0xd9, 0x7d, 0x84, 0x0f,
    0xb7, 0x75, 0x84, 0x81, 0xce, 0x00, 0x0c, 0x00, 0x00, 0x66, 0x89, 0xb5,
    0x58, 0xff, 0xff, 0xff, 0xd9, 0xad, 0x58, 0xff, 0xff, 0xff, 0xdf, 0x9d,
    0x48, 0xff, 0xff, 0xff, 0xd9, 0x6d, 0x84, 0x0f, 0xbf, 0x9d, 0x48, 0xff,
    0xff, 0xff, 0x89, 0xde, 0xc1, 0xee, 0x0f, 0x01, 0xde, 0xd9, 0xee, 0xdd,
    0xd8, 0xb8, 0x0f, 0x00, 0x00, 0x00, 0x2b, 0x45, 0xf0, 0x0f, 0xaf, 0x45,
    0xe0, 0x8b, 0x5d, 0xe4, 0x89, 0x45, 0xd8, 0x66, 0x89, 0x34, 0x43, 0xd9,
    0x45, 0xa8, 0xd9, 0x05, 0x00, 0x11, 0x59, 0xc0, 0xd9, 0xc9, 0xdb, 0xe9,
    0xdd, 0xd9, 0x73, 0x47, 0x66, 0xb9, 0x00, 0x80, 0xd9, 0x05, 0x28, 0x11,
    0x59, 0xc0, 0xdf, 0xe9, 0x73, 0x39, 0xd8, 0x05, 0x34, 0x11, 0x59, 0xc0,
    0xd9, 0x7d, 0x86, 0x0f, 0xb7, 0x75, 0x86, 0x81, 0xce, 0x00, 0x0c, 0x00,
    0x00, 0x66, 0x89, 0xb5, 0x5a, 0xff, 0xff, 0xff, 0xd9, 0xad, 0x5a, 0xff,
    0xff, 0xff, 0xdf, 0x9d, 0x4a, 0xff, 0xff, 0xff, 0xd9, 0x6d, 0x86, 0x0f,
    0xbf, 0xb5, 0x4a, 0xff, 0xff, 0xff, 0x89, 0xf1, 0xc1, 0xe9, 0x0f, 0x01,
    0xf1, 0xd9, 0xee, 0xdd, 0xd8, 0x8b, 0x75, 0xf0, 0x8d, 0x5e, 0x11, 0x0f,
    0xaf, 0x5d, 0xe0, 0x8b, 0x75, 0xe4, 0x89, 0x5d, 0x94, 0x66, 0x89, 0x0c,
    0x5e, 0xd9, 0x85, 0xac, 0xfe, 0xff, 0xff, 0xd9, 0x05, 0x00, 0x11, 0x59,
    0xc0, 0xd9, 0xc9, 0xdb, 0xe9, 0xdd, 0xd9, 0x66, 0xbe, 0xff, 0x7f, 0x73,
    0x47, 0x66, 0xbe, 0x00, 0x80, 0xd9, 0x05, 0x28, 0x11, 0x59, 0xc0, 0xdf,
    0xe9, 0x73, 0x39, 0xd8, 0x05, 0x34, 0x11, 0x59, 0xc0, 0xd9, 0x7d, 0x88,
    0x0f, 0xb7, 0x75, 0x88, 0x81, 0xce, 0x00, 0x0c, 0x00, 0x00, 0x66, 0x89,
    0xb5, 0x5c, 0xff, 0xff, 0xff, 0xd9, 0xad, 0x5c, 0xff, 0xff, 0xff, 0xdf,
    0x9d, 0x4c, 0xff, 0xff, 0xff, 0xd9, 0x6d, 0x88, 0x0f, 0xbf, 0x9d, 0x4c,
    0xff, 0xff, 0xff, 0x89, 0xde, 0xc1, 0xee, 0x0f, 0x01, 0xde, 0xd9, 0xee,
    0xdd, 0xd8, 0x8b, 0x4d, 0xec, 0x8b, 0x45, 0xd8, 0x66, 0x89, 0x34, 0x41,
    0xd9, 0x45, 0xa4, 0xd9, 0x05, 0x00, 0x11, 0x59, 0xc0, 0xd9, 0xc9, 0xdb,
    0xe9, 0xdd, 0xd9, 0x66, 0xbe, 0xff, 0x7f, 0x73, 0x49, 0x66, 0xbe, 0x00,
    0x80, 0xd9, 0x05, 0x28, 0x11, 0x59, 0xc0, 0xdf, 0xe9, 0x73, 0x3b, 0xd8,
    0x05, 0x34, 0x11, 0x59, 0xc0, 0xd9, 0x7d, 0x8a, 0x0f, 0xb7, 0x75, 0x8a,
    0x81, 0xce, 0x00, 0x0c, 0x00, 0x00, 0x66, 0x89, 0xb5, 0x5e, 0xff, 0xff,
    0xff, 0xd9, 0xad, 0x5e, 0xff, 0xff, 0xff, 0xdf, 0x9d, 0x4e, 0xff, 0xff,
    0xff, 0xd9, 0x6d, 0x8a, 0x0f, 0xbf, 0xb5, 0x4e, 0xff, 0xff, 0xff, 0x89,
    0xf0, 0xc1, 0xe8, 0x0f, 0x01, 0xf0, 0x89, 0xc6, 0xd9, 0xee, 0xdd, 0xd8,
    0x8b, 0x45, 0x94, 0x66, 0x89, 0x34, 0x41, 0xd9, 0x85, 0xb8, 0xfe, 0xff,
    0xff, 0x66, 0xb8, 0xff, 0x7f, 0x89, 0x45, 0xd8, 0xd9, 0x05, 0x00, 0x11,
    0x59, 0xc0, 0xd9, 0xc9, 0xdb, 0xe9, 0xdd, 0xd9, 0x66, 0xbe, 0xff, 0x7f,
    0x73, 0x47, 0x66, 0xbe, 0x00, 0x80, 0xd9, 0x05, 0x28, 0x11, 0x59, 0xc0,
    0xdf, 0xe9, 0x73, 0x39, 0xd8, 0x05, 0x34, 0x11, 0x59, 0xc0, 0xd9, 0x7d,
    0x8c, 0x0f, 0xb7, 0x75, 0x8c, 0x81, 0xce, 0x00, 0x0c, 0x00, 0x00, 0x66,
    0x89, 0xb5, 0x60, 0xff, 0xff, 0xff, 0xd9, 0xad, 0x60, 0xff, 0xff, 0xff,
    0xdf, 0x9d, 0x50, 0xff, 0xff, 0xff, 0xd9, 0x6d, 0x8c, 0x0f, 0xbf, 0x9d,
    0x50, 0xff, 0xff, 0xff, 0x89, 0xde, 0xc1, 0xee, 0x0f, 0x01, 0xde, 0xd9,
    0xee, 0xdd, 0xd8, 0xb9, 0x2f, 0x00, 0x00, 0x00, 0x2b, 0x4d, 0xf0, 0x0f,
    0xaf, 0x4d, 0xe0, 0x8b, 0x45, 0xe4, 0x89, 0x4d, 0x94, 0x66, 0x89, 0x34,
    0x48, 0xd9, 0x45, 0xb0, 0xd9, 0x05, 0x00, 0x11, 0x59, 0xc0, 0xd9, 0xc9,
    0xdb, 0xe9, 0xdd, 0xd9, 0x73, 0x4d, 0x66, 0xb8, 0x00, 0x80, 0x89, 0x45,
    0xd8, 0xd9, 0x05, 0x28, 0x11, 0x59, 0xc0, 0xdf, 0xe9, 0x73, 0x3c, 0xd8,
    0x05, 0x34, 0x11, 0x59, 0xc0, 0xd9, 0x7d, 0x8e, 0x0f, 0xb7, 0x75, 0x8e,
    0x81, 0xce, 0x00, 0x0c, 0x00, 0x00, 0x66, 0x89, 0xb5, 0x62, 0xff, 0xff,
    0xff, 0xd9, 0xad, 0x62, 0xff, 0xff, 0xff, 0xdf, 0x9d, 0x52, 0xff, 0xff,
    0xff, 0xd9, 0x6d, 0x8e, 0x0f, 0xbf, 0xb5, 0x52, 0xff, 0xff, 0xff, 0x89,
    0xf0, 0xc1, 0xe8, 0x0f, 0x01, 0xf0, 0x89, 0x45, 0xd8, 0xd9, 0xee, 0xdd,
    0xd8, 0x8b, 0x75, 0xf0, 0x8d, 0x4e, 0x31, 0x0f, 0xaf, 0x4d, 0xe0, 0x8b,
    0x45, 0xe4, 0x89, 0x4d, 0xbc, 0x8b, 0x75, 0xd8, 0x66, 0x89, 0x34, 0x48,
    0xd9, 0x85, 0xb4, 0xfe, 0xff, 0xff, 0x66, 0xb8, 0xff, 0x7f, 0x89, 0x45,
    0xd8, 0xd9, 0x05, 0x00, 0x11, 0x59, 0xc0, 0xd9, 0xc9, 0xdb, 0xe9, 0xdd,
    0xd9, 0x66, 0xbe, 0xff, 0x7f, 0x73, 0x47, 0x66, 0xbe, 0x00, 0x80, 0xd9,
    0x05, 0x28, 0x11, 0x59, 0xc0, 0xdf, 0xe9, 0x73, 0x39, 0xd8, 0x05, 0x34,
    0x11, 0x59, 0xc0, 0xd9, 0x7d, 0x90, 0x0f, 0xb7, 0x75, 0x90, 0x81, 0xce,
    0x00, 0x0c, 0x00, 0x00, 0x66, 0x89, 0xb5, 0x64, 0xff, 0xff, 0xff, 0xd9,
    0xad, 0x64, 0xff, 0xff, 0xff, 0xdf, 0x9d, 0x54, 0xff, 0xff, 0xff, 0xd9,
    0x6d, 0x90, 0x0f, 0xbf, 0x9d, 0x54, 0xff, 0xff, 0xff, 0x89, 0xde, 0xc1,
    0xee, 0x0f, 0x01, 0xde, 0xd9, 0xee, 0xdd, 0xd8, 0x8b, 0x45, 0xec, 0x8b,
    0x4d, 0x94, 0x66, 0x89, 0x34, 0x48, 0xd9, 0x45, 0xac, 0xd9, 0x05, 0x00,
    0x11, 0x59, 0xc0, 0xd9, 0xc9, 0xdb, 0xe9, 0xdd, 0xd9, 0x8b, 0x45, 0xe8,
    0x73, 0x4d, 0x66, 0xb9, 0x00, 0x80, 0x89, 0x4d, 0xd8, 0xd9, 0x05, 0x28,
    0x11, 0x59, 0xc0, 0xdf, 0xe9, 0x73, 0x3c, 0xd8, 0x05, 0x34, 0x11, 0x59,
    0xc0, 0xd9, 0x7d, 0x92, 0x0f, 0xb7, 0x75, 0x92, 0x81, 0xce, 0x00, 0x0c,
    0x00, 0x00, 0x66, 0x89, 0xb5, 0x66, 0xff, 0xff, 0xff, 0xd9, 0xad, 0x66,
    0xff, 0xff, 0xff, 0xdf, 0x9d, 0x56, 0xff, 0xff, 0xff, 0xd9, 0x6d, 0x92,
    0x0f, 0xbf, 0xb5, 0x56, 0xff, 0xff, 0xff, 0x89, 0xf1, 0xc1, 0xe9, 0x0f,
    0x01, 0xf1, 0x89, 0x4d, 0xd8, 0xd9, 0xee, 0xdd, 0xd8, 0x8b, 0x75, 0xec,
    0x8b, 0x4d, 0xbc, 0x8b, 0x5d, 0xd8, 0x66, 0x89, 0x1c, 0x4e, 0x83, 0xc2,
    0x40, 0x83, 0xc7, 0xf0, 0x83, 0x45, 0xc0, 0xf0, 0x83, 0x45, 0xc8, 0xf0,
    0x83, 0xc0, 0xf0, 0x89, 0x45, 0xe8, 0x83, 0x45, 0xd4, 0xf0, 0x8b, 0x75,
    0xd0, 0x83, 0xc6, 0xf0, 0x8b, 0x5d, 0xcc, 0x83, 0xc3, 0xf0, 0x8b, 0x4d,
    0xdc, 0x83, 0xc1, 0xf0, 0x8b, 0x45, 0xf0, 0x83, 0xe8, 0x01, 0x0f, 0x83,
    0x27, 0xf9, 0xff, 0xff, 0xb8, 0x00, 0x02, 0x00, 0x00, 0x01, 0x85, 0x40,
    0xff, 0xff, 0xff, 0x01, 0x85, 0x3c, 0xff, 0xff, 0xff, 0x01, 0x85, 0x38,
    0xff, 0xff, 0xff, 0x8b, 0x9d, 0x30, 0xff, 0xff, 0xff, 0x01, 0xc3, 0x8b,
    0xbd, 0x2c, 0xff, 0xff, 0xff, 0x01, 0xc7, 0x8b, 0x75, 0xb8, 0x01, 0xc6,
    0x01, 0x85, 0x34, 0xff, 0xff, 0xff, 0x8b, 0x4d, 0x9c, 0x01, 0xc1, 0x8b,
    0x85, 0x98, 0xfe, 0xff, 0xff, 0x83, 0xf8, 0x10, 0x8d, 0x50, 0x02, 0x0f,
    0x82, 0x5e, 0xf7, 0xff, 0xff, 0x83, 0x7d, 0xe0, 0x01, 0x75, 0x25, 0xb8,
    0xfe, 0xff, 0xff, 0xff, 0x31, 0xdb, 0x43, 0x8b, 0x8d, 0x74, 0xff, 0xff,
    0xff, 0xd9, 0x84, 0x85, 0x38, 0xef, 0xff, 0xff, 0xd9, 0x5c, 0x81, 0x08,
    0x83, 0xc0, 0x02, 0x3d, 0xbe, 0x03, 0x00, 0x00, 0x72, 0xeb, 0xeb, 0x1d,
    0x68, 0x00, 0x0f, 0x00, 0x00, 0x8d, 0x85, 0x30, 0xef, 0xff, 0xff, 0x50,
    0xff, 0xb5, 0x74, 0xff, 0xff, 0xff, 0xe8, 0x99, 0xd4, 0xff, 0xff, 0x83,
    0xc4, 0x0c, 0x31, 0xdb, 0x43, 0x8b, 0x75, 0x18, 0x8b, 0x46, 0x08, 0x8d,
    0x04, 0xc0, 0xc1, 0xe0, 0x07, 0x01, 0x85, 0x44, 0xff, 0xff, 0xff, 0x8b,
    0x85, 0x70, 0xff, 0xff, 0xff, 0x8a, 0x40, 0x01, 0x24, 0x08, 0xc0, 0xe8,
    0x03, 0x89, 0xdf, 0x84, 0x85, 0xa4, 0xfe, 0xff, 0xff, 0xb8, 0x00, 0x00,
    0x00, 0x00, 0x0f, 0x85, 0x16, 0xe5, 0xff, 0xff, 0x8b, 0x95, 0x18, 0xbf,
    0xff, 0xff, 0x8b, 0xb5, 0x1c, 0xbf, 0xff, 0xff, 0x83, 0xc2, 0x07, 0xc1,
    0xea, 0x03, 0xc1, 0xee, 0x03, 0x89, 0xf0, 0x29, 0xd0, 0xbb, 0xff, 0x01,
    0x00, 0x00, 0x39, 0xd8, 0x0f, 0x4c, 0xd8, 0x85, 0xc0, 0x8b, 0x7d, 0x08,
    0x7e, 0x27, 0x81, 0xc6, 0x01, 0xfe, 0xff, 0xff, 0x3d, 0x00, 0x02, 0x00,
    0x00, 0x0f, 0x43, 0xd6, 0x8d, 0x8d, 0x20, 0xbf, 0xff, 0xff, 0x01, 0xd1,
    0x8d, 0x87, 0x0c, 0x18, 0x00, 0x00, 0x53, 0x51, 0x50, 0xe8, 0x35, 0xd4,
    0xff, 0xff, 0x83, 0xc4, 0x0c, 0x0f, 0xb6, 0x8f, 0x09, 0x18, 0x00, 0x00,
    0x89, 0xc8, 0x83, 0xe1, 0x0e, 0x83, 0xf9, 0x02, 0xf7, 0xd0, 0x0f, 0x94,
    0xc1, 0xba, 0x80, 0x04, 0x00, 0x00, 0xd3, 0xea, 0xa8, 0x06, 0xb9, 0x80,
    0x01, 0x00, 0x00, 0x0f, 0x45, 0xca, 0x31, 0xc0, 0x8b, 0x95, 0xa8, 0xfe,
    0xff, 0xff, 0x3b, 0x55, 0xa0, 0x89, 0x9f, 0x00, 0x18, 0x00, 0x00, 0x0f,
    0x4d, 0xc1, 0xe9, 0xca, 0xe0, 0xff, 0xff, 0x55, 0x89, 0xe5, 0x57, 0x56,
    0x89, 0xd6, 0x89, 0xcf, 0x89, 0xd1, 0xe8, 0x1e, 0x07, 0x00, 0x00, 0x89,
    0xc1, 0x31, 0xc0, 0x85, 0xc9, 0x74, 0x2b, 0x8a, 0x4e, 0x01, 0x32, 0x4f,
    0x01, 0x80, 0xf9, 0x01, 0x77, 0x20, 0x8a, 0x57, 0x02, 0x8a, 0x4e, 0x02,
    0x88, 0xcd, 0x30, 0xd5, 0xf6, 0xc5, 0x0c, 0x75, 0x11, 0x80, 0xfa, 0x10,
    0x0f, 0x92, 0xc0, 0x80, 0xf9, 0x10, 0x0f, 0x93, 0xc1, 0x30, 0xc1, 0x0f,
    0xb6, 0xc1, 0x5e, 0x5f, 0x5d, 0xc3, 0x55, 0x89, 0xe5, 0x53, 0x57, 0x56,
    0x50, 0x89, 0xce, 0x0f, 0xb6, 0x59, 0x01, 0x89, 0xd9, 0x83, 0xe1, 0x0e,
    0x83, 0xf9, 0x02, 0x0f, 0x94, 0xc1, 0xbf, 0x80, 0x04, 0x00, 0x00, 0xd3,
    0xef, 0x89, 0xd9, 0xf7, 0xd1, 0xf6, 0xc1, 0x06, 0xb8, 0x80, 0x01, 0x00,
    0x00, 0x0f, 0x45, 0xc7, 0x89, 0x45, 0xf0, 0x89, 0xd9, 0xc1, 0xe9, 0x03,
    0x83, 0xe1, 0x01, 0x89, 0xdf, 0xd1, 0xef, 0x83, 0xe7, 0x03, 0x8d, 0x3c,
    0xbf, 0x8d, 0x3c, 0x7f, 0x8d, 0x04, 0xc9, 0x8d, 0x04, 0x80, 0x01, 0xf8,
    0x0f, 0xb6, 0x76, 0x02, 0x89, 0xf7, 0xc1, 0xef, 0x04, 0x0f, 0xb6, 0x84,
    0x07, 0x95, 0x11, 0x59, 0xc0, 0x83, 0xe6, 0x0c, 0x8b, 0xbe, 0x98, 0x11,
    0x59, 0xc0, 0x80, 0xf1, 0x01, 0xd3, 0xef, 0x0f, 0xaf, 0x45, 0xf0, 0x69,
    0xc0, 0xfa, 0x00, 0x00, 0x00, 0xf6, 0xc3, 0x10, 0x0f, 0x94, 0xc1, 0xd3,
    0xef, 0x89, 0xd1, 0x31, 0xd2, 0xf7, 0xf7, 0xf6, 0xd3, 0x89, 0xc2, 0x81,
    0xe2, 0xfc, 0xff, 0xff, 0x07, 0xf6, 0xc3, 0x06, 0x0f, 0x44, 0xc2, 0x85,
    0xc0, 0x0f, 0x44, 0xc1, 0x83, 0xc4, 0x04, 0x5e, 0x5f, 0x5b, 0x5d, 0xc3,
    0x55, 0x89, 0xe5, 0x53, 0x57, 0x56, 0x89, 0xce, 0x8b, 0x39, 0x8b, 0x49,
    0x04, 0x8d, 0x1c, 0x11, 0x89, 0x5e, 0x04, 0x31, 0xc0, 0x3b, 0x5e, 0x08,
    0x7f, 0x43, 0x89, 0xcb, 0xc1, 0xfb, 0x03, 0x83, 0xe1, 0x07, 0x01, 0xca,
    0xb8, 0xff, 0x00, 0x00, 0x00, 0xd3, 0xe8, 0x0f, 0xb6, 0x0c, 0x1f, 0x21,
    0xc8, 0x31, 0xf6, 0x83, 0xfa, 0x09, 0x72, 0x19, 0x01, 0xdf, 0x47, 0x31,
    0xf6, 0x8d, 0x4a, 0xf8, 0xd3, 0xe0, 0x09, 0xc6, 0x0f, 0xb6, 0x07, 0x47,
    0x83, 0xfa, 0x10, 0x89, 0xca, 0x77, 0xee, 0xeb, 0x02, 0x89, 0xd1, 0xb2,
    0x08, 0x28, 0xca, 0x89, 0xd1, 0xd3, 0xe8, 0x09, 0xf0, 0x5e, 0x5f, 0x5b,
    0x5d, 0xc3, 0x55, 0x89, 0xe5, 0x53, 0x57, 0x56, 0x83, 0xec, 0x08, 0x8b,
    0x7d, 0x10, 0x8b, 0x4d, 0x0c, 0x85, 0xc9, 0x0f, 0x94, 0xc0, 0x85, 0xff,
    0x0f, 0x94, 0xc2, 0xbe, 0xfd, 0xff, 0xff, 0xff, 0x08, 0xc2, 0x0f, 0x85,
    0x1b, 0x01, 0x00, 0x00, 0x89, 0xfa, 0xe8, 0x1e, 0x01, 0x00, 0x00, 0x89,
    0xc3, 0x29, 0xc7, 0x0f, 0x96, 0xc1, 0x83, 0xff, 0x04, 0x0f, 0x92, 0xc0,
    0x08, 0xc8, 0x0f, 0x85, 0xff, 0x00, 0x00, 0x00, 0x68, 0x50, 0x35, 0x01,
    0x00, 0xe8, 0x03, 0xd4, 0xff, 0xff, 0x83, 0xc4, 0x04, 0x85, 0xc0, 0x0f,
    0x84, 0xea, 0x00, 0x00, 0x00, 0x89, 0xc7, 0xc6, 0x80, 0x08, 0x18, 0x00,
    0x00, 0x00, 0x31, 0xc0, 0x89, 0x87, 0x44, 0x35, 0x00, 0x00, 0x89, 0x87,
    0x40, 0x35, 0x00, 0x00, 0x89, 0xf9, 0x8b, 0x55, 0x0c, 0x53, 0xff, 0x75,
    0x10, 0xe8, 0x26, 0x01, 0x00, 0x00, 0x83, 0xc4, 0x08, 0x85, 0xc0, 0x89,
    0xfe, 0x74, 0x14, 0x8b, 0x86, 0x28, 0x35, 0x00, 0x00, 0x8d, 0x88, 0xbb,
    0x53, 0xff, 0xff, 0x81, 0xf9, 0x5a, 0x63, 0xff, 0xff, 0x77, 0x13, 0x56,
    0xe8, 0xbe, 0xd5, 0xff, 0xff, 0x83, 0xc4, 0x04, 0xbe, 0xfe, 0xff, 0xff,
    0xff, 0xe9, 0x95, 0x00, 0x00, 0x00, 0x8b, 0x4d, 0x08, 0x8b, 0x55, 0x0c,
    0x89, 0x11, 0x8b, 0x7d, 0x10, 0x89, 0x79, 0x04, 0x03, 0x9e, 0x20, 0x35,
    0x00, 0x00, 0x89, 0x59, 0x08, 0x89, 0x41, 0x0c, 0x0f, 0xb7, 0x86, 0x24,
    0x35, 0x00, 0x00, 0x66, 0x89, 0x41, 0x10, 0x89, 0x71, 0x1c, 0xc7, 0x41,
    0x18, 0x00, 0x00, 0x00, 0x00, 0x8d, 0x45, 0xec, 0x89, 0xf1, 0x50, 0x53,
    0x57, 0xe8, 0x33, 0x01, 0x00, 0x00, 0x83, 0xc4, 0x0c, 0x85, 0xc0, 0x74,
    0x3c, 0x31, 0xff, 0x89, 0x75, 0xf0, 0x8d, 0x75, 0xec, 0x01, 0xc7, 0x03,
    0x5d, 0xec, 0x8b, 0x4d, 0xf0, 0x8b, 0x55, 0x0c, 0x56, 0x53, 0xff, 0x75,
    0x10, 0xe8, 0x0f, 0x01, 0x00, 0x00, 0x83, 0xc4, 0x0c, 0x85, 0xc0, 0x75,
    0xe4, 0x8b, 0x45, 0x08, 0x89, 0x78, 0x14, 0x8b, 0x45, 0xf0, 0xc6, 0x80,
    0x08, 0x18, 0x00, 0x00, 0x00, 0x31, 0xf6, 0x85, 0xff, 0x74, 0x13, 0xeb,
    0x16, 0x8b, 0x45, 0x08, 0xc7, 0x40, 0x14, 0x00, 0x00, 0x00, 0x00, 0xc6,
    0x86, 0x08, 0x18, 0x00, 0x00, 0x00, 0xbe, 0xfd, 0xff, 0xff, 0xff, 0x89,
    0xf0, 0x83, 0xc4, 0x08, 0x5e, 0x5f, 0x5b, 0x5d, 0xc3, 0x31, 0xc0, 0x83,
    0xfa, 0x0a, 0x72, 0x4f, 0x80, 0x39, 0x49, 0x75, 0x4a, 0x80, 0x79, 0x01,
    0x44, 0x75, 0x44, 0x80, 0x79, 0x02, 0x33, 0x75, 0x3e, 0x80, 0x79, 0x03,
    0x0f, 0x77, 0x38, 0x80, 0x79, 0x04, 0x0f, 0x77, 0x32, 0x55, 0x89, 0xe5,
    0x56, 0x0f, 0xb6, 0x41, 0x06, 0xc1, 0xe0, 0x15, 0x0f, 0xb6, 0x71, 0x07,
    0xc1, 0xe6, 0x0e, 0x09, 0xc6, 0x0f, 0xb6, 0x41, 0x08, 0xc1, 0xe0, 0x07,
    0x0f, 0xb6, 0x49, 0x09, 0x09, 0xc1, 0x09, 0xf1, 0x83, 0xc2, 0xf6, 0x8d,
    0x71, 0x0a, 0x31, 0xc0, 0x39, 0xd1, 0x0f, 0x46, 0xc6, 0x5e, 0x5d, 0xc3,
    0x55, 0x89, 0xe5, 0x53, 0x57, 0x56, 0x89, 0xce, 0x8b, 0x45, 0x0c, 0x8b,
    0x7d, 0x08, 0x29, 0xc7, 0xb9, 0x00, 0x09, 0x00, 0x00, 0x39, 0xcf, 0x0f,
    0x43, 0xf9, 0x8d, 0x8e, 0x0c, 0x1a, 0x00, 0x00, 0x01, 0xc2, 0x57, 0x52,
    0x51, 0xe8, 0xba, 0xd0, 0xff, 0xff, 0x83, 0xc4, 0x0c, 0x8d, 0x04, 0x3e,
    0x05, 0x0c, 0x1a, 0x00, 0x00, 0xb9, 0x10, 0x09, 0x00, 0x00, 0x29, 0xf9,
    0x51, 0x6a, 0x00, 0x50, 0xe8, 0x04, 0xd1, 0xff, 0xff, 0x83, 0xc4, 0x0c,
    0x89, 0xbe, 0x34, 0x35, 0x00, 0x00, 0x8d, 0xbe, 0x40, 0x35, 0x01, 0x00,
    0x89, 0xb6, 0x40, 0x35, 0x01, 0x00, 0xc7, 0x86, 0x44, 0x35, 0x01, 0x00,
    0xfc, 0xcf, 0x58, 0xc0, 0x89, 0xe3, 0x89, 0xfc, 0xff, 0x54, 0x24, 0x04,
    0x89, 0xdc, 0x8b, 0x86, 0x3c, 0x35, 0x00, 0x00, 0x5e, 0x5f, 0x5b, 0x5d,
    0xc3, 0x55, 0x89, 0xe5, 0x53, 0x57, 0x56, 0x8b, 0x45, 0x08, 0x89, 0xc3,
    0x2b, 0x5d, 0x0c, 0x31, 0xf6, 0x83, 0xfb, 0x04, 0x72, 0x41, 0x89, 0xcf,
    0xc7, 0x81, 0x38, 0x35, 0x00, 0x00, 0x01, 0x00, 0x00, 0x00, 0xff, 0x75,
    0x0c, 0x50, 0xe8, 0x5d, 0xff, 0xff, 0xff, 0x83, 0xc4, 0x08, 0xc7, 0x87,
    0x38, 0x35, 0x00, 0x00, 0x00, 0x00, 0x00, 0x00, 0x85, 0xc0, 0x7e, 0x1b,
    0x8b, 0x8f, 0x1c, 0x35, 0x00, 0x00, 0x85, 0xc9, 0x0f, 0x9e, 0xc2, 0x39,
    0xd9, 0x0f, 0x97, 0xc6, 0x08, 0xd6, 0x75, 0x07, 0x8b, 0x55, 0x10, 0x89,
    0x0a, 0x89, 0xc6, 0x89, 0xf0, 0x5e, 0x5f, 0x5b, 0x5d, 0xc3, 0x55, 0x89,
    0xe5, 0x53, 0x57, 0x56, 0x8b, 0x5d, 0x10, 0x31, 0xf6, 0x85, 0xdb, 0x0f,
    0x84, 0xe9, 0x00, 0x00, 0x00, 0x83, 0x7d, 0x0c, 0x00, 0x0f, 0x84, 0xdf,
    0x00, 0x00, 0x00, 0x8b, 0x55, 0x08, 0x8b, 0x7a, 0x1c, 0x85, 0xff, 0x0f,
    0x84, 0xd1, 0x00, 0x00, 0x00, 0x31, 0xf6, 0x8b, 0x87, 0x40, 0x35, 0x00,
    0x00, 0x3b, 0x87, 0x44, 0x35, 0x00, 0x00, 0x7c, 0x6c, 0x8b, 0x42, 0x04,
    0x8b, 0x5a, 0x08, 0x89, 0xc1, 0x29, 0xd9, 0x83, 0xf9, 0x04, 0x0f, 0x82,
    0xab, 0x00, 0x00, 0x00, 0x8b, 0x12, 0x89, 0xf9, 0x53, 0x50, 0xe8, 0xd1,
    0xfe, 0xff, 0xff, 0x83, 0xc4, 0x08, 0x85, 0xc0, 0x0f, 0x8e, 0x92, 0x00,
    0x00, 0x00, 0x8b, 0x8f, 0x28, 0x35, 0x00, 0x00, 0xba, 0xbb, 0x53, 0xff,
    0xff, 0x01, 0xd1, 0x81, 0xf9, 0x5b, 0x63, 0xff, 0xff, 0x72, 0x7d, 0x8b,
    0x8f, 0x1c, 0x35, 0x00, 0x00, 0x85, 0xc9, 0x8b, 0x55, 0x08, 0x7e, 0x73,
    0x8b, 0x5a, 0x04, 0x8b, 0x52, 0x08, 0x29, 0xd3, 0x39, 0xd9, 0x77, 0x64,
    0x01, 0xca, 0x8b, 0x4d, 0x08, 0x89, 0x51, 0x08, 0x89, 0x87, 0x44, 0x35,
    0x00, 0x00, 0x31, 0xc0, 0x89, 0xca, 0x8b, 0x5d, 0x10, 0x8d, 0x48, 0x01,
    0x89, 0x8f, 0x40, 0x35, 0x00, 0x00, 0x66, 0x83, 0x7a, 0x10, 0x02, 0x75,
    0x21, 0x0f, 0xbf, 0x8c, 0x87, 0x1c, 0x23, 0x00, 0x00, 0x0f, 0xbf, 0x94,
    0x87, 0x1e, 0x23, 0x00, 0x00, 0x01, 0xca, 0x89, 0xd0, 0xc1, 0xe8, 0x1f,
    0x01, 0xd0, 0x8b, 0x55, 0x08, 0xc1, 0xf8, 0x09, 0xeb, 0x08, 0x0f, 0xbe,
    0x84, 0x47, 0x1d, 0x23, 0x00, 0x00, 0x83, 0xe8, 0x80, 0x8b, 0x4d, 0x0c,
    0x88, 0x04, 0x31, 0x46, 0x39, 0xf3, 0x0f, 0x85, 0x3b, 0xff, 0xff, 0xff,
    0x89, 0xde, 0xeb, 0x03, 0x8b, 0x55, 0x08, 0x01, 0x72, 0x18, 0x89, 0xf0,
    0x5e, 0x5f, 0x5b, 0x5d, 0xc3, 0x55, 0x89, 0xe5, 0x57, 0x56, 0x8b, 0x75,
    0x08, 0x8b, 0x46, 0x1c, 0x85, 0xc0, 0x74, 0x25, 0xc6, 0x80, 0x08, 0x18,
    0x00, 0x00, 0x00, 0x31, 0xff, 0x89, 0xb8, 0x44, 0x35, 0x00, 0x00, 0x89,
    0xb8, 0x40, 0x35, 0x00, 0x00, 0x8b, 0x0e, 0x8b, 0x56, 0x04, 0xe8, 0xa2,
    0xfd, 0xff, 0xff, 0x89, 0x46, 0x08, 0x89, 0x7e, 0x18, 0x5e, 0x5f, 0x5d,
    0xc3, 0x55, 0x89, 0xe5, 0x53, 0x57, 0x56, 0x81, 0xec, 0x1c, 0x04, 0x00,
    0x00, 0x8b, 0x55, 0x08, 0x8b, 0x5a, 0x1c, 0x85, 0xdb, 0x0f, 0x84, 0x91,
    0x00, 0x00, 0x00, 0x8b, 0x45, 0x0c, 0x8b, 0x4a, 0x14, 0x31, 0xff, 0x89,
    0xce, 0x83, 0xee, 0x01, 0x0f, 0x42, 0xf7, 0x39, 0xc8, 0x0f, 0x42, 0xf0,
    0x89, 0x75, 0xe0, 0x8b, 0x32, 0x8b, 0x52, 0x04, 0x89, 0x55, 0xf0, 0x89,
    0xf1, 0xe8, 0x57, 0xfd, 0xff, 0xff, 0x89, 0xc7, 0x8d, 0x45, 0xdc, 0x89,
    0xd9, 0x89, 0xf2, 0x50, 0x57, 0xff, 0x75, 0xf0, 0xe8, 0x14, 0xfe, 0xff,
    0xff, 0x83, 0xc4, 0x0c, 0x85, 0xc0, 0x74, 0x5a, 0x89, 0x7d, 0xf0, 0x89,
    0x5d, 0xec, 0x31, 0xc9, 0x31, 0xd2, 0x89, 0xc6, 0x01, 0xce, 0x3b, 0x75,
    0xe0, 0x77, 0x75, 0x8d, 0x5a, 0x01, 0x0f, 0xb6, 0xc2, 0x8b, 0x7d, 0xf0,
    0x89, 0xbc, 0x85, 0xd8, 0xfb, 0xff, 0xff, 0x03, 0x7d, 0xdc, 0x8b, 0x45,
    0x08, 0x8b, 0x10, 0x8b, 0x4d, 0xec, 0x8d, 0x45, 0xdc, 0x50, 0x89, 0x7d,
    0xf0, 0x57, 0x8b, 0x45, 0x08, 0xff, 0x70, 0x04, 0xe8, 0xcc, 0xfd, 0xff,
    0xff, 0x83, 0xc4, 0x0c, 0x89, 0xdf, 0x89, 0xda, 0x89, 0xf1, 0x85, 0xc0,
    0x75, 0xbc, 0xeb, 0x3c, 0xb8, 0xfd, 0xff, 0xff, 0xff, 0xe9, 0x30, 0x01,
    0x00, 0x00, 0xc6, 0x83, 0x08, 0x18, 0x00, 0x00, 0x00, 0x8d, 0x83, 0x44,
    0x35, 0x00, 0x00, 0x89, 0x45, 0xe4, 0x31, 0xf6, 0x89, 0xb3, 0x44, 0x35,
    0x00, 0x00, 0x8d, 0x83, 0x40, 0x35, 0x00, 0x00, 0x89, 0x45, 0xe8, 0x89,
    0xb3, 0x40, 0x35, 0x00, 0x00, 0x89, 0xd9, 0xe9, 0xc1, 0x00, 0x00, 0x00,
    0x89, 0xce, 0x89, 0xd7, 0x8b, 0x55, 0xec, 0xc6, 0x82, 0x08, 0x18, 0x00,
    0x00, 0x00, 0x8d, 0x82, 0x44, 0x35, 0x00, 0x00, 0x89, 0x45, 0xe4, 0x31,
    0xc9, 0x89, 0x8a, 0x44, 0x35, 0x00, 0x00, 0x89, 0x8a, 0x40, 0x35, 0x00,
    0x00, 0x89, 0xf8, 0x2d, 0x00, 0x01, 0x00, 0x00, 0x0f, 0x42, 0xc1, 0x89,
    0xd1, 0x81, 0xc2, 0x40, 0x35, 0x00, 0x00, 0x89, 0x55, 0xe8, 0x89, 0x45,
    0xd8, 0x39, 0xc7, 0x76, 0x78, 0x8d, 0x4f, 0xff, 0x0f, 0xb6, 0xc9, 0x8b,
    0x8c, 0x8d, 0xd8, 0xfb, 0xff, 0xff, 0x8b, 0x5d, 0xf0, 0x89, 0xda, 0x29,
    0xca, 0x81, 0xfa, 0x00, 0x08, 0x00, 0x00, 0x77, 0x2c, 0x89, 0xf8, 0x05,
    0xfe, 0x00, 0x00, 0x00, 0x89, 0xcb, 0x8d, 0x88, 0x01, 0xff, 0xff, 0xff,
    0x3b, 0x4d, 0xd8, 0x76, 0x18, 0x0f, 0xb6, 0xc8, 0x8b, 0x8c, 0x8d, 0xd8,
    0xfb, 0xff, 0xff, 0x8b, 0x55, 0xf0, 0x29, 0xca, 0x48, 0x81, 0xfa, 0x01,
    0x08, 0x00, 0x00, 0x72, 0xdb, 0x8b, 0x7d, 0xf0, 0x39, 0xfb, 0x73, 0x2e,
    0x8b, 0x45, 0x08, 0x8b, 0x10, 0x8b, 0x4d, 0xec, 0x53, 0xff, 0x70, 0x04,
    0xe8, 0x6b, 0xfc, 0xff, 0xff, 0x8b, 0x4d, 0xec, 0x83, 0xc4, 0x08, 0x8b,
    0x81, 0x1c, 0x35, 0x00, 0x00, 0x85, 0xc0, 0x7e, 0x10, 0x01, 0xc3, 0x39,
    0xfb, 0x72, 0xd9, 0xeb, 0x08, 0x8b, 0x7d, 0xf0, 0xeb, 0x03, 0x8b, 0x4d,
    0xec, 0x8b, 0x45, 0x08, 0x89, 0x78, 0x08, 0x8b, 0x10, 0x89, 0xcb, 0x57,
    0x89, 0xc7, 0xff, 0x70, 0x04, 0xe8, 0x36, 0xfc, 0xff, 0xff, 0x83, 0xc4,
    0x08, 0x85, 0xc0, 0x7e, 0x1a, 0x8b, 0x8b, 0x1c, 0x35, 0x00, 0x00, 0x85,
    0xc9, 0x7e, 0x10, 0x89, 0xfb, 0x8b, 0x7f, 0x04, 0x8b, 0x53, 0x08, 0x29,
    0xd7, 0x39, 0xf9, 0x89, 0xdf, 0x76, 0x16, 0x8b, 0x57, 0x14, 0xb8, 0xfd,
    0xff, 0xff, 0xff, 0x89, 0x57, 0x18, 0x81, 0xc4, 0x1c, 0x04, 0x00, 0x00,
    0x5e, 0x5f, 0x5b, 0x5d, 0xc3, 0x01, 0xca, 0x89, 0x57, 0x08, 0x8b, 0x4d,
    0xe4, 0x89, 0x01, 0x8b, 0x55, 0xe0, 0x89, 0xd1, 0x29, 0xf1, 0x39, 0xc1,
    0x0f, 0x43, 0xc8, 0x8b, 0x45, 0xe8, 0x89, 0x08, 0x31, 0xc0, 0xeb, 0xd3,
    0x55, 0x89, 0xe5, 0x56, 0x8b, 0x75, 0x08, 0x8b, 0x46, 0x1c, 0x85, 0xc0,
    0x74, 0x10, 0x50, 0xe8, 0x87, 0xd0, 0xff, 0xff, 0x83, 0xc4, 0x04, 0xc7,
    0x46, 0x1c, 0x00, 0x00, 0x00, 0x00, 0x5e, 0x5d, 0xc3, 0x31, 0xc0, 0x80,
    0x39, 0xff, 0x74, 0x01, 0xc3, 0x55, 0x89, 0xe5, 0x53, 0x56, 0x0f, 0xb6,
    0x51, 0x01, 0x89, 0xd3, 0xf7, 0xd3, 0xf6, 0xc3, 0xf0, 0x0f, 0x95, 0xc3,
    0x89, 0xd6, 0x83, 0xe6, 0xfe, 0x81, 0xfe, 0xe2, 0x00, 0x00, 0x00, 0x0f,
    0x95, 0xc7, 0xf6, 0xc2, 0x06, 0x74, 0x17, 0x20, 0xfb, 0x75, 0x13, 0x0f,
    0xb6, 0x49, 0x02, 0xf7, 0xd1, 0xf6, 0xc1, 0xf0, 0x74, 0x08, 0x31, 0xc0,
    0xf6, 0xc1, 0x0c, 0x0f, 0x95, 0xc0, 0x5e, 0x5b, 0x5d, 0xc3, 0x55, 0x89,
    0xe5, 0x53, 0x57, 0x56, 0x83, 0xec, 0x50, 0x89, 0xd6, 0x89, 0xcf, 0x8b,
    0x5d, 0x08, 0x8d, 0x51, 0x44, 0x31, 0xc0, 0x89, 0x45, 0xf0, 0x89, 0x55,
    0xec, 0x8b, 0x07, 0xb9, 0x00, 0x00, 0x00, 0x80, 0x31, 0xc8, 0x89, 0x45,
    0xa4, 0xd9, 0x47, 0x44, 0xd9, 0x5d, 0xc8, 0x8d, 0x45, 0xe8, 0x31, 0xc9,
    0xd9, 0x44, 0x4f, 0x04, 0xd9, 0x44, 0x4f, 0x08, 0xd9, 0xc1, 0xd8, 0xe1,
    0xd9, 0x18, 0xde, 0xc1, 0xd9, 0x5c, 0x0d, 0xa8, 0xd9, 0x44, 0x4f, 0x10,
    0xd9, 0x44, 0x4f, 0x0c, 0xd9, 0xc1, 0xd8, 0xe1, 0xd9, 0x58, 0xfc, 0xde,
    0xc1, 0xd9, 0xe0, 0xd9, 0x5c, 0x0d, 0xac, 0x83, 0xc1, 0x08, 0x83, 0xc0,
    0xf8, 0x83, 0xf9, 0x20, 0x75, 0xca, 0x8d, 0x4d, 0xa4, 0xe8, 0x93, 0x00,
    0x00, 0x00, 0x8d, 0x4d, 0xc8, 0xe8, 0x8b, 0x00, 0x00, 0x00, 0x80, 0x75,
    0xcf, 0x80, 0x80, 0x75, 0xd7, 0x80, 0x80, 0x75, 0xdf, 0x80, 0x80, 0x75,
    0xe7, 0x80, 0x31, 0xc0, 0x8b, 0x55, 0xec, 0x89, 0xd1, 0xd9, 0x04, 0x06,
    0xd9, 0x44, 0x05, 0xa4, 0xd9, 0x80, 0x60, 0x2a, 0x59, 0xc0, 0xd9, 0x44,
    0x05, 0xc8, 0xd9, 0x80, 0x3c, 0x2a, 0x59, 0xc0, 0xd9, 0xc1, 0xd8, 0xc9,
    0xd9, 0xc4, 0xd8, 0xcc, 0xde, 0xc1, 0xd9, 0xca, 0xde, 0xcb, 0xde, 0xcb,
    0xd9, 0xca, 0xde, 0xe1, 0xd9, 0x1c, 0x06, 0xd9, 0xc0, 0xd8, 0x4c, 0x03,
    0x24, 0xd9, 0xc2, 0xd8, 0x0c, 0x03, 0xde, 0xe1, 0xd9, 0x1c, 0x07, 0xd8,
    0x0c, 0x03, 0xd9, 0xc9, 0xd8, 0x4c, 0x03, 0x24, 0xde, 0xc1, 0xd9, 0x19,
    0x83, 0xc0, 0x04, 0x83, 0xc1, 0xfc, 0x83, 0xf8, 0x24, 0x75, 0xaa, 0x8b,
    0x45, 0xf0, 0x40, 0x83, 0xc7, 0x48, 0x83, 0xc6, 0x24, 0x83, 0xc2, 0x48,
    0x3b, 0x45, 0x0c, 0x0f, 0x85, 0x1a, 0xff, 0xff, 0xff, 0x83, 0xc4, 0x50,
    0x5e, 0x5f, 0x5b, 0x5d, 0xc3, 0x55, 0x89, 0xe5, 0x83, 0xec, 0x18, 0xd9,
    0x01, 0xd9, 0x41, 0x08, 0xd9, 0x41, 0x10, 0xd9, 0x41, 0x18, 0xd9, 0x41,
    0x20, 0xd9, 0x05, 0x34, 0x11, 0x59, 0xc0, 0xd9, 0xc2, 0xd8, 0xc9, 0xd8,
    0xc6, 0xd9, 0xce, 0xde, 0xe3, 0xd9, 0xc4, 0xd8, 0xc4, 0xd9, 0x5d, 0xfc,
    0xd9, 0xc4, 0xd8, 0xc2, 0xd9, 0xcd, 0xd8, 0xea, 0xd9, 0xca, 0xd8, 0xec,
    0xd9, 0xcc, 0xde, 0xc2, 0xd9, 0x45, 0xfc, 0xd8, 0x0d, 0x58, 0x11, 0x59,
    0xc0, 0xd9, 0xcd, 0xd8, 0x0d, 0x3c, 0x11, 0x59, 0xc0, 0xd9, 0xcc, 0xd8,
    0x0d, 0x40, 0x11, 0x59, 0xc0, 0xd9, 0xc9, 0xd8, 0xca, 0xd8, 0xeb, 0xd9,
    0x5d, 0xe8, 0xd9, 0xca, 0xde, 0xc1, 0xd9, 0x59, 0x10, 0xd9, 0xc3, 0xd8,
    0xe2, 0xd8, 0xc1, 0xd9, 0x5d, 0xec, 0xd9, 0xc3, 0xd8, 0xe3, 0xde, 0xc2,
    0xd9, 0xc9, 0xd9, 0x5d, 0xf4, 0xd9, 0xca, 0xde, 0xc1, 0xde, 0xe1, 0xd9,
    0x5d, 0xf0, 0xd9, 0x41, 0x04, 0xd9, 0x41, 0x14, 0xd9, 0x41, 0x1c, 0xd9,
    0xc2, 0xd8, 0xc2, 0xd9, 0xc2, 0xd8, 0xe2, 0xd9, 0xcb, 0xd8, 0xec, 0xd9,
    0xcc, 0xd8, 0xc2, 0xd9, 0xcc, 0xde, 0xe2, 0xd9, 0x05, 0xfc, 0x10, 0x59,
    0xc0, 0xdc, 0xca, 0xd9, 0xca, 0xd9, 0x5d, 0xfc, 0xd9, 0xc9, 0xd8, 0x49,
    0x0c, 0xd9, 0xc9, 0xd8, 0x0d, 0x04, 0x11, 0x59, 0xc0, 0xd9, 0xca, 0xd8,
    0x0d, 0x44, 0x11, 0x59, 0xc0, 0xd9, 0xc0, 0xd8, 0xe2, 0xd8, 0xe3, 0xd9,
    0x55, 0xf8, 0xd9, 0xcb, 0xd8, 0xe2, 0xd9, 0xca, 0xde, 0xc1, 0xd9, 0xcb,
    0xd8, 0x0d, 0x6c, 0x11, 0x59, 0xc0, 0xdc, 0xe9, 0xde, 0xeb, 0xd9, 0x45,
    0xf0, 0xdc, 0xe2, 0xd9, 0xca, 0xd9, 0x19, 0xd9, 0x45, 0xe8, 0xd9, 0x45,
    0xfc, 0xd8, 0xc1, 0xd9, 0x59, 0x04, 0xd9, 0x45, 0xf4, 0xd9, 0xc0, 0xd8,
    0xe5, 0xd9, 0x59, 0x08, 0xd9, 0x45, 0xec, 0xd9, 0xc0, 0xd8, 0xc4, 0xd9,
    0x59, 0x0c, 0xde, 0xe3, 0xd9, 0xca, 0xd9, 0x59, 0x14, 0xd9, 0xc9, 0xde,
    0xc3, 0xd9, 0xca, 0xd9, 0x59, 0x18, 0xd9, 0x45, 0xfc, 0xde, 0xea, 0xd9,
    0xc9, 0xd9, 0x59, 0x1c, 0xd9, 0x45, 0xf8, 0xde, 0xc1, 0xd9, 0x59, 0x20,
    0x83, 0xc4, 0x18, 0x5d, 0xc3, 0x55, 0x89, 0xe5, 0x56, 0x83, 0xec, 0x20,
    0xd9, 0x01, 0xd9, 0x41, 0x18, 0xd9, 0x55, 0xf8, 0xd9, 0x41, 0x30, 0xd9,
    0x55, 0xf4, 0xd9, 0x41, 0x24, 0xdc, 0xc1, 0xd9, 0xc1, 0xd9, 0xe0, 0xd9,
    0x05, 0x34, 0x11, 0x59, 0xc0, 0xdc, 0xc9, 0xd9, 0xc9, 0xd8, 0xe5, 0xd9,
    0xcb, 0xde, 0xe5, 0xd9, 0x41, 0x0c, 0xd9, 0xcd, 0xd9, 0x5d, 0xe0, 0xd9,
    0xcb, 0xd8, 0xc4, 0xd9, 0x05, 0xfc, 0x10, 0x59, 0xc0, 0xdc, 0xc9, 0xd9,
    0xc1, 0xd8, 0xc4, 0xd9, 0x5d, 0xdc, 0xd9, 0xcb, 0xde, 0xe1, 0xd9, 0x5d,
    0xe4, 0xd9, 0x45, 0xf4, 0xde, 0xe1, 0xd9, 0x45, 0xf8, 0xde, 0xe4, 0xde,
    0xc9, 0xd9, 0x41, 0x3c, 0xd9, 0xca, 0xd8, 0xcb, 0xd8, 0xea, 0xd9, 0xcb,
    0xde, 0xc2, 0xd9, 0xc0, 0xd8, 0xc3, 0xd9, 0x5d, 0xe8, 0xde, 0xea, 0xd9,
    0xc9, 0xd9, 0x5d, 0xf0, 0xd9, 0xe0, 0xd9, 0x5d, 0xec, 0x8b, 0x45, 0x08,
    0x31, 0xc9, 0xbe, 0x14, 0x00, 0x00, 0x00, 0xd9, 0x04, 0x08, 0xd9, 0x44,
    0x0d, 0xdc, 0xd9, 0x81, 0x90, 0x2a, 0x59, 0xc0, 0xd9, 0x44, 0x0d, 0xe8,
    0xd9, 0x81, 0x84, 0x2a, 0x59, 0xc0, 0xd9, 0xc1, 0xd8, 0xc9, 0xd9, 0xc4,
    0xd8, 0xcc, 0xde, 0xc1, 0xd9, 0xca, 0xde, 0xcb, 0xde, 0xcb, 0xd9, 0xca,
    0xde, 0xe1, 0xd9, 0x1c, 0x08, 0xd9, 0x86, 0x78, 0x2a, 0x59, 0xc0, 0xd9,
    0x86, 0x84, 0x2a, 0x59, 0xc0, 0xd9, 0xc2, 0xd8, 0xc9, 0xd9, 0xc4, 0xd8,
    0xcb, 0xde, 0xe1, 0xd9, 0x1c, 0x0a, 0xd9, 0xca, 0xde, 0xc9, 0xd9, 0xca,
    0xde, 0xc9, 0xde, 0xc1, 0xd9, 0x1c, 0x32, 0x83, 0xc1, 0x04, 0x83, 0xc6,
    0xfc, 0x83, 0xf9, 0x0c, 0x75, 0xa1, 0x83, 0xc4, 0x20, 0x5e, 0x5d, 0xc3,
    0x55, 0x89, 0xe5, 0x53, 0x57, 0x56, 0x83, 0xec, 0x0c, 0x8b, 0x45, 0x08,
    0xd9, 0x80, 0x00, 0x0e, 0x00, 0x00, 0xd8, 0x20, 0xd8, 0x0d, 0x5c, 0x11,
    0x59, 0xc0, 0xd9, 0x80, 0x00, 0x01, 0x00, 0x00, 0xd8, 0x80, 0x00, 0x0d,
    0x00, 0x00, 0xd8, 0x0d, 0x60, 0x11, 0x59, 0xc0, 0xd9, 0x80, 0x00, 0x0c,
    0x00, 0x00, 0xd8, 0xa0, 0x00, 0x02, 0x00, 0x00, 0xd9, 0xc9, 0xde, 0xc2,
    0xd8, 0x0d, 0x80, 0x11, 0x59, 0xc0, 0xd9, 0x80, 0x00, 0x03, 0x00, 0x00,
    0xd8, 0x80, 0x00, 0x0b, 0x00, 0x00, 0xd8, 0x0d, 0x1c, 0x11, 0x59, 0xc0,
    0xd9, 0xc9, 0xde, 0xc2, 0xd9, 0x80, 0x00, 0x0a, 0x00, 0x00, 0xd8, 0xa0,
    0x00, 0x04, 0x00, 0x00, 0xd9, 0xc9, 0xde, 0xc2, 0xd8, 0x0d, 0x2c, 0x11,
    0x59, 0xc0, 0xd9, 0x80, 0x00, 0x05, 0x00, 0x00, 0xd8, 0x80, 0x00, 0x09,
    0x00, 0x00, 0xd8, 0x0d, 0x78, 0x11, 0x59, 0xc0, 0xd9, 0xc9, 0xde, 0xc2,
    0xd9, 0x80, 0x00, 0x08, 0x00, 0x00, 0xd8, 0xa0, 0x00, 0x06, 0x00, 0x00,
    0xd9, 0xc9, 0xde, 0xc2, 0xd8, 0x0d, 0x0c, 0x11, 0x59, 0xc0, 0xde, 0xc1,
    0xd9, 0x80, 0x00, 0x07, 0x00, 0x00, 0xd8, 0x0d, 0x10, 0x11, 0x59, 0xc0,
    0xde, 0xc1, 0x66, 0xbe, 0xff, 0x7f, 0xd9, 0x05, 0x00, 0x11, 0x59, 0xc0,
    0xd9, 0xc9, 0xdb, 0xe9, 0xdd, 0xd9, 0x66, 0xbf, 0xff, 0x7f, 0x73, 0x3b,
    0x66, 0xbf, 0x00, 0x80, 0xd9, 0x05, 0x28, 0x11, 0x59, 0xc0, 0xdf, 0xe9,
    0x73, 0x2d, 0xd8, 0x05, 0x34, 0x11, 0x59, 0xc0, 0xd9, 0x7d, 0xf0, 0x0f,
    0xb7, 0x7d, 0xf0, 0x81, 0xcf, 0x00, 0x0c, 0x00, 0x00, 0x66, 0x89, 0x7d,
    0xec, 0xd9, 0x6d, 0xec, 0xdf, 0x5d, 0xe8, 0xd9, 0x6d, 0xf0, 0x0f, 0xbf,
    0x5d, 0xe8, 0x89, 0xdf, 0xc1, 0xef, 0x0f, 0x01, 0xdf, 0xd9, 0xee, 0xdd,
    0xd8, 0x66, 0x89, 0x39, 0xd9, 0x80, 0x08, 0x0e, 0x00, 0x00, 0xd8, 0x0d,
    0x4c, 0x11, 0x59, 0xc0, 0xd9, 0x80, 0x08, 0x0c, 0x00, 0x00, 0xd8, 0x0d,
    0x48, 0x11, 0x59, 0xc0, 0xd9, 0x80, 0x08, 0x0a, 0x00, 0x00, 0xd8, 0x0d,
    0x7c, 0x11, 0x59, 0xc0, 0xd9, 0xc9, 0xde, 0xc2, 0xd9, 0x80, 0x08, 0x08,
    0x00, 0x00, 0xd8, 0x0d, 0x84, 0x11, 0x59, 0xc0, 0xd9, 0xc9, 0xde, 0xc2,
    0xd9, 0x80, 0x08, 0x06, 0x00, 0x00, 0xd8, 0x0d, 0x18, 0x11, 0x59, 0xc0,
    0xd9, 0xc9, 0xde, 0xc2, 0xd9, 0x80, 0x08, 0x04, 0x00, 0x00, 0xd8, 0x0d,
    0x88, 0x11, 0x59, 0xc0, 0xd9, 0xc9, 0xde, 0xc2, 0xd9, 0x80, 0x08, 0x02,
    0x00, 0x00, 0xd8, 0x0d, 0x8c, 0x11, 0x59, 0xc0, 0xd9, 0xc9, 0xde, 0xc2,
    0xd9, 0x40, 0x08, 0xd8, 0x0d, 0x24, 0x11, 0x59, 0xc0, 0xd9, 0xc9, 0xde,
    0xc2, 0xde, 0xc1, 0xd9, 0x05, 0x00, 0x11, 0x59, 0xc0, 0xd9, 0xc9, 0xdb,
    0xe9, 0xdd, 0xd9, 0x73, 0x3a, 0x66, 0xbe, 0x00, 0x80, 0xd9, 0x05, 0x28,
    0x11, 0x59, 0xc0, 0xdf, 0xe9, 0x73, 0x2c, 0xd8, 0x05, 0x34, 0x11, 0x59,
    0xc0, 0xd9, 0x7d, 0xf2, 0x0f, 0xb7, 0x45, 0xf2, 0x0d, 0x00, 0x0c, 0x00,
    0x00, 0x66, 0x89, 0x45, 0xee, 0xd9, 0x6d, 0xee, 0xdf, 0x5d, 0xea, 0xd9,
    0x6d, 0xf2, 0x0f, 0xbf, 0x45, 0xea, 0x89, 0xc6, 0xc1, 0xee, 0x0f, 0x01,
    0xc6, 0xd9, 0xee, 0xdd, 0xd8, 0xc1, 0xe2, 0x05, 0x66, 0x89, 0x34, 0x11,
    0x83, 0xc4, 0x0c, 0x5e, 0x5f, 0x5b, 0x5d, 0xc3, 0x55, 0x89, 0xe5, 0x56,
    0x8b, 0x75, 0x08, 0x8d, 0x86, 0x0c, 0x1a, 0x00, 0x00, 0x31, 0xc9, 0x83,
    0xbe, 0x38, 0x35, 0x00, 0x00, 0x00, 0x8d, 0x96, 0x1c, 0x23, 0x00, 0x00,
    0x0f, 0x44, 0xca, 0x8d, 0x96, 0x1c, 0x35, 0x00, 0x00, 0x52, 0x51, 0xff,
    0xb6, 0x34, 0x35, 0x00, 0x00, 0x50, 0x56, 0xe8, 0xd7, 0xcf, 0xff, 0xff,
    0x83, 0xc4, 0x14, 0x89, 0x86, 0x3c, 0x35, 0x00, 0x00, 0x5e, 0x5d, 0xc3,
    0x00, 0x00, 0x00, 0x00, 0x4f, 0x79, 0x58, 0xc0, 0x75, 0x7a, 0x58, 0xc0,
    0x52, 0x78, 0x58, 0xc0, 0x75, 0x7a, 0x58, 0xc0, 0xff, 0x76, 0x58, 0xc0,
    0x38, 0x7a, 0x58, 0xc0, 0x6e, 0x78, 0x58, 0xc0, 0x88, 0x79, 0x58, 0xc0,
    0x5d, 0x7a, 0x58, 0xc0, 0x26, 0x7c, 0x58, 0xc0, 0x75, 0x7a, 0x58, 0xc0,
    0x5e, 0x79, 0x58, 0xc0, 0xb5, 0x79, 0x58, 0xc0, 0x4c, 0x69, 0x62, 0x72,
    0x61, 0x72, 0x79, 0x20, 0x00, 0x00, 0x00, 0x00, 0x00, 0x00, 0x00, 0x00,
    0x00, 0x00, 0x00, 0x00, 0x00, 0x00, 0x00, 0x00, 0x4e, 0x6f, 0x74, 0x68,
    0x69, 0x6e, 0x67, 0x20, 0x70, 0x6c, 0x61, 0x79, 0x69, 0x6e, 0x67, 0x00,
    0x00, 0x00, 0x00, 0x00, 0x00, 0x00, 0x00, 0x00, 0x00, 0x00, 0x00, 0x00,
    0x00, 0x00, 0x00, 0x00, 0x00, 0x00, 0x00, 0x00, 0x00, 0x00, 0x00, 0x00,
    0x00, 0x00, 0x00, 0x00, 0x00, 0x00, 0x00, 0x00, 0x00, 0x00, 0x00, 0x00,
    0x00, 0x00, 0x00, 0x00, 0x73, 0x70, 0x61, 0x63, 0x65, 0x20, 0x70, 0x6c,
    0x61, 0x79, 0x20, 0x20, 0x61, 0x72, 0x72, 0x6f, 0x77, 0x73, 0x20, 0x73,
    0x65, 0x65, 0x6b, 0x20, 0x61, 0x6e, 0x64, 0x20, 0x76, 0x6f, 0x6c, 0x75,
    0x6d, 0x65, 0x20, 0x20, 0x6e, 0x20, 0x70, 0x20, 0x73, 0x6f, 0x6e, 0x67,
    0x20, 0x20, 0x73, 0x20, 0x72, 0x20, 0x6d, 0x6f, 0x64, 0x65, 0x73, 0x00,
    0x00, 0x00, 0x00, 0x00, 0x00, 0x00, 0x00, 0x00, 0x6d, 0x75, 0x73, 0x69,
    0x63, 0x3a, 0x20, 0x6e, 0x6f, 0x20, 0x77, 0x69, 0x6e, 0x64, 0x6f, 0x77,
    0x0a, 0x00, 0x6d, 0x75, 0x73, 0x69, 0x63, 0x3a, 0x20, 0x6c, 0x69, 0x62,
    0x72, 0x61, 0x72, 0x79, 0x20, 0x6e, 0x3d, 0x00, 0x6d, 0x75, 0x73, 0x69,
    0x63, 0x3a, 0x20, 0x61, 0x74, 0x20, 0x70, 0x61, 0x75, 0x73, 0x65, 0x64,
    0x20, 0x70, 0x6f, 0x73, 0x3d, 0x00, 0x6d, 0x75, 0x73, 0x69, 0x63, 0x3a,
    0x20, 0x61, 0x74, 0x20, 0x73, 0x74, 0x6f, 0x70, 0x70, 0x65, 0x64, 0x20,
    0x70, 0x6f, 0x73, 0x3d, 0x00, 0x50, 0x61, 0x75, 0x73, 0x65, 0x64, 0x00,
    0x4d, 0x55, 0x53, 0x49, 0x43, 0x2f, 0x00, 0x4d, 0x50, 0x33, 0x00, 0x54,
    0x68, 0x61, 0x74, 0x20, 0x66, 0x69, 0x6c, 0x65, 0x20, 0x69, 0x73, 0x20,
    0x65, 0x6d, 0x70, 0x74, 0x79, 0x00, 0x00, 0x52, 0x65, 0x70, 0x65, 0x61,
    0x74, 0x20, 0x61, 0x6c, 0x6c, 0x00, 0x6d, 0x75, 0x73, 0x69, 0x63, 0x3a,
    0x20, 0x75, 0x6e, 0x72, 0x65, 0x61, 0x64, 0x61, 0x62, 0x6c, 0x65, 0x20,
    0x00, 0x6d, 0x75, 0x73, 0x69, 0x63, 0x3a, 0x20, 0x63, 0x72, 0x61, 0x73,
    0x68, 0x69, 0x6e, 0x67, 0x20, 0x6f, 0x6e, 0x20, 0x70, 0x75, 0x72, 0x70,
    0x6f, 0x73, 0x65, 0x0a, 0x00, 0x6d, 0x75, 0x73, 0x69, 0x63, 0x3a, 0x20,
    0x72, 0x65, 0x73, 0x75, 0x6d, 0x65, 0x64, 0x20, 0x70, 0x6f, 0x73, 0x3d,
    0x00, 0x6d, 0x75, 0x73, 0x69, 0x63, 0x3a, 0x20, 0x65, 0x6e, 0x64, 0x65,
    0x64, 0x20, 0x00, 0x4e, 0x6f, 0x74, 0x20, 0x65, 0x6e, 0x6f, 0x75, 0x67,
    0x68, 0x20, 0x6d, 0x65, 0x6d, 0x6f, 0x72, 0x79, 0x20, 0x66, 0x6f, 0x72,
    0x20, 0x74, 0x68, 0x61, 0x74, 0x20, 0x73, 0x6f, 0x6e, 0x67, 0x00, 0x4e,
    0x6f, 0x74, 0x20, 0x61, 0x6e, 0x20, 0x4d, 0x50, 0x33, 0x20, 0x74, 0x68,
    0x69, 0x73, 0x20, 0x70, 0x6c, 0x61, 0x79, 0x65, 0x72, 0x20, 0x63, 0x61,
    0x6e, 0x20, 0x72, 0x65, 0x61, 0x64, 0x00, 0x6d, 0x75, 0x73, 0x69, 0x63,
    0x3a, 0x20, 0x70, 0x6c, 0x61, 0x79, 0x69, 0x6e, 0x67, 0x20, 0x00, 0x6d,
    0x75, 0x73, 0x69, 0x63, 0x3a, 0x20, 0x70, 0x61, 0x75, 0x73, 0x65, 0x64,
    0x20, 0x70, 0x6f, 0x73, 0x3d, 0x00, 0x50, 0x6c, 0x61, 0x79, 0x69, 0x6e,
    0x67, 0x00, 0x52, 0x65, 0x70, 0x65, 0x61, 0x74, 0x20, 0x6f, 0x66, 0x66,
    0x00, 0x6d, 0x75, 0x73, 0x69, 0x63, 0x3a, 0x20, 0x75, 0x69, 0x20, 0x62,
    0x61, 0x72, 0x3d, 0x00, 0x6d, 0x75, 0x73, 0x69, 0x63, 0x3a, 0x20, 0x76,
    0x6f, 0x6c, 0x3d, 0x00, 0x57, 0x41, 0x56, 0x00, 0x52, 0x65, 0x70, 0x65,
    0x61, 0x74, 0x20, 0x6f, 0x6e, 0x65, 0x00, 0x4e, 0x6f, 0x20, 0x73, 0x6f,
    0x75, 0x6e, 0x64, 0x20, 0x63, 0x61, 0x72, 0x64, 0x20, 0x66, 0x6f, 0x75,
    0x6e, 0x64, 0x00, 0x6d, 0x75, 0x73, 0x69, 0x63, 0x3a, 0x20, 0x72, 0x65,
    0x70, 0x65, 0x61, 0x74, 0x3d, 0x00, 0x53, 0x74, 0x6f, 0x70, 0x70, 0x65,
    0x64, 0x00, 0x4e, 0x6f, 0x20, 0x73, 0x6f, 0x6e, 0x67, 0x73, 0x20, 0x79,
    0x65, 0x74, 0x00, 0x54, 0x6f, 0x6f, 0x20, 0x62, 0x69, 0x67, 0x20, 0x74,
    0x6f, 0x20, 0x70, 0x6c, 0x61, 0x79, 0x20, 0x28, 0x33, 0x20, 0x4d, 0x42,
    0x20, 0x69, 0x73, 0x20, 0x74, 0x68, 0x65, 0x20, 0x6d, 0x6f, 0x73, 0x74,
    0x29, 0x00, 0x4e, 0x6f, 0x74, 0x20, 0x61, 0x20, 0x57, 0x41, 0x56, 0x20,
    0x74, 0x68, 0x69, 0x73, 0x20, 0x70, 0x6c, 0x61, 0x79, 0x65, 0x72, 0x20,
    0x63, 0x61, 0x6e, 0x20, 0x72, 0x65, 0x61, 0x64, 0x00, 0x6d, 0x75, 0x73,
    0x69, 0x63, 0x3a, 0x20, 0x61, 0x74, 0x20, 0x70, 0x6c, 0x61, 0x79, 0x69,
    0x6e, 0x67, 0x20, 0x70, 0x6f, 0x73, 0x3d, 0x00, 0x6d, 0x75, 0x73, 0x69,
    0x63, 0x3a, 0x20, 0x63, 0x6c, 0x6f, 0x73, 0x65, 0x64, 0x0a, 0x00, 0x50,
    0x75, 0x74, 0x20, 0x2e, 0x57, 0x41, 0x56, 0x20, 0x66, 0x69, 0x6c, 0x65,
    0x73, 0x20, 0x69, 0x6e, 0x20, 0x61, 0x20, 0x4d, 0x55, 0x53, 0x49, 0x43,
    0x00, 0x43, 0x6f, 0x75, 0x6c, 0x64, 0x20, 0x6e, 0x6f, 0x74, 0x20, 0x72,
    0x65, 0x61, 0x64, 0x20, 0x74, 0x68, 0x61, 0x74, 0x20, 0x66, 0x69, 0x6c,
    0x65, 0x00, 0x66, 0x6f, 0x6c, 0x64, 0x65, 0x72, 0x20, 0x69, 0x6e, 0x20,
    0x46, 0x69, 0x6c, 0x65, 0x73, 0x2e, 0x00, 0x6d, 0x75, 0x73, 0x69, 0x63,
    0x3a, 0x20, 0x72, 0x65, 0x66, 0x75, 0x73, 0x65, 0x64, 0x20, 0x00, 0x6d,
    0x75, 0x73, 0x69, 0x63, 0x3a, 0x20, 0x65, 0x6e, 0x64, 0x65, 0x64, 0x20,
    0x6c, 0x69, 0x73, 0x74, 0x00, 0x6d, 0x75, 0x73, 0x69, 0x63, 0x3a, 0x20,
    0x75, 0x6e, 0x73, 0x75, 0x70, 0x70, 0x6f, 0x72, 0x74, 0x65, 0x64, 0x20,
    0x00, 0x4d, 0x55, 0x53, 0x49, 0x43, 0x00, 0x50, 0x72, 0x65, 0x73, 0x73,
    0x20, 0x73, 0x70, 0x61, 0x63, 0x65, 0x20, 0x74, 0x6f, 0x20, 0x70, 0x6c,
    0x61, 0x79, 0x00, 0x6d, 0x75, 0x73, 0x69, 0x63, 0x3a, 0x20, 0x73, 0x65,
    0x65, 0x6b, 0x20, 0x70, 0x6f, 0x73, 0x3d, 0x00, 0x53, 0x68, 0x75, 0x66,
    0x66, 0x6c, 0x65, 0x00, 0x56, 0x6f, 0x6c, 0x75, 0x6d, 0x65, 0x00, 0x72,
    0x69, 0x6e, 0x67, 0x33, 0x3a, 0x20, 0x77, 0x69, 0x6e, 0x64, 0x6f, 0x77,
    0x20, 0x6e, 0x6f, 0x77, 0x20, 0x00, 0x6d, 0x75, 0x73, 0x69, 0x63, 0x3a,
    0x20, 0x73, 0x68, 0x75, 0x66, 0x66, 0x6c, 0x65, 0x3d, 0x00, 0x32, 0xd8,
    0xd8, 0xd8, 0xd8, 0xd7, 0xc6, 0x84, 0x00, 0xa6, 0xd8, 0x22, 0x03, 0x0a,
    0x81, 0xf1, 0xa8, 0x1f, 0x1a, 0x81, 0xf1, 0x64, 0x19, 0x10, 0x00, 0x00,
    0x10, 0x01, 0x00, 0x00, 0x02, 0xe0, 0x1f, 0x10, 0x00, 0x05, 0xb0, 0x4d,
    0x00, 0x03, 0x3a, 0x93, 0x9b, 0x32, 0x2d, 0xdf, 0xdd, 0xfd, 0xd8, 0x00,
    0x2f, 0x00, 0xf1, 0x00, 0x00, 0x5b, 0x04, 0xd0, 0x00, 0xcd, 0xee, 0xde,
    0xed, 0xb0, 0x23, 0xd5, 0x3c, 0x73, 0x20, 0x02, 0xe0, 0x0f, 0x10, 0x00,
    0x05, 0xb0, 0x4d, 0x00, 0x00, 0x00, 0x07, 0x00, 0x00, 0x00, 0xa0, 0x00,
    0x17, 0xdf, 0xec, 0x16, 0xc2, 0xa1, 0x51, 0xb8, 0x0a, 0x00, 0x06, 0xe7,
    0xb0, 0x00, 0x05, 0xbf, 0xd7, 0x00, 0x00, 0xb5, 0xe5, 0x00, 0x0a, 0x09,
    0x98, 0x41, 0xa4, 0xe4, 0x6c, 0xef, 0xb6, 0x00, 0x00, 0xa0, 0x00, 0x00,
    0x0a, 0x00, 0x00, 0x00, 0x10, 0x00, 0x00, 0x23, 0x00, 0x00, 0x05, 0x20,
    0x00, 0x8c, 0xab, 0x00, 0x04, 0xc0, 0x00, 0x0e, 0x10, 0xc3, 0x00, 0xc4,
    0x00, 0x02, 0xe0, 0x0a, 0x60, 0x7a, 0x00, 0x00, 0x0d, 0x20, 0xd2, 0x2d,
    0x10, 0x00, 0x00, 0x5c, 0xc8, 0x0a, 0x70, 0x13, 0x00, 0x00, 0x01, 0x04,
    0xc0, 0x7c, 0xbb, 0x00, 0x00, 0x00, 0xc4, 0x0d, 0x20, 0xc4, 0x00, 0x00,
    0x79, 0x02, 0xe0, 0x09, 0x70, 0x00, 0x2d, 0x10, 0x0d, 0x30, 0xd3, 0x00,
    0x0a, 0x60, 0x00, 0x5d, 0xc9, 0x00, 0x00, 0x30, 0x00, 0x00, 0x01, 0x00,
    0x00, 0x00, 0x45, 0x10, 0x00, 0x00, 0x04, 0xed, 0xcf, 0x10, 0x00, 0x00,
    0xb9, 0x00, 0x20, 0x00, 0x00, 0x0d, 0x70, 0x00, 0x00, 0x00, 0x00, 0x7e,
    0x30, 0x00, 0x00, 0x00, 0x2d, 0xce, 0x30, 0x02, 0x70, 0x0b, 0x90, 0x9e,
    0x30, 0x7c, 0x01, 0xf4, 0x00, 0xae, 0x2c, 0x70, 0x0c, 0x80, 0x00, 0xae,
    0xd0, 0x00, 0x6e, 0x51, 0x17, 0xfd, 0x20, 0x01, 0x7c, 0xff, 0xb3, 0xbd,
    0x20, 0x00, 0x02, 0x10, 0x00, 0x00, 0x22, 0xa8, 0xa8, 0xa8, 0x64, 0x00,
    0x82, 0x04, 0xd0, 0x0c, 0x60, 0x4f, 0x10, 0x7d, 0x00, 0x9a, 0x00, 0xb9,
    0x00, 0xaa, 0x00, 0x7c, 0x00, 0x5e, 0x00, 0x0d, 0x50, 0x06, 0xb0, 0x00,
    0xc2, 0x73, 0x00, 0x6b, 0x00, 0x1e, 0x40, 0x08, 0xa0, 0x06, 0xe0, 0x04,
    0xf1, 0x02, 0xf3, 0x03, 0xf2, 0x05, 0xe0, 0x08, 0xb0, 0x0d, 0x50, 0x4d,
    0x00, 0x95, 0x00, 0x00, 0x05, 0x00, 0x01, 0x00, 0xc0, 0x01, 0x5b, 0x3c,
    0x3b, 0x50, 0x2a, 0xea, 0x20, 0x07, 0xbd, 0xb7, 0x05, 0x60, 0xc0, 0x65,
    0x00, 0x0c, 0x00, 0x00, 0x00, 0x00, 0x85, 0x00, 0x00, 0x00, 0x00, 0xb7,
    0x00, 0x00, 0x00, 0x00, 0xb7, 0x00, 0x00, 0x00, 0x00, 0xb7, 0x00, 0x00,
    0x8f, 0xff, 0xff, 0xff, 0xf4, 0x13, 0x33, 0xb8, 0x33, 0x31, 0x00, 0x00,
    0xb7, 0x00, 0x00, 0x00, 0x00, 0xb7, 0x00, 0x00, 0x00, 0x00, 0xb7, 0x00,
    0x00, 0x4b, 0x16, 0xe1, 0x98, 0x08, 0x10, 0x26, 0x66, 0x23, 0xbb, 0xb4,
    0x6a, 0x8e, 0x00, 0x01, 0x20, 0x00, 0xa7, 0x00, 0x0e, 0x30, 0x04, 0xd0,
    0x00, 0x99, 0x00, 0x0d, 0x40, 0x03, 0xe0, 0x00, 0x8a, 0x00, 0x0c, 0x50,
    0x02, 0xf1, 0x00, 0x7b, 0x00, 0x0b, 0x60, 0x00, 0x41, 0x00, 0x00, 0x00,
    0x03, 0x52, 0x00, 0x00, 0xaf, 0xdf, 0x80, 0x06, 0xe5, 0x06, 0xf4, 0x0c,
    0xb0, 0x00, 0xca, 0x0e, 0x80, 0x00, 0xad, 0x1f, 0x60, 0x00, 0x7e, 0x0f,
    0x60, 0x00, 0x8e, 0x0e, 0x90, 0x00, 0xac, 0x0b, 0xb0, 0x00, 0xd9, 0x05,
    0xf8, 0x19, 0xf3, 0x00, 0x7e, 0xfe, 0x60, 0x00, 0x00, 0x20, 0x00, 0x00,
    0x23, 0x10, 0x05, 0xef, 0xf5, 0x00, 0x35, 0x2f, 0x50, 0x00, 0x00, 0xf5,
    0x00, 0x00, 0x0f, 0x50, 0x00, 0x00, 0xf5, 0x00, 0x00, 0x0f, 0x50, 0x00,
    0x00, 0xf5, 0x00, 0x00, 0x0f, 0x50, 0x01, 0x23, 0xf7, 0x21, 0x4f, 0xff,
    0xff, 0x90, 0x02, 0x53, 0x00, 0x0c, 0xfd, 0xee, 0x60, 0x71, 0x00, 0x7e,
    0x10, 0x00, 0x01, 0xf6, 0x00, 0x00, 0x3f, 0x40, 0x00, 0x0c, 0xb0, 0x00,
    0x0a, 0xd1, 0x00, 0x0a, 0xd2, 0x00, 0x0a, 0xd2, 0x00, 0x09, 0xe4, 0x22,
    0x21, 0xff, 0xff, 0xff, 0x80, 0x03, 0x54, 0x10, 0x09, 0xec, 0xde, 0x90,
    0x20, 0x00, 0x5f, 0x30, 0x00, 0x00, 0xe7, 0x00, 0x02, 0x8e, 0x20, 0x3f,
    0xfe, 0x30, 0x00, 0x24, 0x9e, 0x30, 0x00, 0x00, 0xc9, 0x00, 0x00, 0x0c,
    0x96, 0x20, 0x27, 0xf2, 0xbf, 0xfe, 0xb6, 0x00, 0x12, 0x10, 0x00, 0x00,
    0x00, 0x03, 0x20, 0x00, 0x00, 0x08, 0xfa, 0x00, 0x00, 0x03, 0xdc, 0xa0,
    0x00, 0x00, 0xc5, 0xba, 0x00, 0x00, 0x8a, 0x0b, 0xa0, 0x00, 0x3e, 0x20,
    0xba, 0x00, 0x0c, 0x60, 0x0b, 0xa0, 0x04, 0xf8, 0x88, 0xdd, 0x81, 0x39,
    0x99, 0x9d, 0xd9, 0x10, 0x00, 0x00, 0xba, 0x00, 0x00, 0x00, 0x0b, 0xa0,
    0x00, 0x23, 0x33, 0x33, 0x07, 0xfe, 0xee, 0xd0, 0x7c, 0x00, 0x00, 0x07,
    0xc0, 0x00, 0x00, 0x7e, 0xa8, 0x30, 0x06, 0x97, 0xae, 0xb0, 0x00, 0x00,
    0x3f, 0x30, 0x00, 0x00, 0xc8, 0x00, 0x00, 0x1e, 0x66, 0x20, 0x3a, 0xe1,
    0xcf, 0xfe, 0xa4, 0x00, 0x12, 0x00, 0x00, 0x00, 0x01, 0x45, 0x30, 0x00,
    0x04, 0xef, 0xce, 0x50, 0x02, 0xf9, 0x20, 0x01, 0x00, 0x9e, 0x00, 0x00,
    0x00, 0x0d, 0xa6, 0xa7, 0x10, 0x00, 0xee, 0xc7, 0xbf, 0x30, 0x0e, 0xe0,
    0x00, 0xb9, 0x00, 0xda, 0x00, 0x07, 0xe0, 0x0a, 0xd0, 0x00, 0x9b, 0x00,
    0x3f, 0x61, 0x4e, 0x60, 0x00, 0x6e, 0xfd, 0x71, 0x00, 0x00, 0x02, 0x00,
    0x00, 0x33, 0x33, 0x33, 0x2c, 0xee, 0xee, 0xfa, 0x00, 0x00, 0x2f, 0x40,
    0x00, 0x08, 0xd0, 0x00, 0x00, 0xe8, 0x00, 0x00, 0x5f, 0x20, 0x00, 0x0b,
    0xb0, 0x00, 0x02, 0xf5, 0x00, 0x00, 0x7e, 0x10, 0x00, 0x0d, 0x90, 0x00,
    0x04, 0xf3, 0x00, 0x00, 0x00, 0x02, 0x51, 0x00, 0x01, 0xce, 0xcf, 0xb0,
    0x07, 0xd1, 0x01, 0xe6, 0x0b, 0xa0, 0x00, 0xb9, 0x05, 0xe4, 0x04, 0xf4,
    0x00, 0x5f, 0xff, 0x40, 0x06, 0xe7, 0x48, 0xe4, 0x0d, 0x90, 0x00, 0xab,
    0x0d, 0x70, 0x00, 0x9c, 0x08, 0xd3, 0x04, 0xe6, 0x01, 0x9e, 0xfd, 0x91,
    0x00, 0x00, 0x20, 0x00, 0x00, 0x02, 0x52, 0x00, 0x02, 0xbe, 0xcf, 0x70,
    0x08, 0xc1, 0x05, 0xf3, 0x0d, 0x70, 0x00, 0xd9, 0x0e, 0x60, 0x00, 0xcc,
    0x09, 0xb0, 0x03, 0xfd, 0x03, 0xdd, 0xae, 0xcd, 0x00, 0x04, 0x73, 0xcb,
    0x00, 0x00, 0x01, 0xf6, 0x03, 0x20, 0x5c, 0xd0, 0x06, 0xff, 0xfb, 0x10,
    0x00, 0x12, 0x10, 0x00, 0x14, 0x05, 0xf1, 0x37, 0x10, 0x00, 0x00, 0x00,
    0x00, 0x4b, 0x15, 0xf1, 0x14, 0x05, 0xf1, 0x37, 0x10, 0x00, 0x00, 0x00,
    0x00, 0x4b, 0x16, 0xe1, 0x98, 0x08, 0x10, 0x00, 0x00, 0x00, 0x00, 0x00,
    0x00, 0x00, 0x00, 0x28, 0xd4, 0x00, 0x01, 0x6c, 0xfb, 0x61, 0x05, 0xaf,
    0xc7, 0x10, 0x00, 0x8f, 0xc3, 0x00, 0x00, 0x00, 0x28, 0xde, 0x83, 0x00,
    0x00, 0x00, 0x04, 0xae, 0xd8, 0x20, 0x00, 0x00, 0x01, 0x5b, 0xf3, 0x00,
    0x00, 0x00, 0x00, 0x11, 0x35, 0x55, 0x55, 0x55, 0x51, 0x6c, 0xcc, 0xcc,
    0xcc, 0xc3, 0x00, 0x00, 0x00, 0x00, 0x00, 0x49, 0x99, 0x99, 0x99, 0x92,
    0x59, 0x99, 0x99, 0x99, 0x92, 0x00, 0x00, 0x00, 0x00, 0x00, 0x8b, 0x61,
    0x00, 0x00, 0x00, 0x27, 0xcf, 0xa5, 0x00, 0x00, 0x00, 0x03, 0x8d, 0xe9,
    0x30, 0x00, 0x00, 0x00, 0x5e, 0xf4, 0x00, 0x00, 0x5a, 0xec, 0x71, 0x04,
    0x9e, 0xd8, 0x30, 0x00, 0x7e, 0x94, 0x00, 0x00, 0x00, 0x21, 0x00, 0x00,
    0x00, 0x00, 0x03, 0x52, 0x00, 0xce, 0xcf, 0xa0, 0x60, 0x03, 0xf3, 0x00,
    0x01, 0xf5, 0x00, 0x0b, 0xc0, 0x00, 0xac, 0x10, 0x02, 0xf2, 0x00, 0x04,
    0xf0, 0x00, 0x01, 0x40, 0x00, 0x04, 0xb1, 0x00, 0x05, 0xf1, 0x00, 0x00,
    0x00, 0x38, 0xbc, 0x95, 0x00, 0x00, 0x00, 0x19, 0xd6, 0x33, 0x6b, 0xb1,
    0x00, 0x00, 0xab, 0x00, 0x00, 0x00, 0x7d, 0x10, 0x05, 0xc1, 0x03, 0x99,
    0x38, 0x08, 0x80, 0x0b, 0x50, 0x4e, 0x77, 0xde, 0x02, 0xd0, 0x0e, 0x10,
    0x97, 0x00, 0x7e, 0x00, 0xe0, 0x0e, 0x00, 0xc4, 0x00, 0x4e, 0x04, 0xa0,
    0x0d, 0x20, 0x79, 0x00, 0x8e, 0x1a, 0x40, 0x0a, 0x60, 0x2d, 0xcc, 0xbe,
    0xb7, 0x00, 0x02, 0xe2, 0x00, 0x44, 0x13, 0x00, 0x00, 0x00, 0x6d, 0x40,
    0x00, 0x03, 0x60, 0x00, 0x00, 0x03, 0xcd, 0xa9, 0xcd, 0x50, 0x00, 0x00,
    0x00, 0x02, 0x55, 0x30, 0x00, 0x00, 0x00, 0x00, 0x32, 0x00, 0x00, 0x00,
    0x04, 0xfd, 0x00, 0x00, 0x00, 0x0a, 0xbf, 0x30, 0x00, 0x00, 0x1e, 0x4b,
    0x90, 0x00, 0x00, 0x6e, 0x05, 0xe1, 0x00, 0x00, 0xc8, 0x01, 0xe5, 0x00,
    0x03, 0xf3, 0x00, 0x9b, 0x00, 0x08, 0xfb, 0xbb, 0xdf, 0x20, 0x0e, 0x96,
    0x66, 0x6d, 0x80, 0x5f, 0x20, 0x00, 0x08, 0xd0, 0xab, 0x00, 0x00, 0x02,
    0xf4, 0x23, 0x33, 0x10, 0x00, 0x9f, 0xee, 0xfc, 0x40, 0x9b, 0x00, 0x2a,
    0xc0, 0x9b, 0x00, 0x05, 0xf1, 0x9b, 0x00, 0x3b, 0xc0, 0x9f, 0xff, 0xfd,
    0x10, 0x9c, 0x22, 0x4a, 0xd1, 0x9b, 0x00, 0x01, 0xe6, 0x9b, 0x00, 0x01,
    0xf7, 0x9c, 0x22, 0x4a, 0xe1, 0x9f, 0xff, 0xd9, 0x40, 0x00, 0x00, 0x35,
    0x42, 0x00, 0x00, 0x4d, 0xfd, 0xdf, 0xa0, 0x03, 0xfb, 0x40, 0x02, 0xa0,
    0x0b, 0xe0, 0x00, 0x00, 0x00, 0x0f, 0xa0, 0x00, 0x00, 0x00, 0x2f, 0x60,
    0x00, 0x00, 0x00, 0x2f, 0x60, 0x00, 0x00, 0x00, 0x0e, 0xb0, 0x00, 0x00,
    0x00, 0x0a, 0xf1, 0x00, 0x00, 0x10, 0x02, 0xed, 0x71, 0x15, 0xd0, 0x00,
    0x2a, 0xff, 0xfe, 0x70, 0x00, 0x00, 0x02, 0x10, 0x00, 0x23, 0x33, 0x10,
    0x00, 0x09, 0xfe, 0xef, 0xe8, 0x10, 0x9b, 0x00, 0x15, 0xdd, 0x09, 0xb0,
    0x00, 0x02, 0xf7, 0x9b, 0x00, 0x00, 0x0a, 0xb9, 0xb0, 0x00, 0x00, 0x8d,
    0x9b, 0x00, 0x00, 0x09, 0xd9, 0xb0, 0x00, 0x00, 0xbb, 0x9b, 0x00, 0x00,
    0x4f, 0x69, 0xc2, 0x24, 0x8e, 0xa0, 0x9f, 0xfe, 0xdb, 0x50, 0x00, 0x23,
    0x33, 0x33, 0x39, 0xfe, 0xee, 0xec, 0x9b, 0x00, 0x00, 0x09, 0xb0, 0x00,
    0x00, 0x9b, 0x00, 0x00, 0x09, 0xff, 0xff, 0xf9, 0x9c, 0x22, 0x22, 0x19,
    0xb0, 0x00, 0x00, 0x9b, 0x00, 0x00, 0x09, 0xc2, 0x22, 0x22, 0x9f, 0xff,
    0xff, 0xe0, 0x23, 0x33, 0x33, 0x19, 0xfe, 0xee, 0xe3, 0x9b, 0x00, 0x00,
    0x09, 0xb0, 0x00, 0x00, 0x9b, 0x11, 0x10, 0x09, 0xff, 0xff, 0xc0, 0x9c,
    0x22, 0x22, 0x09, 0xb0, 0x00, 0x00, 0x9b, 0x00, 0x00, 0x09, 0xb0, 0x00,
    0x00, 0x9b, 0x00, 0x00, 0x00, 0x00, 0x00, 0x25, 0x53, 0x00, 0x00, 0x4d,
    0xfe, 0xdf, 0xc3, 0x03, 0xfa, 0x40, 0x01, 0x76, 0x0b, 0xe0, 0x00, 0x00,
    0x00, 0x0f, 0xa0, 0x00, 0x00, 0x00, 0x2f, 0x60, 0x00, 0x55, 0x53, 0x2f,
    0x60, 0x00, 0xbc, 0xeb, 0x0e, 0xb0, 0x00, 0x00, 0xab, 0x0a, 0xf1, 0x00,
    0x00, 0xab, 0x02, 0xed, 0x72, 0x02, 0xcb, 0x00, 0x2a, 0xef, 0xfe, 0xa2,
    0x00, 0x00, 0x02, 0x20, 0x00, 0x22, 0x00, 0x00, 0x13, 0x09, 0xb0, 0x00,
    0x03, 0xf2, 0x9b, 0x00, 0x00, 0x3f, 0x29, 0xb0, 0x00, 0x03, 0xf2, 0x9b,
    0x00, 0x00, 0x4f, 0x29, 0xff, 0xff, 0xff, 0xf2, 0x9c, 0x22, 0x22, 0x5f,
    0x29, 0xb0, 0x00, 0x03, 0xf2, 0x9b, 0x00, 0x00, 0x3f, 0x29, 0xb0, 0x00,
    0x03, 0xf2, 0x9b, 0x00, 0x00, 0x3f, 0x20, 0x22, 0x9b, 0x9b, 0x9b, 0x9b,
    0x9b, 0x9b, 0x9b, 0x9b, 0x9b, 0x9b, 0x00, 0x22, 0x00, 0x9b, 0x00, 0x9b,
    0x00, 0x9b, 0x00, 0x9b, 0x00, 0x9b, 0x00, 0x9b, 0x00, 0x9b, 0x00, 0x9b,
    0x00, 0x9b, 0x00, 0xaa, 0x00, 0xd7, 0x4a, 0xf3, 0x98, 0x30, 0x22, 0x00,
    0x00, 0x23, 0x09, 0xb0, 0x00, 0x6f, 0x60, 0x9b, 0x00, 0x7f, 0x50, 0x09,
    0xb0, 0x8e, 0x40, 0x00, 0x9b, 0x9e, 0x30, 0x00, 0x09, 0xff, 0x50, 0x00,
    0x00, 0x9c, 0xcd, 0x20, 0x00, 0x09, 0xb1, 0xcd, 0x20, 0x00, 0x9b, 0x01,
    0xcd, 0x20, 0x09, 0xb0, 0x01, 0xcd, 0x20, 0x9b, 0x00, 0x01, 0xcd, 0x20,
    0x22, 0x00, 0x00, 0x09, 0xb0, 0x00, 0x00, 0x9b, 0x00, 0x00, 0x09, 0xb0,
    0x00, 0x00, 0x9b, 0x00, 0x00, 0x09, 0xb0, 0x00, 0x00, 0x9b, 0x00, 0x00,
    0x09, 0xb0, 0x00, 0x00, 0x9b, 0x00, 0x00, 0x09, 0xc2, 0x22, 0x22, 0x9f,
    0xff, 0xff, 0xb0, 0x23, 0x10, 0x00, 0x01, 0x32, 0x9f, 0xa0, 0x00, 0x09,
    0xfb, 0x9d, 0xf1, 0x00, 0x1e, 0xcb, 0x9b, 0xb7, 0x00, 0x5c, 0xab, 0x9b,
    0x5c, 0x00, 0xb7, 0xab, 0x9b, 0x1e, 0x32, 0xf1, 0xab, 0x9b, 0x09, 0x97,
    0xa0, 0xab, 0x9b, 0x03, 0xed, 0x50, 0xab, 0x9b, 0x00, 0xde, 0x00, 0xab,
    0x9b, 0x00, 0x00, 0x00, 0xab, 0x9b, 0x00, 0x00, 0x00, 0xab, 0x23, 0x10,
    0x00, 0x13, 0x09, 0xf9, 0x00, 0x04, 0xf1, 0x9e, 0xf2, 0x00, 0x4f, 0x19,
    0xbb, 0xa0, 0x04, 0xf1, 0x9b, 0x3f, 0x30, 0x4f, 0x19, 0xb0, 0xab, 0x04,
    0xf1, 0x9b, 0x02, 0xf4, 0x4f, 0x19, 0xb0, 0x09, 0xc4, 0xf1, 0x9b, 0x00,
    0x2f, 0x8f, 0x19, 0xb0, 0x00, 0x8f, 0xf1, 0x9b, 0x00, 0x01, 0xef, 0x10,
    0x00, 0x00, 0x35, 0x30, 0x00, 0x00, 0x04, 0xdf, 0xdf, 0xe4, 0x00, 0x03,
    0xfa, 0x30, 0x3a, 0xf3, 0x00, 0xbe, 0x00, 0x00, 0x0e, 0xb0, 0x0f, 0xa0,
    0x00, 0x00, 0x9f, 0x12, 0xf5, 0x00, 0x00, 0x05, 0xf3, 0x2f, 0x60, 0x00,
    0x00, 0x6f, 0x20, 0xfb, 0x00, 0x00, 0x0a, 0xf0, 0x0a, 0xe1, 0x00, 0x00,
    0xea, 0x00, 0x2e, 0xd6, 0x16, 0xde, 0x20, 0x00, 0x2b, 0xff, 0xfb, 0x20,
    0x00, 0x00, 0x00, 0x20, 0x00, 0x00, 0x23, 0x33, 0x00, 0x09, 0xfe, 0xed,
    0x91, 0x9b, 0x00, 0x4e, 0x79, 0xb0, 0x00, 0x9c, 0x9b, 0x00, 0x0b, 0xb9,
    0xc4, 0x49, 0xf5, 0x9f, 0xdd, 0x94, 0x09, 0xb0, 0x00, 0x00, 0x9b, 0x00,
    0x00, 0x09, 0xb0, 0x00, 0x00, 0x9b, 0x00, 0x00, 0x00, 0x00, 0x00, 0x35,
    0x30, 0x00, 0x00, 0x04, 0xdf, 0xdf, 0xe4, 0x00, 0x03, 0xfa, 0x30, 0x3a,
    0xf3, 0x00, 0xbe, 0x00, 0x00, 0x0e, 0xb0, 0x0f, 0xa0, 0x00, 0x00, 0x9f,
    0x12, 0xf5, 0x00, 0x00, 0x05, 0xf3, 0x2f, 0x60, 0x00, 0x00, 0x6f, 0x10,
    0xfb, 0x00, 0x00, 0x0a, 0xd0, 0x0a, 0xe1, 0x00, 0x00, 0xe9, 0x00, 0x2e,
    0xd6, 0x16, 0xdc, 0x10, 0x00, 0x2b, 0xff, 0xfc, 0x10, 0x00, 0x00, 0x00,
    0x39, 0xe2, 0x00, 0x00, 0x00, 0x00, 0x09, 0xa1, 0x00, 0x23, 0x33, 0x00,
    0x00, 0x09, 0xfe, 0xee, 0xa1, 0x00, 0x9b, 0x00, 0x4e, 0x70, 0x09, 0xb0,
    0x00, 0x9d, 0x00, 0x9b, 0x00, 0x0c, 0xb0, 0x09, 0xd7, 0x7b, 0xe4, 0x00,
    0x9e, 0xab, 0xfa, 0x00, 0x09, 0xb0, 0x02, 0xe7, 0x00, 0x9b, 0x00, 0x06,
    0xe2, 0x09, 0xb0, 0x00, 0x0d, 0x90, 0x9b, 0x00, 0x00, 0x6f, 0x20, 0x00,
    0x01, 0x55, 0x20, 0x00, 0x2c, 0xfc, 0xdf, 0x70, 0x09, 0xb1, 0x00, 0x23,
    0x00, 0xe6, 0x00, 0x00, 0x00, 0x0b, 0xc4, 0x00, 0x00, 0x00, 0x3b, 0xfe,
    0xa3, 0x00, 0x00, 0x02, 0x7c, 0xf7, 0x00, 0x00, 0x00, 0x0a, 0xd0, 0x00,
    0x00, 0x00, 0x7e, 0x00, 0xa3, 0x10, 0x4d, 0x80, 0x0b, 0xef, 0xfd, 0x91,
    0x00, 0x00, 0x22, 0x00, 0x00, 0x03, 0x33, 0x33, 0x33, 0x32, 0x1e, 0xee,
    0xff, 0xee, 0xe9, 0x00, 0x00, 0x6f, 0x00, 0x00, 0x00, 0x00, 0x6f, 0x00,
    0x00, 0x00, 0x00, 0x6f, 0x00, 0x00, 0x00, 0x00, 0x6f, 0x00, 0x00, 0x00,
    0x00, 0x6f, 0x00, 0x00, 0x00, 0x00, 0x6f, 0x00, 0x00, 0x00, 0x00, 0x6f,
    0x00, 0x00, 0x00, 0x00, 0x6f, 0x00, 0x00, 0x00, 0x00, 0x6f, 0x00, 0x00,
    0x22, 0x00, 0x00, 0x13, 0x0c, 0x90, 0x00, 0x05, 0xf0, 0xc9, 0x00, 0x00,
    0x5f, 0x0c, 0x90, 0x00, 0x05, 0xf0, 0xc9, 0x00, 0x00, 0x5f, 0x0c, 0x90,
    0x00, 0x05, 0xf0, 0xc9, 0x00, 0x00, 0x5f, 0x0a, 0xb0, 0x00, 0x07, 0xe0,
    0x5e, 0x00, 0x00, 0xb9, 0x01, 0xf9, 0x21, 0x7e, 0x40, 0x04, 0x9e, 0xfb,
    0x60, 0x00, 0x00, 0x11, 0x00, 0x00, 0x32, 0x00, 0x00, 0x00, 0x31, 0x9c,
    0x00, 0x00, 0x04, 0xf3, 0x4f, 0x30, 0x00, 0x09, 0xc0, 0x0d, 0x90, 0x00,
    0x1e, 0x60, 0x07, 0xe0, 0x00, 0x6f, 0x10, 0x02, 0xf5, 0x00, 0xba, 0x00,
    0x00, 0xba, 0x02, 0xf4, 0x00, 0x00, 0x5f, 0x18, 0xd0, 0x00, 0x00, 0x0e,
    0x7d, 0x80, 0x00, 0x00, 0x09, 0xef, 0x20, 0x00, 0x00, 0x03, 0xfb, 0x00,
    0x00, 0x23, 0x00, 0x00, 0x32, 0x00, 0x00, 0x31, 0x5f, 0x10, 0x01, 0xfd,
    0x00, 0x03, 0xf3, 0x2f, 0x40, 0x04, 0xde, 0x20, 0x07, 0xe0, 0x0d, 0x80,
    0x08, 0x9b, 0x60, 0x0a, 0xb0, 0x09, 0xc0, 0x0c, 0x57, 0x90, 0x0e, 0x70,
    0x05, 0xf1, 0x1f, 0x24, 0xd0, 0x3f, 0x30, 0x02, 0xf4, 0x4d, 0x01, 0xf2,
    0x6e, 0x00, 0x00, 0xd8, 0x89, 0x00, 0xb5, 0xab, 0x00, 0x00, 0x9c, 0xb6,
    0x00, 0x89, 0xe7, 0x00, 0x00, 0x5f, 0xf2, 0x00, 0x4e, 0xf3, 0x00, 0x00,
    0x2f, 0xd0, 0x00, 0x1f, 0xe0, 0x00, 0x03, 0x10, 0x00, 0x02, 0x30, 0x0a,
    0xc0, 0x00, 0x1e, 0x70, 0x01, 0xe8, 0x00, 0xac, 0x00, 0x00, 0x5f, 0x36,
    0xe2, 0x00, 0x00, 0x0a, 0xde, 0x70, 0x00, 0x00, 0x02, 0xfd, 0x00, 0x00,
    0x00, 0x09, 0xef, 0x30, 0x00, 0x00, 0x4f, 0x4a, 0xc0, 0x00, 0x01, 0xd9,
    0x01, 0xe8, 0x00, 0x09, 0xd1, 0x00, 0x5f, 0x30, 0x4f, 0x40, 0x00, 0x0a,
    0xc0, 0x03, 0x20, 0x00, 0x00, 0x32, 0x08, 0xd1, 0x00, 0x06, 0xe2, 0x01,
    0xd9, 0x00, 0x2e, 0x60, 0x00, 0x3f, 0x40, 0xbb, 0x00, 0x00, 0x08, 0xd7,
    0xe2, 0x00, 0x00, 0x00, 0xcf, 0x60, 0x00, 0x00, 0x00, 0x6f, 0x00, 0x00,
    0x00, 0x00, 0x6f, 0x00, 0x00, 0x00, 0x00, 0x6f, 0x00, 0x00, 0x00, 0x00,
    0x6f, 0x00, 0x00, 0x00, 0x00, 0x6f, 0x00, 0x00, 0x13, 0x33, 0x33, 0x33,
    0x23, 0xee, 0xee, 0xee, 0xfc, 0x00, 0x00, 0x00, 0x5f, 0x40, 0x00, 0x00,
    0x3e, 0x70, 0x00, 0x00, 0x1d, 0xa0, 0x00, 0x00, 0x0b, 0xc1, 0x00, 0x00,
    0x09, 0xe2, 0x00, 0x00, 0x06, 0xf4, 0x00, 0x00, 0x03, 0xf6, 0x00, 0x00,
    0x02, 0xeb, 0x22, 0x22, 0x22, 0x6f, 0xff, 0xff, 0xff, 0xe0, 0x8a, 0xa1,
    0xca, 0x51, 0xc7, 0x00, 0xc7, 0x00, 0xc7, 0x00, 0xc7, 0x00, 0xc7, 0x00,
    0xc7, 0x00, 0xc7, 0x00, 0xc7, 0x00, 0xc7, 0x00, 0xc8, 0x20, 0xad, 0xd1,
    0x31, 0x00, 0x0c, 0x60, 0x00, 0x7a, 0x00, 0x02, 0xe1, 0x00, 0x0d, 0x50,
    0x00, 0x89, 0x00, 0x04, 0xe0, 0x00, 0x0e, 0x40, 0x00, 0x98, 0x00, 0x05,
    0xd0, 0x00, 0x1e, 0x20, 0x00, 0xa7, 0x00, 0x02, 0x30, 0x6a, 0xa2, 0x35,
    0xf4, 0x00, 0xf4, 0x00, 0xf4, 0x00, 0xf4, 0x00, 0xf4, 0x00, 0xf4, 0x00,
    0xf4, 0x00, 0xf4, 0x00, 0xf4, 0x00, 0xf4, 0x12, 0xf4, 0x8d, 0xd3, 0x00,
    0x00, 0x32, 0x00, 0x00, 0x00, 0x07, 0xfe, 0x40, 0x00, 0x00, 0x7e, 0x47,
    0xe4, 0x00, 0x07, 0xd3, 0x00, 0x6e, 0x30, 0x29, 0x20, 0x00, 0x04, 0x80,
    0x1a, 0xaa, 0xaa, 0xaa, 0x11, 0x55, 0x55, 0x55, 0x51, 0x22, 0x00, 0x4d,
    0x20, 0x05, 0xc0, 0x00, 0x42, 0x04, 0x9c, 0xa5, 0x00, 0x07, 0x74, 0x6c,
    0xa0, 0x00, 0x00, 0x03, 0xe0, 0x01, 0x6a, 0xcc, 0xf4, 0x09, 0xc5, 0x33,
    0xf5, 0x1e, 0x40, 0x04, 0xf5, 0x0d, 0x70, 0x3b, 0xf5, 0x05, 0xde, 0xe6,
    0xe5, 0x00, 0x02, 0x00, 0x00, 0x75, 0x00, 0x00, 0x00, 0xb8, 0x00, 0x00,
    0x00, 0xb8, 0x00, 0x00, 0x00, 0xb8, 0x6b, 0x92, 0x00, 0xbd, 0xc5, 0x9e,
    0x40, 0xbe, 0x00, 0x09, 0x90, 0xbb, 0x00, 0x05, 0xe0, 0xb9, 0x00, 0x04,
    0xf1, 0xbd, 0x00, 0x08, 0xb0, 0xbf, 0x71, 0x4d, 0x60, 0xb9, 0xbe, 0xe7,
    0x10, 0x00, 0x01, 0x10, 0x00, 0x00, 0x16, 0xbb, 0x60, 0x4e, 0xb5, 0x58,
    0x0a, 0x90, 0x00, 0x01, 0xe5, 0x00, 0x00, 0x2f, 0x30, 0x00, 0x00, 0xc8,
    0x00, 0x00, 0x06, 0xd5, 0x00, 0x40, 0x16, 0xce, 0xfb, 0x00, 0x00, 0x21,
    0x00, 0x00, 0x00, 0x00, 0x66, 0x00, 0x00, 0x00, 0xa9, 0x00, 0x00, 0x00,
    0xa9, 0x00, 0x2a, 0xb5, 0xa9, 0x06, 0xe9, 0x6d, 0xd9, 0x0b, 0x80, 0x01,
    0xf9, 0x1f, 0x40, 0x00, 0xc9, 0x2f, 0x20, 0x00, 0xb9, 0x0d, 0x60, 0x00,
    0xe9, 0x08, 0xc3, 0x18, 0xf9, 0x01, 0x8e, 0xea, 0xa9, 0x00, 0x01, 0x10,
    0x00, 0x00, 0x16, 0xb7, 0x10, 0x04, 0xe9, 0x59, 0xe1, 0x0a, 0x80, 0x00,
    0xb6, 0x0e, 0x98, 0x88, 0xbb, 0x2f, 0x97, 0x77, 0x76, 0x0b, 0x70, 0x00,
    0x00, 0x06, 0xd5, 0x00, 0x24, 0x00, 0x6b, 0xee, 0xe6, 0x00, 0x00, 0x22,
    0x00, 0x00, 0x27, 0xa2, 0x01, 0xf8, 0x61, 0x06, 0xd0, 0x00, 0x7c, 0xea,
    0x80, 0x3a, 0xd5, 0x40, 0x07, 0xc0, 0x00, 0x07, 0xc0, 0x00, 0x07, 0xc0,
    0x00, 0x07, 0xc0, 0x00, 0x07, 0xc0, 0x00, 0x07, 0xc0, 0x00, 0x00, 0x3a,
    0xb5, 0x66, 0x06, 0xe8, 0x6c, 0xd9, 0x0b, 0x70, 0x01, 0xf9, 0x1f, 0x30,
    0x00, 0xc9, 0x2f, 0x30, 0x00, 0xb9, 0x0c, 0x70, 0x01, 0xf9, 0x07, 0xd6,
    0x3a, 0xe9, 0x00, 0x5c, 0xd7, 0xb7, 0x00, 0x00, 0x01, 0xf3, 0x03, 0x63,
    0x5b, 0xd0, 0x03, 0xbd, 0xb6, 0x10, 0x75, 0x00, 0x00, 0x0b, 0x80, 0x00,
    0x00, 0xb8, 0x00, 0x00, 0x0b, 0x85, 0xba, 0x30, 0xbd, 0xb6, 0x9f, 0x2b,
    0xe0, 0x00, 0xc7, 0xb9, 0x00, 0x09, 0xab, 0x80, 0x00, 0x9a, 0xb8, 0x00,
    0x09, 0xab, 0x80, 0x00, 0x9a, 0xb8, 0x00, 0x09, 0xa0, 0x76, 0xa8, 0x00,
    0x76, 0xa9, 0xa9, 0xa9, 0xa9, 0xa9, 0xa9, 0xa9, 0x00, 0x76, 0x00, 0xa8,
    0x00, 0x00, 0x00, 0x76, 0x00, 0xa9, 0x00, 0xa9, 0x00, 0xa9, 0x00, 0xa9,
    0x00, 0xa9, 0x00, 0xa9, 0x00, 0xa9, 0x00, 0xb7, 0x14, 0xe3, 0x3c, 0x70,
    0x75, 0x00, 0x00, 0x00, 0xb8, 0x00, 0x00, 0x00, 0xb8, 0x00, 0x00, 0x00,
    0xb8, 0x00, 0x19, 0x50, 0xb8, 0x02, 0xd9, 0x00, 0xb8, 0x4e, 0x70, 0x00,
    0xbc, 0xe5, 0x00, 0x00, 0xbb, 0xe7, 0x00, 0x00, 0xb8, 0x3e, 0x70, 0x00,
    0xb8, 0x03, 0xe8, 0x00, 0xb8, 0x00, 0x3e, 0x80, 0x76, 0xa9, 0xa9, 0xa9,
    0xa9, 0xa9, 0xa9, 0xa9, 0xa9, 0xa9, 0xa9, 0x75, 0x6b, 0xa4, 0x06, 0xb9,
    0x20, 0xbd, 0xb6, 0xae, 0x8b, 0x5a, 0xe0, 0xbe, 0x00, 0x0e, 0xd0, 0x01,
    0xf3, 0xb9, 0x00, 0x0c, 0x80, 0x00, 0xd6, 0xb8, 0x00, 0x0c, 0x70, 0x00,
    0xc7, 0xb8, 0x00, 0x0c, 0x70, 0x00, 0xc7, 0xb8, 0x00, 0x0c, 0x70, 0x00,
    0xc7, 0xb8, 0x00, 0x0c, 0x70, 0x00, 0xc7, 0x75, 0x5b, 0xa3, 0x0b, 0xdb,
    0x69, 0xf2, 0xbe, 0x00, 0x0c, 0x7b, 0x90, 0x00, 0x9a, 0xb8, 0x00, 0x09,
    0xab, 0x80, 0x00, 0x9a, 0xb8, 0x00, 0x09, 0xab, 0x80, 0x00, 0x9a, 0x00,
    0x28, 0xb5, 0x00, 0x05, 0xf9, 0x6c, 0xd0, 0x0a, 0x80, 0x00, 0xe4, 0x1f,
    0x40, 0x00, 0xb9, 0x2f, 0x30, 0x00, 0x9a, 0x0c, 0x70, 0x00, 0xd6, 0x07,
    0xd4, 0x17, 0xf1, 0x01, 0x7d, 0xea, 0x40, 0x00, 0x00, 0x10, 0x00, 0x75,
    0x6b, 0x92, 0x00, 0xbd, 0xc5, 0x9e, 0x40, 0xbe, 0x00, 0x09, 0x90, 0xbb,
    0x00, 0x05, 0xe0, 0xb9, 0x00, 0x04, 0xf1, 0xbd, 0x00, 0x08, 0xb0, 0xbf,
    0x71, 0x4d, 0x60, 0xb9, 0xbe, 0xe7, 0x10, 0xb8, 0x01, 0x10, 0x00, 0xb8,
    0x00, 0x00, 0x00, 0xa7, 0x00, 0x00, 0x00, 0x00, 0x2a, 0xb5, 0x66, 0x06,
    0xe9, 0x6d, 0xd9, 0x0b, 0x80, 0x01, 0xf9, 0x1f, 0x40, 0x00, 0xc9, 0x2f,
    0x20, 0x00, 0xb9, 0x0d, 0x60, 0x00, 0xe9, 0x08, 0xc3, 0x18, 0xf9, 0x01,
    0x8e, 0xea, 0xa9, 0x00, 0x01, 0x10, 0xa9, 0x00, 0x00, 0x00, 0xa9, 0x00,
    0x00, 0x00, 0x98, 0x75, 0x5b, 0x9b, 0xdc, 0x64, 0xbe, 0x00, 0x0b, 0xa0,
    0x00, 0xb8, 0x00, 0x0b, 0x80, 0x00, 0xb8, 0x00, 0x0b, 0x80, 0x00, 0x02,
    0x8b, 0xc9, 0x10, 0xba, 0x44, 0x82, 0x1f, 0x20, 0x00, 0x00, 0xbd, 0x83,
    0x00, 0x00, 0x5a, 0xfc, 0x10, 0x00, 0x01, 0xd7, 0x24, 0x00, 0x2e, 0x53,
    0xef, 0xde, 0x90, 0x00, 0x22, 0x00, 0x00, 0x09, 0x70, 0x00, 0x0b, 0x80,
    0x00, 0x6d, 0xda, 0xa2, 0x3c, 0xb5, 0x51, 0x0b, 0x80, 0x00, 0x0b, 0x80,
    0x00, 0x0b, 0x80, 0x00, 0x0a, 0x90, 0x00, 0x06, 0xc2, 0x10, 0x02, 0xae,
    0xf2, 0x84, 0x00, 0x06, 0x6c, 0x70, 0x00, 0xa9, 0xc7, 0x00, 0x0a, 0x9c,
    0x70, 0x00, 0xa9, 0xc7, 0x00, 0x0a, 0x9a, 0x90, 0x00, 0xe9, 0x6d, 0x31,
    0x8f, 0x91, 0xae, 0xe9, 0xa9, 0x00, 0x11, 0x00, 0x00, 0x59, 0x00, 0x00,
    0x67, 0x2f, 0x30, 0x00, 0xd7, 0x0c, 0x80, 0x04, 0xf1, 0x06, 0xe0, 0x0a,
    0xa0, 0x01, 0xe4, 0x1e, 0x50, 0x00, 0xaa, 0x6e, 0x00, 0x00, 0x4f, 0xc8,
    0x00, 0x00, 0x0d, 0xf3, 0x00, 0x39, 0x00, 0x1a, 0x50, 0x05, 0x82, 0xf2,
    0x05, 0xfc, 0x00, 0xa8, 0x0d, 0x60, 0x99, 0xf1, 0x0e, 0x40, 0x9a, 0x0d,
    0x4c, 0x43, 0xf1, 0x05, 0xe2, 0xe0, 0x88, 0x7c, 0x00, 0x1f, 0x9b, 0x04,
    0xcb, 0x80, 0x00, 0xcf, 0x70, 0x1f, 0xf4, 0x00, 0x08, 0xf3, 0x00, 0xbe,
    0x00, 0x1a, 0x40, 0x01, 0x94, 0x07, 0xe1, 0x0a, 0xc0, 0x00, 0xbb, 0x6e,
    0x20, 0x00, 0x1e, 0xf5, 0x00, 0x00, 0x1e, 0xf4, 0x00, 0x00, 0xbb, 0x8d,
    0x10, 0x07, 0xe1, 0x0b, 0xb0, 0x4f, 0x40, 0x02, 0xe7, 0x49, 0x00, 0x00,
    0x67, 0x2f, 0x30, 0x00, 0xe6, 0x0a, 0x90, 0x05, 0xe1, 0x04, 0xe1, 0x0b,
    0x90, 0x00, 0xd6, 0x2f, 0x30, 0x00, 0x7c, 0x8c, 0x00, 0x00, 0x1f, 0xe6,
    0x00, 0x00, 0x0a, 0xe1, 0x00, 0x00, 0x0b, 0x90, 0x00, 0x02, 0x6e, 0x10,
    0x00, 0x0c, 0xc5, 0x00, 0x00, 0x2a, 0xaa, 0xaa, 0x71, 0x55, 0x56, 0xea,
    0x00, 0x00, 0xac, 0x10, 0x00, 0x8e, 0x20, 0x00, 0x6e, 0x30, 0x00, 0x4f,
    0x50, 0x00, 0x2e, 0x70, 0x00, 0x06, 0xff, 0xff, 0xfb, 0x00, 0x02, 0x59,
    0x20, 0x00, 0xbb, 0x61, 0x00, 0x1f, 0x40, 0x00, 0x02, 0xf2, 0x00, 0x00,
    0x2f, 0x20, 0x00, 0x06, 0xe0, 0x00, 0x3c, 0xe5, 0x00, 0x01, 0x6c, 0xa0,
    0x00, 0x00, 0x4f, 0x10, 0x00, 0x02, 0xf2, 0x00, 0x00, 0x2f, 0x20, 0x00,
    0x00, 0xe5, 0x00, 0x00, 0x08, 0xeb, 0x20, 0x00, 0x00, 0x31, 0x2a, 0x3e,
    0x3e, 0x3e, 0x3e, 0x3e, 0x3e, 0x3e, 0x3e, 0x3e, 0x3e, 0x3e, 0x3e, 0x3e,
    0x14, 0x28, 0x51, 0x00, 0x01, 0x6c, 0x90, 0x00, 0x00, 0x5e, 0x00, 0x00,
    0x04, 0xf0, 0x00, 0x00, 0x3f, 0x10, 0x00, 0x01, 0xf4, 0x00, 0x00, 0x06,
    0xeb, 0x20, 0x00, 0xbb, 0x61, 0x00, 0x2f, 0x30, 0x00, 0x03, 0xf0, 0x00,
    0x00, 0x4f, 0x00, 0x00, 0x06, 0xc0, 0x00, 0x3c, 0xe7, 0x00, 0x01, 0x30,
    0x00, 0x00, 0x01, 0x55, 0x10, 0x00, 0x22, 0x4e, 0xcd, 0xfc, 0x9a, 0xe3,
    0x52, 0x00, 0x26, 0x97, 0x20, 0x01, 0x52, 0x02, 0xd9, 0xd3, 0x85, 0x05,
    0x96, 0x81, 0x86, 0x18, 0xc8, 0x00, 0x03, 0x31, 0x1f, 0xf6, 0x1f, 0xf6,
    0x1f, 0xf6, 0x0f, 0xf6, 0x0e, 0xf5, 0x0c, 0xf3, 0x06, 0x91, 0x07, 0x73,
    0x1f, 0xf6, 0x1f, 0xf6, 0x23, 0x02, 0x3a, 0xe0, 0xae, 0xae, 0x0a, 0xea,
    0xe0, 0xae, 0x68, 0x06, 0x80, 0x00, 0x00, 0x01, 0x00, 0x10, 0x00, 0x00,
    0x07, 0xf1, 0x2f, 0x60, 0x00, 0x00, 0xad, 0x05, 0xf2, 0x00, 0x26, 0x6e,
    0xc6, 0xbf, 0x65, 0x04, 0xff, 0xff, 0xff, 0xff, 0xc0, 0x01, 0x7f, 0x22,
    0xf6, 0x10, 0x01, 0x1b, 0xd1, 0x6f, 0x41, 0x01, 0xff, 0xff, 0xff, 0xff,
    0xf0, 0x06, 0x8f, 0x96, 0xeb, 0x66, 0x00, 0x06, 0xf2, 0x1f, 0x60, 0x00,
    0x00, 0xad, 0x05, 0xf2, 0x00, 0x00, 0x00, 0x06, 0x40, 0x00, 0x00, 0x0a,
    0x70, 0x00, 0x17, 0xcf, 0xfe, 0xb2, 0x6f, 0xdd, 0xba, 0xd3, 0xcf, 0x6a,
    0x70, 0x00, 0x8f, 0xee, 0xb3, 0x00, 0x2a, 0xff, 0xff, 0xc2, 0x00, 0x1b,
    0xce, 0xf7, 0x30, 0x0a, 0x77, 0xfa, 0xdd, 0xad, 0xce, 0xf4, 0x7b, 0xef,
    0xea, 0x50, 0x00, 0x0a, 0x70, 0x00, 0x00, 0x0a, 0x70, 0x00, 0x00, 0x01,
    0x00, 0x00, 0x00, 0x24, 0x00, 0x00, 0x04, 0x50, 0x00, 0x0b, 0xfe, 0xd3,
    0x00, 0x2e, 0x60, 0x00, 0x3f, 0x61, 0xf9, 0x00, 0xac, 0x00, 0x00, 0x7f,
    0x30, 0xdc, 0x04, 0xf3, 0x00, 0x00, 0x2f, 0x83, 0xf8, 0x0d, 0x90, 0x00,
    0x00, 0x08, 0xef, 0xa2, 0x7e, 0x10, 0x32, 0x00, 0x00, 0x01, 0x02, 0xf6,
    0x3d, 0xef, 0xb0, 0x00, 0x00, 0x0b, 0xc0, 0x8f, 0x16, 0xf4, 0x00, 0x00,
    0x5f, 0x30, 0xcd, 0x03, 0xf7, 0x00, 0x01, 0xd9, 0x00, 0x8f, 0x37, 0xf3,
    0x00, 0x08, 0xe1, 0x00, 0x2a, 0xfe, 0x80, 0x00, 0x03, 0x20, 0x00, 0x00,
    0x10, 0x00, 0x00, 0x00, 0x15, 0x52, 0x00, 0x00, 0x00, 0x0b, 0xff, 0xff,
    0x40, 0x00, 0x00, 0x5f, 0xf6, 0x59, 0x30, 0x00, 0x00, 0x8f, 0xe1, 0x00,
    0x00, 0x00, 0x00, 0x4f, 0xfa, 0x00, 0x02, 0x20, 0x03, 0xef, 0xff, 0x90,
    0x1f, 0xf1, 0x0c, 0xf9, 0x6f, 0xf8, 0x5f, 0xc0, 0x1f, 0xf4, 0x07, 0xff,
    0xef, 0x60, 0x0d, 0xfa, 0x00, 0x9f, 0xfc, 0x00, 0x06, 0xff, 0xd9, 0xef,
    0xff, 0x40, 0x00, 0x7b, 0xff, 0xe8, 0xbf, 0xe3, 0x00, 0x00, 0x12, 0x00,
    0x00, 0x00, 0x23, 0xae, 0xae, 0xae, 0x68, 0x00, 0x89, 0x10, 0x4f, 0xc0,
    0x0c, 0xf6, 0x03, 0xff, 0x10, 0x7f, 0xc0, 0x09, 0xfa, 0x00, 0xbf, 0x80,
    0x0a, 0xfa, 0x00, 0x7f, 0xc0, 0x05, 0xfe, 0x00, 0x0d, 0xf5, 0x00, 0x6f,
    0xb0, 0x00, 0xcd, 0x10, 0x79, 0x30, 0x06, 0xfa, 0x00, 0x1e, 0xf3, 0x00,
    0x9f, 0x90, 0x06, 0xfd, 0x00, 0x4f, 0xf0, 0x02, 0xff, 0x20, 0x4f, 0xf1,
    0x06, 0xfd, 0x00, 0x8f, 0xa0, 0x0d, 0xf4, 0x05, 0xfc, 0x00, 0x9d, 0x50,
    0x00, 0x00, 0x05, 0x10, 0x00, 0x10, 0x0e, 0x40, 0x10, 0x7d, 0x5e, 0x6b,
    0xc0, 0x05, 0xdf, 0xf7, 0x10, 0x19, 0xef, 0xeb, 0x40, 0x79, 0x2e, 0x47,
    0xb0, 0x00, 0x0e, 0x40, 0x00, 0x00, 0x02, 0x00, 0x00, 0x00, 0x00, 0xb8,
    0x00, 0x00, 0x00, 0x00, 0xea, 0x00, 0x00, 0x00, 0x00, 0xea, 0x00, 0x00,
    0x23, 0x33, 0xeb, 0x33, 0x31, 0x8f, 0xff, 0xff, 0xff, 0xf4, 0x36, 0x66,
    0xfc, 0x66, 0x62, 0x00, 0x00, 0xea, 0x00, 0x00, 0x00, 0x00, 0xea, 0x00,
    0x00, 0x00, 0x00, 0xea, 0x00, 0x00, 0x06, 0xa9, 0x09, 0xfd, 0x09, 0xfc,
    0x0d, 0xf3, 0x2f, 0x80, 0x00, 0x00, 0x00, 0x4f, 0xff, 0xf1, 0x3e, 0xee,
    0xe1, 0x6a, 0x99, 0xfd, 0x9f, 0xd0, 0x00, 0x01, 0x30, 0x00, 0x09, 0xd0,
    0x00, 0x0e, 0x90, 0x00, 0x4f, 0x40, 0x00, 0x8e, 0x00, 0x00, 0xda, 0x00,
    0x03, 0xf5, 0x00, 0x08, 0xf1, 0x00, 0x0c, 0xb0, 0x00, 0x2f, 0x60, 0x00,
    0x7f, 0x10, 0x00, 0xbb, 0x00, 0x00, 0x42, 0x00, 0x00, 0x00, 0x02, 0x54,
    0x10, 0x00, 0x00, 0x9f, 0xff, 0xf6, 0x00, 0x07, 0xff, 0xac, 0xff, 0x30,
    0x0e, 0xfa, 0x00, 0xdf, 0xa0, 0x2f, 0xf7, 0x00, 0xbf, 0xe0, 0x4f, 0xf5,
    0x00, 0x9f, 0xf0, 0x4f, 0xf6, 0x00, 0xaf, 0xf0, 0x2f, 0xf8, 0x00, 0xcf,
    0xd0, 0x0d, 0xfb, 0x01, 0xef, 0x90, 0x06, 0xff, 0xce, 0xff, 0x20, 0x00,
    0x6e, 0xff, 0xd3, 0x00, 0x00, 0x00, 0x21, 0x00, 0x00, 0x00, 0x23, 0x31,
    0x00, 0x5e, 0xff, 0xf7, 0x00, 0x6d, 0xaf, 0xf7, 0x00, 0x00, 0x1f, 0xf7,
    0x00, 0x00, 0x1f, 0xf7, 0x00, 0x00, 0x1f, 0xf7, 0x00, 0x00, 0x1f, 0xf7,
    0x00, 0x00, 0x1f, 0xf7, 0x00, 0x00, 0x1f, 0xf7, 0x00, 0x4c, 0xcf, 0xfe,
    0xca, 0x5f, 0xff, 0xff, 0xfc, 0x02, 0x45, 0x20, 0x00, 0xcf, 0xff, 0xfd,
    0x50, 0xdc, 0x88, 0xef, 0xe0, 0x30, 0x00, 0x6f, 0xf5, 0x00, 0x00, 0x5f,
    0xf3, 0x00, 0x01, 0xdf, 0xb0, 0x00, 0x2d, 0xfc, 0x10, 0x03, 0xef, 0xb1,
    0x00, 0x4e, 0xfa, 0x00, 0x00, 0xdf, 0xfe, 0xee, 0xe7, 0xdf, 0xff, 0xff,
    0xf8, 0x00, 0x35, 0x52, 0x00, 0x00, 0x9f, 0xff, 0xfe, 0x70, 0x08, 0x97,
    0x8d, 0xfe, 0x10, 0x00, 0x00, 0x6f, 0xf4, 0x00, 0x02, 0x4b, 0xfd, 0x00,
    0x05, 0xff, 0xfd, 0x10, 0x00, 0x39, 0xbe, 0xfd, 0x20, 0x00, 0x00, 0x4f,
    0xf6, 0x02, 0x00, 0x04, 0xff, 0x61, 0xfc, 0xab, 0xef, 0xd0, 0x1c, 0xff,
    0xfd, 0xa4, 0x00, 0x01, 0x21, 0x00, 0x00, 0x00, 0x00, 0x13, 0x32, 0x00,
    0x00, 0x00, 0xbf, 0xfa, 0x00, 0x00, 0x06, 0xff, 0xfa, 0x00, 0x00, 0x2e,
    0xcd, 0xfa, 0x00, 0x00, 0xbe, 0x2d, 0xfa, 0x00, 0x07, 0xf7, 0x0d, 0xfa,
    0x00, 0x2e, 0xb0, 0x0d, 0xfa, 0x00, 0x6f, 0xdb, 0xbe, 0xfe, 0xb1, 0x6f,
    0xff, 0xff, 0xff, 0xf1, 0x12, 0x22, 0x2d, 0xfa, 0x20, 0x00, 0x00, 0x0d,
    0xfa, 0x00, 0x23, 0x33, 0x33, 0x30, 0x8f, 0xff, 0xff, 0xf0, 0x8f, 0xdb,
    0xbb, 0xb0, 0x8f, 0x90, 0x00, 0x00, 0x8f, 0xdc, 0xa5, 0x10, 0x8f, 0xff,
    0xff, 0xd0, 0x43, 0x01, 0x8f, 0xf4, 0x00, 0x00, 0x0e, 0xfa, 0x50, 0x00,
    0x4f, 0xf6, 0xee, 0xab, 0xff, 0xe1, 0x9e, 0xff, 0xd9, 0x40, 0x00, 0x22,
    0x00, 0x00, 0x00, 0x00, 0x35, 0x52, 0x00, 0x03, 0xdf, 0xff, 0xf5, 0x02,
    0xff, 0xd8, 0x6a, 0x40, 0xaf, 0xe0, 0x00, 0x00, 0x0e, 0xfa, 0x8a, 0x61,
    0x01, 0xff, 0xff, 0xff, 0xe2, 0x1f, 0xff, 0x32, 0xdf, 0x80, 0xef, 0xb0,
    0x09, 0xfd, 0x0b, 0xfd, 0x00, 0xbf, 0x90, 0x3f, 0xfa, 0xaf, 0xf3, 0x00,
    0x4d, 0xff, 0xa5, 0x00, 0x00, 0x01, 0x10, 0x00, 0x03, 0x33, 0x33, 0x33,
    0x21, 0xff, 0xff, 0xff, 0xf9, 0x1b, 0xbb, 0xbc, 0xff, 0x80, 0x00, 0x00,
    0x7f, 0xf1, 0x00, 0x00, 0x1e, 0xf9, 0x00, 0x00, 0x06, 0xff, 0x20, 0x00,
    0x00, 0xdf, 0xb0, 0x00, 0x00, 0x5f, 0xf4, 0x00, 0x00, 0x0c, 0xfc, 0x00,
    0x00, 0x03, 0xff, 0x50, 0x00, 0x00, 0xaf, 0xd0, 0x00, 0x00, 0x00, 0x01,
    0x44, 0x00, 0x00, 0x1c, 0xff, 0xff, 0xa0, 0x08, 0xfe, 0x68, 0xff, 0x40,
    0xcf, 0xa0, 0x0e, 0xf8, 0x07, 0xfe, 0x57, 0xff, 0x30, 0x07, 0xff, 0xff,
    0x30, 0x07, 0xfe, 0x9a, 0xfe, 0x40, 0xef, 0x80, 0x0c, 0xfa, 0x1e, 0xf8,
    0x00, 0xcf, 0xb0, 0x8f, 0xe9, 0xaf, 0xf4, 0x01, 0x9d, 0xff, 0xc7, 0x00,
    0x00, 0x01, 0x10, 0x00, 0x00, 0x00, 0x43, 0x10, 0x00, 0x29, 0xef, 0xfd,
    0x40, 0x09, 0xfd, 0x6b, 0xfe, 0x11, 0xef, 0x60, 0x2f, 0xf7, 0x2f, 0xf6,
    0x01, 0xff, 0xa0, 0xcf, 0xc4, 0x9f, 0xfc, 0x05, 0xef, 0xff, 0xff, 0xb0,
    0x00, 0x58, 0x5d, 0xf9, 0x00, 0x00, 0x05, 0xff, 0x40, 0x9b, 0x9c, 0xff,
    0xa0, 0x08, 0xff, 0xfe, 0x80, 0x00, 0x01, 0x22, 0x00, 0x00, 0x4a, 0xa0,
    0x7f, 0xf0, 0x6f, 0xf0, 0x00, 0x00, 0x00, 0x00, 0x4a, 0xa0, 0x7f, 0xf0,
    0x7f, 0xf0, 0x04, 0xaa, 0x00, 0x7f, 0xf0, 0x06, 0xff, 0x00, 0x00, 0x00,
    0x00, 0x00, 0x00, 0x4a, 0xa0, 0x07, 0xff, 0x00, 0x7f, 0xe0, 0x0b, 0xf5,
    0x00, 0xea, 0x00, 0x00, 0x00, 0x00, 0x00, 0x21, 0x00, 0x00, 0x01, 0x6b,
    0xf4, 0x00, 0x04, 0xae, 0xfe, 0x91, 0x28, 0xef, 0xea, 0x40, 0x00, 0x8f,
    0xe6, 0x10, 0x00, 0x00, 0x4c, 0xff, 0xb6, 0x10, 0x00, 0x00, 0x28, 0xdf,
    0xfb, 0x61, 0x00, 0x00, 0x03, 0x9e, 0xf4, 0x00, 0x00, 0x00, 0x00, 0x52,
    0x6b, 0xbb, 0xbb, 0xbb, 0xb3, 0x7d, 0xdd, 0xdd, 0xdd, 0xd3, 0x00, 0x00,
    0x00, 0x00, 0x00, 0x5a, 0xaa, 0xaa, 0xaa, 0xa2, 0x8f, 0xff, 0xff, 0xff,
    0xf4, 0x21, 0x00, 0x00, 0x00, 0x00, 0x8e, 0x94, 0x00, 0x00, 0x00, 0x3a,
    0xff, 0xd8, 0x30, 0x00, 0x00, 0x16, 0xbf, 0xfc, 0x71, 0x00, 0x00, 0x01,
    0x9f, 0xf4, 0x00, 0x02, 0x7d, 0xff, 0xa2, 0x27, 0xcf, 0xfc, 0x61, 0x00,
    0x8f, 0xd7, 0x20, 0x00, 0x00, 0x43, 0x00, 0x00, 0x00, 0x00, 0x00, 0x45,
    0x30, 0x00, 0x0e, 0xff, 0xfe, 0x50, 0x1e, 0x97, 0xcf, 0xd0, 0x01, 0x00,
    0x5f, 0xf2, 0x00, 0x01, 0xcf, 0xd0, 0x00, 0x0b, 0xfe, 0x30, 0x00, 0x7f,
    0xf3, 0x00, 0x00, 0x58, 0x70, 0x00, 0x00, 0x47, 0x60, 0x00, 0x00, 0x9f,
    0xd0, 0x00, 0x00, 0x9f, 0xd0, 0x00, 0x00, 0x00, 0x38, 0xbb, 0x85, 0x00,
    0x00, 0x00, 0x19, 0xfb, 0x88, 0xbe, 0xb1, 0x00, 0x00, 0xae, 0x30, 0x00,
    0x02, 0xcd, 0x10, 0x05, 0xf4, 0x03, 0x98, 0x58, 0x1d, 0x80, 0x0b, 0xa0,
    0x4f, 0xcc, 0xee, 0x07, 0xd0, 0x0e, 0x60, 0x9d, 0x00, 0xde, 0x05, 0xe0,
    0x0f, 0x40, 0xcb, 0x00, 0xbe, 0x08, 0x90, 0x0d, 0x60, 0x7e, 0x22, 0xee,
    0x4d, 0x40, 0x0a, 0xb0, 0x2d, 0xff, 0xcf, 0xd8, 0x00, 0x02, 0xe7, 0x00,
    0x43, 0x33, 0x00, 0x00, 0x00, 0x6f, 0xa2, 0x00, 0x29, 0x90, 0x00, 0x00,
    0x03, 0xcf, 0xee, 0xfd, 0x50, 0x00, 0x00, 0x00, 0x02, 0x55, 0x30, 0x00,
    0x00, 0x00, 0x01, 0x33, 0x30, 0x00, 0x00, 0x00, 0x6f, 0xff, 0x40, 0x00,
    0x00, 0x0c, 0xff, 0xf9, 0x00, 0x00, 0x02, 0xff, 0xcf, 0xe1, 0x00, 0x00,
    0x8f, 0xe2, 0xff, 0x50, 0x00, 0x0d, 0xf9, 0x0c, 0xfb, 0x00, 0x04, 0xff,
    0x40, 0x7f, 0xf2, 0x00, 0xaf, 0xfc, 0xbc, 0xff, 0x70, 0x1e, 0xff, 0xff,
    0xff, 0xfd, 0x06, 0xff, 0x52, 0x22, 0x7f, 0xf3, 0xbf, 0xd0, 0x00, 0x01,
    0xff, 0x90, 0x23, 0x33, 0x20, 0x00, 0x0b, 0xff, 0xff, 0xeb, 0x40, 0xbf,
    0xe9, 0xae, 0xfc, 0x0b, 0xfe, 0x00, 0x7f, 0xf3, 0xbf, 0xe4, 0x5c, 0xfe,
    0x0b, 0xff, 0xff, 0xff, 0x40, 0xbf, 0xe8, 0x9d, 0xfe, 0x3b, 0xfe, 0x00,
    0x2f, 0xf8, 0xbf, 0xe0, 0x03, 0xff, 0x7b, 0xff, 0xcc, 0xff, 0xe1, 0xbf,
    0xff, 0xfc, 0x84, 0x00, 0x00, 0x00, 0x24, 0x54, 0x00, 0x00, 0x3b, 0xff,
    0xff, 0xe4, 0x02, 0xef, 0xfd, 0x9a, 0xe6, 0x0b, 0xff, 0x60, 0x00, 0x12,
    0x1f, 0xfd, 0x00, 0x00, 0x00, 0x3f, 0xf8, 0x00, 0x00, 0x00, 0x3f, 0xf9,
    0x00, 0x00, 0x00, 0x1f, 0xfe, 0x00, 0x00, 0x00, 0x0a, 0xff, 0x82, 0x00,
    0x33, 0x01, 0xdf, 0xff, 0xcd, 0xf6, 0x00, 0x19, 0xef, 0xff, 0xc3, 0x00,
    0x00, 0x01, 0x21, 0x00, 0x23, 0x32, 0x10, 0x00, 0x00, 0xbf, 0xff, 0xff,
    0xc5, 0x00, 0xbf, 0xfc, 0xef, 0xff, 0x90, 0xbf, 0xe0, 0x15, 0xcf, 0xf5,
    0xbf, 0xe0, 0x00, 0x5f, 0xfa, 0xbf, 0xe0, 0x00, 0x0e, 0xfc, 0xbf, 0xe0,
    0x00, 0x1f, 0xfc, 0xbf, 0xe0, 0x00, 0x6f, 0xf9, 0xbf, 0xe0, 0x38, 0xef,
    0xf3, 0xbf, 0xff, 0xff, 0xff, 0x60, 0xbf, 0xfe, 0xdc, 0x92, 0x00, 0x23,
    0x33, 0x33, 0x31, 0xbf, 0xff, 0xff, 0xf6, 0xbf, 0xfc, 0xcc, 0xc5, 0xbf,
    0xe0, 0x00, 0x00, 0xbf, 0xe5, 0x55, 0x51, 0xbf, 0xff, 0xff, 0xf2, 0xbf,
    0xfa, 0xaa, 0xa1, 0xbf, 0xe0, 0x00, 0x00, 0xbf, 0xe0, 0x00, 0x00, 0xbf,
    0xff, 0xff, 0xf8, 0xbf, 0xff, 0xff, 0xf8, 0x23, 0x33, 0x33, 0x31, 0xbf,
    0xff, 0xff, 0xf6, 0xbf, 0xfc, 0xcc, 0xc5, 0xbf, 0xe0, 0x00, 0x00, 0xbf,
    0xe5, 0x55, 0x51, 0xbf, 0xff, 0xff, 0xf2, 0xbf, 0xfa, 0xaa, 0xa1, 0xbf,
    0xe0, 0x00, 0x00, 0xbf, 0xe0, 0x00, 0x00, 0xbf, 0xe0, 0x00, 0x00, 0xbf,
    0xe0, 0x00, 0x00, 0x00, 0x00, 0x24, 0x54, 0x20, 0x00, 0x02, 0xbf, 0xff,
    0xff, 0xc1, 0x02, 0xef, 0xfe, 0x99, 0xcf, 0x10, 0xbf, 0xf6, 0x00, 0x00,
    0x31, 0x1f, 0xfd, 0x00, 0x00, 0x00, 0x03, 0xff, 0x80, 0x06, 0xaa, 0xa5,
    0x3f, 0xf9, 0x00, 0xaf, 0xff, 0x71, 0xff, 0xe0, 0x01, 0x2f, 0xf7, 0x0a,
    0xff, 0x82, 0x01, 0xff, 0x70, 0x1d, 0xff, 0xfc, 0xcf, 0xf7, 0x00, 0x19,
    0xef, 0xff, 0xe9, 0x20, 0x00, 0x00, 0x12, 0x10, 0x00, 0x23, 0x30, 0x00,
    0x13, 0x31, 0xbf, 0xe0, 0x00, 0x3f, 0xf6, 0xbf, 0xe0, 0x00, 0x3f, 0xf6,
    0xbf, 0xe0, 0x00, 0x3f, 0xf6, 0xbf, 0xe5, 0x55, 0x7f, 0xf6, 0xbf, 0xff,
    0xff, 0xff, 0xf6, 0xbf, 0xfa, 0xaa, 0xbf, 0xf6, 0xbf, 0xe0, 0x00, 0x3f,
    0xf6, 0xbf, 0xe0, 0x00, 0x3f, 0xf6, 0xbf, 0xe0, 0x00, 0x3f, 0xf6, 0xbf,
    0xe0, 0x00, 0x3f, 0xf6, 0x23, 0x3b, 0xfe, 0xbf, 0xeb, 0xfe, 0xbf, 0xeb,
    0xfe, 0xbf, 0xeb, 0xfe, 0xbf, 0xeb, 0xfe, 0xbf, 0xe0, 0x00, 0x23, 0x30,
    0x0b, 0xfe, 0x00, 0xbf, 0xe0, 0x0b, 0xfe, 0x00, 0xbf, 0xe0, 0x0b, 0xfe,
    0x00, 0xbf, 0xe0, 0x0b, 0xfe, 0x00, 0xbf, 0xe0, 0x0b, 0xfe, 0x00, 0xdf,
    0xd3, 0x8f, 0xfa, 0xcf, 0xfe, 0x29, 0xb8, 0x20, 0x23, 0x30, 0x00, 0x13,
    0x32, 0x0b, 0xfe, 0x00, 0x2d, 0xfd, 0x20, 0xbf, 0xe0, 0x2d, 0xfd, 0x20,
    0x0b, 0xfe, 0x2d, 0xfd, 0x20, 0x00, 0xbf, 0xee, 0xfd, 0x20, 0x00, 0x0b,
    0xff, 0xff, 0x20, 0x00, 0x00, 0xbf, 0xff, 0xfb, 0x00, 0x00, 0x0b, 0xfe,
    0x8f, 0xfb, 0x00, 0x00, 0xbf, 0xe0, 0x8f, 0xfb, 0x00, 0x0b, 0xfe, 0x00,
    0x8f, 0xfb, 0x10, 0xbf, 0xe0, 0x00, 0x8f, 0xfb, 0x10, 0x23, 0x30, 0x00,
    0x00, 0xbf, 0xe0, 0x00, 0x00, 0xbf, 0xe0, 0x00, 0x00, 0xbf, 0xe0, 0x00,
    0x00, 0xbf, 0xe0, 0x00, 0x00, 0xbf, 0xe0, 0x00, 0x00, 0xbf, 0xe0, 0x00,
    0x00, 0xbf, 0xe0, 0x00, 0x00, 0xbf, 0xe0, 0x00, 0x00, 0xbf, 0xff, 0xff,
    0xf8, 0xbf, 0xff, 0xff, 0xf8, 0x23, 0x32, 0x00, 0x00, 0x23, 0x32, 0xbf,
    0xfe, 0x00, 0x01, 0xef, 0xfa, 0xbf, 0xff, 0x50, 0x07, 0xff, 0xfa, 0xbf,
    0xef, 0xc0, 0x0d, 0xfe, 0xfa, 0xbf, 0xcc, 0xf3, 0x4f, 0xbd, 0xfa, 0xbf,
    0xc6, 0xfa, 0xbf, 0x5d, 0xfa, 0xbf, 0xc0, 0xef, 0xfd, 0x0d, 0xfa, 0xbf,
    0xc0, 0x8f, 0xf7, 0x0d, 0xfa, 0xbf, 0xc0, 0x2f, 0xe1, 0x0d, 0xfa, 0xbf,
    0xc0, 0x01, 0x00, 0x0d, 0xfa, 0xbf, 0xc0, 0x00, 0x00, 0x0d, 0xfa, 0x23,
    0x31, 0x00, 0x03, 0x31, 0xbf, 0xf9, 0x00, 0x1f, 0xf6, 0xbf, 0xff, 0x20,
    0x1f, 0xf6, 0xbf, 0xff, 0xa0, 0x1f, 0xf6, 0xbf, 0xce, 0xf3, 0x1f, 0xf6,
    0xbf, 0xc6, 0xfb, 0x1f, 0xf6, 0xbf, 0xc0, 0xdf, 0x5f, 0xf6, 0xbf, 0xc0,
    0x5f, 0xcf, 0xf6, 0xbf, 0xc0, 0x0c, 0xff, 0xf6, 0xbf, 0xc0, 0x05, 0xff,
    0xf6, 0xbf, 0xc0, 0x00, 0xcf, 0xf6, 0x00, 0x00, 0x25, 0x52, 0x00, 0x00,
    0x00, 0x4d, 0xff, 0xff, 0xc3, 0x00, 0x03, 0xff, 0xfb, 0xcf, 0xfe, 0x20,
    0x0c, 0xff, 0x30, 0x05, 0xff, 0xb0, 0x1f, 0xfc, 0x00, 0x00, 0xdf, 0xe0,
    0x4f, 0xf8, 0x00, 0x00, 0x9f, 0xf2, 0x3f, 0xf9, 0x00, 0x00, 0xaf, 0xf2,
    0x1f, 0xfd, 0x00, 0x00, 0xef, 0xe0, 0x0b, 0xff, 0x60, 0x17, 0xff, 0x90,
    0x02, 0xef, 0xfd, 0xef, 0xfd, 0x10, 0x00, 0x2a, 0xef, 0xfe, 0x91, 0x00,
    0x00, 0x00, 0x02, 0x20, 0x00, 0x00, 0x23, 0x33, 0x30, 0x00, 0x0b, 0xff,
    0xff, 0xea, 0x50, 0xbf, 0xfb, 0xbf, 0xfe, 0x1b, 0xfe, 0x00, 0x4f, 0xf6,
    0xbf, 0xe0, 0x03, 0xff, 0x8b, 0xfe, 0x78, 0xdf, 0xf2, 0xbf, 0xff, 0xff,
    0xe8, 0x0b, 0xfe, 0x77, 0x30, 0x00, 0xbf, 0xe0, 0x00, 0x00, 0x0b, 0xfe,
    0x00, 0x00, 0x00, 0xbf, 0xe0, 0x00, 0x00, 0x00, 0x00, 0x00, 0x25, 0x52,
    0x00, 0x00, 0x00, 0x4d, 0xff, 0xff, 0xc3, 0x00, 0x03, 0xff, 0xfb, 0xcf,
    0xff, 0x20, 0x0c, 0xff, 0x30, 0x05, 0xff, 0xb0, 0x1f, 0xfc, 0x00, 0x00,
    0xdf, 0xf0, 0x4f, 0xf8, 0x00, 0x00, 0x9f, 0xf2, 0x3f, 0xf9, 0x00, 0x00,
    0xaf, 0xf1, 0x1f, 0xfc, 0x00, 0x00, 0xef, 0xc0, 0x0b, 0xff, 0x60, 0x17,
    0xff, 0x80, 0x02, 0xef, 0xfd, 0xef, 0xfb, 0x10, 0x00, 0x1a, 0xef, 0xff,
    0xa0, 0x00, 0x00, 0x00, 0x02, 0x8f, 0xd2, 0x00, 0x00, 0x00, 0x00, 0x09,
    0xfd, 0x10, 0x00, 0x00, 0x00, 0x00, 0x11, 0x00, 0x23, 0x33, 0x20, 0x00,
    0x00, 0xbf, 0xff, 0xfe, 0xb3, 0x00, 0xbf, 0xfb, 0xcf, 0xfb, 0x00, 0xbf,
    0xe0, 0x09, 0xff, 0x20, 0xbf, 0xe0, 0x09, 0xfe, 0x00, 0xbf, 0xfa, 0xcf,
    0xe6, 0x00, 0xbf, 0xff, 0xff, 0xa1, 0x00, 0xbf, 0xe2, 0x6f, 0xfa, 0x00,
    0xbf, 0xe0, 0x08, 0xff, 0x40, 0xbf, 0xe0, 0x01, 0xef, 0xb0, 0xbf, 0xe0,
    0x00, 0x8f, 0xf4, 0x00, 0x14, 0x54, 0x10, 0x01, 0xbf, 0xff, 0xff, 0x50,
    0x7f, 0xea, 0x8a, 0xe6, 0x0d, 0xf8, 0x00, 0x00, 0x10, 0xbf, 0xe7, 0x40,
    0x00, 0x05, 0xff, 0xff, 0xd7, 0x10, 0x02, 0x8d, 0xff, 0xf8, 0x00, 0x00,
    0x03, 0xcf, 0xe0, 0x83, 0x00, 0x0a, 0xfc, 0x0e, 0xfd, 0xbd, 0xff, 0x60,
    0x8d, 0xff, 0xfc, 0x81, 0x00, 0x01, 0x21, 0x00, 0x00, 0x33, 0x33, 0x33,
    0x33, 0x31, 0xef, 0xff, 0xff, 0xff, 0xf7, 0xbc, 0xce, 0xff, 0xcc, 0xc6,
    0x00, 0x08, 0xff, 0x10, 0x00, 0x00, 0x08, 0xff, 0x10, 0x00, 0x00, 0x08,
    0xff, 0x10, 0x00, 0x00, 0x08, 0xff, 0x10, 0x00, 0x00, 0x08, 0xff, 0x10,
    0x00, 0x00, 0x08, 0xff, 0x10, 0x00, 0x00, 0x08, 0xff, 0x10, 0x00, 0x00,
    0x08, 0xff, 0x10, 0x00, 0x23, 0x30, 0x00, 0x23, 0x30, 0xbf, 0xe0, 0x00,
    0x8f, 0xf1, 0xbf, 0xe0, 0x00, 0x8f, 0xf1, 0xbf, 0xe0, 0x00, 0x8f, 0xf1,
    0xbf, 0xe0, 0x00, 0x8f, 0xf1, 0xbf, 0xe0, 0x00, 0x8f, 0xf1, 0xbf, 0xe0,
    0x00, 0x8f, 0xf1, 0x9f, 0xf1, 0x00, 0xaf, 0xf0, 0x7f, 0xf5, 0x01, 0xef,
    0xd0, 0x1e, 0xff, 0xdf, 0xff, 0x60, 0x03, 0xcf, 0xff, 0xe6, 0x00, 0x00,
    0x01, 0x21, 0x00, 0x00, 0x33, 0x20, 0x00, 0x00, 0x33, 0x2a, 0xfe, 0x00,
    0x00, 0x2f, 0xf8, 0x4f, 0xf5, 0x00, 0x07, 0xff, 0x20, 0xef, 0xa0, 0x00,
    0xdf, 0xb0, 0x08, 0xff, 0x10, 0x3f, 0xf6, 0x00, 0x3f, 0xf6, 0x08, 0xfe,
    0x10, 0x00, 0xcf, 0xb0, 0xef, 0xa0, 0x00, 0x07, 0xff, 0x6f, 0xf4, 0x00,
    0x00, 0x1f, 0xfe, 0xfd, 0x00, 0x00, 0x00, 0xbf, 0xff, 0x80, 0x00, 0x00,
    0x05, 0xff, 0xf3, 0x00, 0x00, 0x23, 0x30, 0x00, 0x23, 0x30, 0x00, 0x23,
    0x30, 0x6f, 0xf2, 0x00, 0xbf, 0xf2, 0x00, 0xaf, 0xd0, 0x3f, 0xf5, 0x00,
    0xef, 0xf6, 0x00, 0xef, 0x90, 0x0e, 0xf9, 0x03, 0xfd, 0xf9, 0x02, 0xff,
    0x60, 0x0b, 0xfc, 0x06, 0xf7, 0xed, 0x06, 0xff, 0x20, 0x07, 0xff, 0x1a,
    0xf3, 0xbf, 0x29, 0xfd, 0x00, 0x03, 0xff, 0x4d, 0xe0, 0x8f, 0x5d, 0xfa,
    0x00, 0x00, 0xef, 0xaf, 0xb0, 0x4f, 0xaf, 0xf6, 0x00, 0x00, 0xbf, 0xff,
    0x70, 0x1f, 0xff, 0xf3, 0x00, 0x00, 0x8f, 0xff, 0x30, 0x0c, 0xff, 0xe0,
    0x00, 0x00, 0x4f, 0xff, 0x00, 0x08, 0xff, 0xb0, 0x00, 0x23, 0x31, 0x00,
    0x01, 0x33, 0x12, 0xef, 0x90, 0x00, 0xcf, 0xd1, 0x07, 0xff, 0x50, 0x8f,
    0xf3, 0x00, 0x0b, 0xfe, 0x5f, 0xf8, 0x00, 0x00, 0x2e, 0xff, 0xfc, 0x00,
    0x00, 0x00, 0x6f, 0xff, 0x30, 0x00, 0x00, 0x0a, 0xff, 0xf7, 0x00, 0x00,
    0x05, 0xff, 0xdf, 0xf2, 0x00, 0x02, 0xef, 0xb1, 0xdf, 0xc0, 0x00, 0xbf,
    0xe2, 0x04, 0xff, 0x70, 0x6f, 0xf5, 0x00, 0x09, 0xff, 0x30, 0x03, 0x32,
    0x00, 0x00, 0x23, 0x31, 0x0a, 0xff, 0x30, 0x02, 0xef, 0xc0, 0x01, 0xef,
    0xc0, 0x0b, 0xff, 0x30, 0x00, 0x5f, 0xf7, 0x5f, 0xf7, 0x00, 0x00, 0x0a,
    0xfe, 0xef, 0xc0, 0x00, 0x00, 0x02, 0xef, 0xff, 0x30, 0x00, 0x00, 0x00,
    0x6f, 0xf8, 0x00, 0x00, 0x00, 0x00, 0x4f, 0xf6, 0x00, 0x00, 0x00, 0x00,
    0x4f, 0xf6, 0x00, 0x00, 0x00, 0x00, 0x4f, 0xf6, 0x00, 0x00, 0x00, 0x00,
    0x4f, 0xf6, 0x00, 0x00, 0x13, 0x33, 0x33, 0x33, 0x31, 0x3f, 0xff, 0xff,
    0xff, 0xf5, 0x3c, 0xcc, 0xcc, 0xff, 0xf3, 0x00, 0x00, 0x07, 0xff, 0x70,
    0x00, 0x00, 0x5f, 0xf9, 0x00, 0x00, 0x03, 0xef, 0xb0, 0x00, 0x00, 0x1d,
    0xfd, 0x10, 0x00, 0x00, 0xcf, 0xe3, 0x00, 0x00, 0x09, 0xff, 0x50, 0x00,
    0x00, 0x5f, 0xff, 0xff, 0xff, 0xf8, 0x6f, 0xff, 0xff, 0xff, 0xf8, 0x8a,
    0xaa, 0x4c, 0xfe, 0xe6, 0xcf, 0x80, 0x0c, 0xf8, 0x00, 0xcf, 0x80, 0x0c,
    0xf8, 0x00, 0xcf, 0x80, 0x0c, 0xf8, 0x00, 0xcf, 0x80, 0x0c, 0xf8, 0x00,
    0xcf, 0x80, 0x0c, 0xfd, 0xa5, 0xad, 0xdd, 0x60, 0x32, 0x00, 0x00, 0xcb,
    0x00, 0x00, 0x7f, 0x10, 0x00, 0x2f, 0x50, 0x00, 0x0d, 0xa0, 0x00, 0x08,
    0xe0, 0x00, 0x03, 0xf4, 0x00, 0x00, 0xd9, 0x00, 0x00, 0x9e, 0x00, 0x00,
    0x4f, 0x40, 0x00, 0x0e, 0x80, 0x00, 0x0a, 0xd0, 0x00, 0x02, 0x40, 0x0a,
    0xaa, 0xa2, 0x1e, 0xef, 0xf3, 0x00, 0x2f, 0xf3, 0x00, 0x2f, 0xf3, 0x00,
    0x2f, 0xf3, 0x00, 0x2f, 0xf3, 0x00, 0x2f, 0xf3, 0x00, 0x2f, 0xf3, 0x00,
    0x2f, 0xf3, 0x00, 0x2f, 0xf3, 0x00, 0x2f, 0xf3, 0x1a, 0xbf, 0xf3, 0x1d,
    0xdd, 0xd2, 0x00, 0x00, 0x32, 0x00, 0x00, 0x00, 0x0a, 0xff, 0x60, 0x00,
    0x00, 0x9f, 0xce, 0xf5, 0x00, 0x08, 0xf8, 0x01, 0xbf, 0x40, 0x39, 0x40,
    0x00, 0x07, 0x91, 0xff, 0xff, 0xff, 0xf5, 0x55, 0x55, 0x55, 0x13, 0x20,
    0x00, 0xae, 0x20, 0x00, 0xac, 0x10, 0x00, 0x52, 0x06, 0xac, 0xcb, 0x71,
    0x00, 0xbe, 0xdd, 0xff, 0x90, 0x03, 0x00, 0x05, 0xfe, 0x00, 0x37, 0xad,
    0xef, 0xf4, 0x0c, 0xfd, 0x99, 0xff, 0x54, 0xff, 0x30, 0x6f, 0xf5, 0x1f,
    0xfb, 0x8e, 0xff, 0x50, 0x7e, 0xfe, 0x6f, 0xf5, 0x00, 0x02, 0x00, 0x00,
    0x00, 0x8a, 0x60, 0x00, 0x00, 0x0c, 0xf9, 0x00, 0x00, 0x00, 0xcf, 0x90,
    0x00, 0x00, 0x0c, 0xf9, 0x4a, 0xa3, 0x00, 0xcf, 0xdf, 0xff, 0xf7, 0x0c,
    0xff, 0x41, 0xbf, 0xd0, 0xcf, 0xc0, 0x05, 0xff, 0x3c, 0xfb, 0x00, 0x3f,
    0xf4, 0xcf, 0xe1, 0x07, 0xfe, 0x0c, 0xff, 0xeb, 0xff, 0xa0, 0xcf, 0xaa,
    0xfe, 0x81, 0x00, 0x00, 0x01, 0x10, 0x00, 0x00, 0x15, 0xac, 0xa3, 0x06,
    0xef, 0xfe, 0xf5, 0x1e, 0xfc, 0x30, 0x33, 0x4f, 0xf6, 0x00, 0x00, 0x5f,
    0xf4, 0x00, 0x00, 0x2f, 0xf9, 0x00, 0x01, 0x0a, 0xff, 0xd9, 0xc5, 0x01,
    0x6b, 0xff, 0xf4, 0x00, 0x00, 0x12, 0x10, 0x00, 0x00, 0x00, 0x6a, 0x80,
    0x00, 0x00, 0x09, 0xfd, 0x00, 0x00, 0x00, 0x9f, 0xd0, 0x03, 0xaa, 0x49,
    0xfd, 0x07, 0xff, 0xff, 0xdf, 0xd0, 0xdf, 0xb2, 0x4f, 0xfd, 0x2f, 0xf5,
    0x00, 0xcf, 0xd4, 0xff, 0x40, 0x0b, 0xfd, 0x0e, 0xf8, 0x00, 0xef, 0xd0,
    0xaf, 0xfb, 0xdf, 0xfd, 0x01, 0x8e, 0xfa, 0xaf, 0xd0, 0x00, 0x11, 0x00,
    0x00, 0x00, 0x16, 0xb9, 0x30, 0x00, 0x5f, 0xfe, 0xff, 0xb0, 0x0b, 0xf8,
    0x01, 0xef, 0x32, 0xff, 0xba, 0xae, 0xf9, 0x5f, 0xfd, 0xdd, 0xdd, 0xa3,
    0xff, 0x60, 0x00, 0x02, 0x0a, 0xfe, 0xa7, 0x9e, 0x70, 0x16, 0xbf, 0xff,
    0xc4, 0x00, 0x00, 0x12, 0x10, 0x00, 0x00, 0x26, 0x9a, 0x20, 0x1e, 0xff,
    0xf3, 0x06, 0xff, 0x20, 0x07, 0xdf, 0xfa, 0xa0, 0xbf, 0xff, 0xff, 0x01,
    0x8f, 0xe1, 0x10, 0x08, 0xfe, 0x00, 0x00, 0x8f, 0xe0, 0x00, 0x08, 0xfe,
    0x00, 0x00, 0x8f, 0xe0, 0x00, 0x08, 0xfe, 0x00, 0x00, 0x00, 0x3a, 0xa4,
    0x6a, 0x80, 0x7f, 0xff, 0xfd, 0xfd, 0x0d, 0xfb, 0x14, 0xff, 0xd3, 0xff,
    0x50, 0x0c, 0xfd, 0x3f, 0xf4, 0x00, 0xbf, 0xd0, 0xef, 0x90, 0x2e, 0xfd,
    0x09, 0xff, 0xef, 0xef, 0xd0, 0x05, 0xcd, 0x7b, 0xfc, 0x02, 0x00, 0x01,
    0xff, 0x90, 0x7e, 0xab, 0xff, 0xe2, 0x04, 0xce, 0xfd, 0xa2, 0x00, 0x00,
    0x00, 0x00, 0x00, 0x8a, 0x60, 0x00, 0x00, 0xcf, 0x90, 0x00, 0x00, 0xcf,
    0x90, 0x00, 0x00, 0xcf, 0x94, 0xaa, 0x50, 0xcf, 0xdf, 0xff, 0xf5, 0xcf,
    0xf6, 0x1d, 0xf9, 0xcf, 0xc0, 0x09, 0xfd, 0xcf, 0x90, 0x09, 0xfd, 0xcf,
    0x90, 0x09, 0xfd, 0xcf, 0x90, 0x09, 0xfd, 0xcf, 0x90, 0x09, 0xfd, 0x8a,
    0x6c, 0xf9, 0x45, 0x38, 0xa6, 0xcf, 0x9c, 0xf9, 0xcf, 0x9c, 0xf9, 0xcf,
    0x9c, 0xf9, 0xcf, 0x90, 0x00, 0x8a, 0x60, 0x0c, 0xf9, 0x00, 0x45, 0x30,
    0x08, 0xa6, 0x00, 0xcf, 0x90, 0x0c, 0xf9, 0x00, 0xcf, 0x90, 0x0c, 0xf9,
    0x00, 0xcf, 0x90, 0x0c, 0xf9, 0x00, 0xcf, 0x90, 0x0e, 0xf6, 0x4c, 0xff,
    0x27, 0xfb, 0x50, 0x00, 0x00, 0x00, 0x8a, 0x60, 0x00, 0x00, 0x0c, 0xf9,
    0x00, 0x00, 0x00, 0xcf, 0x90, 0x00, 0x00, 0x0c, 0xf9, 0x00, 0x8a, 0x91,
    0xcf, 0x90, 0xaf, 0xd2, 0x0c, 0xfa, 0xaf, 0xd2, 0x00, 0xcf, 0xff, 0xd1,
    0x00, 0x0c, 0xff, 0xfe, 0x30, 0x00, 0xcf, 0xab, 0xfe, 0x30, 0x0c, 0xf9,
    0x1b, 0xfe, 0x30, 0xcf, 0x90, 0x1c, 0xfe, 0x30, 0x8a, 0x6c, 0xf9, 0xcf,
    0x9c, 0xf9, 0xcf, 0x9c, 0xf9, 0xcf, 0x9c, 0xf9, 0xcf, 0x9c, 0xf9, 0xcf,
    0x90, 0x8a, 0x65, 0xba, 0x40, 0x7b, 0x82, 0x0d, 0xfd, 0xff, 0xfe, 0xaf,
    0xff, 0xe0, 0xdf, 0xf5, 0x4f, 0xfe, 0x45, 0xff, 0x4d, 0xfc, 0x00, 0xff,
    0xb0, 0x0f, 0xf7, 0xdf, 0x90, 0x0e, 0xf8, 0x00, 0xff, 0x7d, 0xf9, 0x00,
    0xef, 0x80, 0x0f, 0xf7, 0xdf, 0x90, 0x0e, 0xf8, 0x00, 0xff, 0x7d, 0xf9,
    0x00, 0xef, 0x80, 0x0f, 0xf7, 0x8a, 0x64, 0xaa, 0x50, 0xcf, 0xdf, 0xff,
    0xf5, 0xcf, 0xf6, 0x1d, 0xf9, 0xcf, 0xc0, 0x09, 0xfd, 0xcf, 0x90, 0x09,
    0xfd, 0xcf, 0x90, 0x09, 0xfd, 0xcf, 0x90, 0x09, 0xfd, 0xcf, 0x90, 0x09,
    0xfd, 0x00, 0x16, 0xb9, 0x40, 0x00, 0x05, 0xff, 0xff, 0xfd, 0x10, 0x0b,
    0xfb, 0x14, 0xef, 0x60, 0x2f, 0xf5, 0x00, 0xbf, 0xb0, 0x4f, 0xf4, 0x00,
    0x9f, 0xd0, 0x0d, 0xf7, 0x00, 0xdf, 0x80, 0x08, 0xff, 0xbd, 0xff, 0x20,
    0x01, 0x6b, 0xfe, 0x94, 0x00, 0x00, 0x00, 0x10, 0x00, 0x00, 0x8a, 0x64,
    0xaa, 0x30, 0x0c, 0xfd, 0xff, 0xff, 0x70, 0xcf, 0xf4, 0x1b, 0xfd, 0x0c,
    0xfc, 0x00, 0x5f, 0xf3, 0xcf, 0xb0, 0x03, 0xff, 0x4c, 0xfe, 0x10, 0x7f,
    0xe0, 0xcf, 0xfe, 0xbf, 0xfa, 0x0c, 0xfa, 0xaf, 0xe8, 0x10, 0xcf, 0x90,
    0x11, 0x00, 0x0c, 0xf9, 0x00, 0x00, 0x00, 0xbe, 0x90, 0x00, 0x00, 0x00,
    0x00, 0x3a, 0xa4, 0x6a, 0x80, 0x7f, 0xff, 0xfd, 0xfd, 0x0d, 0xfb, 0x24,
    0xff, 0xd2, 0xff, 0x50, 0x0c, 0xfd, 0x4f, 0xf4, 0x00, 0xbf, 0xd0, 0xef,
    0x80, 0x0e, 0xfd, 0x0a, 0xff, 0xbd, 0xff, 0xd0, 0x18, 0xef, 0xaa, 0xfd,
    0x00, 0x01, 0x10, 0x9f, 0xd0, 0x00, 0x00, 0x09, 0xfd, 0x00, 0x00, 0x00,
    0x8e, 0xc0, 0x8a, 0x64, 0xab, 0xcf, 0xdf, 0xfd, 0xcf, 0xf9, 0x34, 0xcf,
    0xe0, 0x00, 0xcf, 0xa0, 0x00, 0xcf, 0x90, 0x00, 0xcf, 0x90, 0x00, 0xcf,
    0x90, 0x00, 0x02, 0x7a, 0xcb, 0x81, 0x0c, 0xfe, 0xce, 0xf2, 0x2f, 0xf1,
    0x00, 0x31, 0x0d, 0xfe, 0xb7, 0x20, 0x03, 0x9e, 0xff, 0xf3, 0x00, 0x00,
    0x2c, 0xf8, 0x2d, 0x97, 0x8e, 0xf4, 0x2d, 0xff, 0xfd, 0x90, 0x00, 0x12,
    0x20, 0x00, 0x07, 0xcb, 0x00, 0x00, 0x9f, 0xd0, 0x00, 0x8d, 0xfe, 0xaa,
    0x4c, 0xff, 0xff, 0xf6, 0x1a, 0xfd, 0x11, 0x10, 0x9f, 0xd0, 0x00, 0x09,
    0xfd, 0x00, 0x00, 0x8f, 0xe0, 0x00, 0x04, 0xff, 0xdb, 0x20, 0x08, 0xdf,
    0xf2, 0x9a, 0x50, 0x06, 0xa8, 0xef, 0x80, 0x0a, 0xfc, 0xef, 0x80, 0x0a,
    0xfc, 0xef, 0x80, 0x0a, 0xfc, 0xef, 0x80, 0x0b, 0xfc, 0xbf, 0xa0, 0x1f,
    0xfc, 0x7f, 0xfb, 0xef, 0xfc, 0x2a, 0xff, 0x9a, 0xfc, 0x00, 0x11, 0x00,
    0x00, 0x6a, 0x80, 0x00, 0x6a, 0x85, 0xff, 0x10, 0x0e, 0xf7, 0x0e, 0xf7,
    0x05, 0xff, 0x10, 0x8f, 0xc0, 0xaf, 0xa0, 0x02, 0xff, 0x3f, 0xf4, 0x00,
    0x0b, 0xfd, 0xfd, 0x00, 0x00, 0x6f, 0xff, 0x70, 0x00, 0x01, 0xef, 0xf2,
    0x00, 0x4a, 0x90, 0x06, 0xa6, 0x00, 0xaa, 0x43, 0xff, 0x20, 0xdf, 0xc0,
    0x3f, 0xf2, 0x0e, 0xf6, 0x1f, 0xff, 0x17, 0xfd, 0x00, 0xaf, 0xa5, 0xf9,
    0xf4, 0xbf, 0x90, 0x06, 0xfd, 0x9f, 0x2f, 0x8e, 0xf5, 0x00, 0x2f, 0xfe,
    0xc0, 0xde, 0xff, 0x10, 0x00, 0xdf, 0xf8, 0x09, 0xff, 0xc0, 0x00, 0x09,
    0xff, 0x50, 0x5f, 0xf8, 0x00, 0x4a, 0xa2, 0x01, 0xaa, 0x40, 0xcf, 0xb0,
    0xbf, 0xc0, 0x02, 0xef, 0xbf, 0xe2, 0x00, 0x05, 0xff, 0xf5, 0x00, 0x00,
    0x3f, 0xff, 0x40, 0x00, 0x1d, 0xfd, 0xfd, 0x10, 0x0a, 0xfc, 0x1c, 0xfb,
    0x06, 0xff, 0x30, 0x2e, 0xf7, 0x7a, 0x70, 0x00, 0x7a, 0x75, 0xff, 0x10,
    0x0e, 0xf6, 0x0d, 0xf7, 0x05, 0xff, 0x10, 0x7f, 0xd0, 0xaf, 0xa0, 0x01,
    0xff, 0x4e, 0xf4, 0x00, 0x09, 0xfd, 0xfd, 0x00, 0x00, 0x3f, 0xff, 0x80,
    0x00, 0x00, 0xbf, 0xf2, 0x00, 0x00, 0x08, 0xfb, 0x00, 0x00, 0x5a, 0xff,
    0x30, 0x00, 0x09, 0xfc, 0x60, 0x00, 0x00, 0x00, 0x00, 0x00, 0x00, 0x2a,
    0xaa, 0xaa, 0xa5, 0x3f, 0xff, 0xff, 0xf7, 0x01, 0x12, 0xcf, 0xe2, 0x00,
    0x0a, 0xfe, 0x30, 0x00, 0xaf, 0xe3, 0x00, 0x09, 0xfe, 0x30, 0x00, 0x5f,
    0xfd, 0xbb, 0xb5, 0x6f, 0xff, 0xff, 0xf7, 0x00, 0x01, 0x48, 0xa2, 0x00,
    0x09, 0xff, 0xe3, 0x00, 0x1e, 0xf7, 0x00, 0x00, 0x2f, 0xf3, 0x00, 0x00,
    0x3f, 0xf3, 0x00, 0x01, 0x8f, 0xf1, 0x00, 0x3f, 0xff, 0x60, 0x00, 0x2b,
    0xff, 0xb0, 0x00, 0x00, 0x6f, 0xf1, 0x00, 0x00, 0x2f, 0xf3, 0x00, 0x00,
    0x2f, 0xf4, 0x00, 0x00, 0x0d, 0xfb, 0x51, 0x00, 0x06, 0xef, 0xf3, 0x00,
    0x00, 0x03, 0x41, 0x2a, 0x33, 0xf5, 0x3f, 0x53, 0xf5, 0x3f, 0x53, 0xf5,
    0x3f, 0x53, 0xf5, 0x3f, 0x53, 0xf5, 0x3f, 0x53, 0xf5, 0x3f, 0x53, 0xf5,
    0x15, 0x10, 0x2a, 0x84, 0x10, 0x00, 0x3e, 0xff, 0x90, 0x00, 0x00, 0x8f,
    0xe0, 0x00, 0x00, 0x4f, 0xf1, 0x00, 0x00, 0x3f, 0xf2, 0x00, 0x00, 0x1f,
    0xf8, 0x00, 0x00, 0x06, 0xff, 0xe3, 0x00, 0x0b, 0xff, 0xb2, 0x00, 0x2f,
    0xf5, 0x00, 0x00, 0x3f, 0xf2, 0x00, 0x00, 0x5f, 0xf1, 0x00, 0x15, 0xbf,
    0xc0, 0x00, 0x4f, 0xfe, 0x60, 0x00, 0x14, 0x30, 0x00, 0x00, 0x03, 0x88,
    0x51, 0x00, 0x53, 0x6f, 0xff, 0xff, 0xcd, 0xf3, 0x76, 0x11, 0x59, 0xcb,
    0x40, 0x00, 0x00, 0x00, 0x00, 0x00, 0x01, 0x63, 0x04, 0xeb, 0xe5, 0xa7,
    0x07, 0xb8, 0xa2, 0xa9, 0x1a, 0xfc, 0x20, 0x00, 0x00, 0x00, 0x00, 0x00,
    0x00, 0x00, 0x03, 0x56, 0x87, 0x64, 0x10, 0x00, 0x00, 0x00, 0x00, 0x00,
    0x00, 0x00, 0x00, 0x01, 0x7d, 0xff, 0xff, 0xff, 0xff, 0xa5, 0x00, 0x00,
    0x00, 0x00, 0x00, 0x00, 0x00, 0x05, 0xef, 0xff, 0xff, 0xff, 0xff, 0xff,
    0xfb, 0x20, 0x00, 0x00, 0x00, 0x00, 0x00, 0x09, 0xff, 0xff, 0xff, 0xff,
    0xff, 0xff, 0xff, 0xfe, 0x40, 0x00, 0x00, 0x00, 0x00, 0x08, 0xff, 0xff,
    0xff, 0xff, 0xef, 0xff, 0xff, 0xff, 0xfe, 0x30, 0x00, 0x00, 0x00, 0x06,
    0xff, 0xff, 0xff, 0xb7, 0x30, 0x14, 0x9d, 0xff, 0xff, 0xfd, 0x10, 0x00,
    0x00, 0x01, 0xef, 0xff, 0xff, 0x80, 0x00, 0x00, 0x00, 0x1d, 0xff, 0xff,
    0xf9, 0x00, 0x00, 0x00, 0x8f, 0xff, 0xff, 0xa0, 0x00, 0x00, 0x00, 0x00,
    0x2e, 0xff, 0xff, 0xf2, 0x00, 0x00, 0x2e, 0xff, 0xff, 0xc1, 0x00, 0x00,
    0x00, 0x00, 0x00, 0x4f, 0xff, 0xff, 0xa0, 0x00, 0x07, 0xff, 0xff, 0xf3,
    0x00, 0x00, 0x00, 0x00, 0x00, 0x00, 0x9f, 0xff, 0xff, 0x10, 0x00, 0xcf,
    0xff, 0xfe, 0x00, 0x00, 0x00, 0x00, 0x00, 0x00, 0x05, 0xff, 0xff, 0xf6,
    0x00, 0x1f, 0xff, 0xff, 0x90, 0x00, 0x00, 0x00, 0x00, 0x00, 0x00, 0x1e,
    0xff, 0xff, 0xa0, 0x06, 0xff, 0xff, 0xf5, 0x00, 0x00, 0x00, 0x00, 0x00,
    0x00, 0x00, 0xaf, 0xff, 0xfe, 0x00, 0x8f, 0xff, 0xfe, 0x10, 0x00, 0x00,
    0x00, 0x00, 0x00, 0x00, 0x06, 0xff, 0xff, 0xf2, 0x0b, 0xff, 0xff, 0xc0,
    0x00, 0x00, 0x00, 0x00, 0x00, 0x00, 0x00, 0x2f, 0xff, 0xff, 0x50, 0xdf,
    0xff, 0xfa, 0x00, 0x00, 0x00, 0x00, 0x00, 0x00, 0x00, 0x01, 0xff, 0xff,
    0xf7, 0x1f, 0xff, 0xff, 0x90, 0x00, 0x00, 0x00, 0x00, 0x00, 0x00, 0x00,
    0x0f, 0xff, 0xff, 0xa2, 0xff, 0xff, 0xf8, 0x00, 0x00, 0x00, 0x00, 0x00,
    0x00, 0x00, 0x00, 0xef, 0xff, 0xfb, 0x2f, 0xff, 0xff, 0x70, 0x00, 0x00,
    0x00, 0x00, 0x00, 0x00, 0x00, 0x0d, 0xff, 0xff, 0xb3, 0xff, 0xff, 0xf6,
    0x00, 0x00, 0x00, 0x00, 0x00, 0x00, 0x00, 0x00, 0xcf, 0xff, 0xfc, 0x4f,
    0xff, 0xff, 0x50, 0x00, 0x00, 0x00, 0x00, 0x00, 0x00, 0x00, 0x0a, 0xff,
    0xff, 0xd4, 0xff, 0xff, 0xf4, 0x00, 0x00, 0x00, 0x00, 0x00, 0x00, 0x00,
    0x00, 0x9f, 0xff, 0xfd, 0x4f, 0xff, 0xff, 0x50, 0x00, 0x00, 0x00, 0x00,
    0x00, 0x00, 0x00, 0x0a, 0xff, 0xff, 0xd3, 0xff, 0xff, 0xf6, 0x00, 0x00,
    0x00, 0x00, 0x00, 0x00, 0x00, 0x00, 0xbf, 0xff, 0xfc, 0x3f, 0xff, 0xff,
    0x70, 0x00, 0x00, 0x00, 0x00, 0x00, 0x00, 0x00, 0x0c, 0xff, 0xff, 0xc2,
    0xff, 0xff, 0xf8, 0x00, 0x00, 0x00, 0x00, 0x00, 0x00, 0x00, 0x00, 0xdf,
    0xff, 0xfb, 0x1f, 0xff, 0xff, 0x90, 0x00, 0x00, 0x00, 0x00, 0x00, 0x00,
    0x00, 0x0f, 0xff, 0xff, 0xa0, 0xef, 0xff, 0xfa, 0x00, 0x00, 0x00, 0x00,
    0x00, 0x00, 0x00, 0x01, 0xff, 0xff, 0xf8, 0x0b, 0xff, 0xff, 0xb0, 0x00,
    0x00, 0x00, 0x00, 0x00, 0x00, 0x00, 0x2f, 0xff, 0xff, 0x50, 0x9f, 0xff,
    0xfe, 0x00, 0x00, 0x00, 0x00, 0x00, 0x00, 0x00, 0x05, 0xff, 0xff, 0xf3,
    0x07, 0xff, 0xff, 0xf4, 0x00, 0x00, 0x00, 0x00, 0x00, 0x00, 0x00, 0x9f,
    0xff, 0xff, 0x10, 0x2f, 0xff, 0xff, 0x80, 0x00, 0x00, 0x00, 0x00, 0x00,
    0x00, 0x0e, 0xff, 0xff, 0xb0, 0x00, 0xdf, 0xff, 0xfd, 0x00, 0x00, 0x00,
    0x00, 0x00, 0x00, 0x04, 0xff, 0xff, 0xf7, 0x00, 0x08, 0xff, 0xff, 0xf2,
    0x00, 0x00, 0x00, 0x00, 0x00, 0x00, 0x8f, 0xff, 0xff, 0x20, 0x00, 0x3f,
    0xff, 0xff, 0x90, 0x00, 0x00, 0x00, 0x00, 0x00, 0x2e, 0xff, 0xff, 0xc0,
    0x00, 0x00, 0xaf, 0xff, 0xff, 0x70, 0x00, 0x00, 0x00, 0x00, 0x1c, 0xff,
    0xff, 0xf4, 0x00, 0x00, 0x03, 0xff, 0xff, 0xff, 0x50, 0x00, 0x00, 0x00,
    0x0a, 0xff, 0xff, 0xfb, 0x00, 0x00, 0x00, 0x09, 0xff, 0xff, 0xfe, 0x83,
    0x00, 0x01, 0x5a, 0xff, 0xff, 0xfe, 0x30, 0x00, 0x00, 0x00, 0x0b, 0xff,
    0xff, 0xff, 0xfe, 0xac, 0xff, 0xff, 0xff, 0xff, 0x50, 0x00, 0x00, 0x00,
    0x00, 0x1c, 0xff, 0xff, 0xff, 0xff, 0xff, 0xff, 0xff, 0xff, 0x70, 0x00,
    0x00, 0x00, 0x00, 0x00, 0x19, 0xff, 0xff, 0xff, 0xff, 0xff, 0xff, 0xfe,
    0x40, 0x00, 0x00, 0x00, 0x00, 0x00, 0x00, 0x04, 0xbf, 0xff, 0xff, 0xff,
    0xff, 0xe8, 0x10, 0x00, 0x00, 0x00, 0x00, 0x00, 0x00, 0x00, 0x00, 0x16,
    0x8a, 0xbb, 0x98, 0x40, 0x00, 0x00, 0x00, 0x00, 0x00, 0x00, 0x00, 0x00,
    0x25, 0x8b, 0xcc, 0xcc, 0xc5, 0x00, 0x00, 0x00, 0x00, 0x00, 0x25, 0x8b,
    0xef, 0xff, 0xff, 0xff, 0xff, 0x70, 0x00, 0x00, 0x00, 0x00, 0xcf, 0xff,
    0xff, 0xff, 0xff, 0xff, 0xff, 0xf7, 0x00, 0x00, 0x00, 0x00, 0x0d, 0xff,
    0xff, 0xff, 0xff, 0xff, 0xff, 0xff, 0x70, 0x00, 0x00, 0x00, 0x00, 0xdf,
    0xff, 0xff, 0xff, 0xff, 0xff, 0xff, 0xf7, 0x00, 0x00, 0x00, 0x00, 0x0d,
    0xff, 0xff, 0xfe, 0xb8, 0x5f, 0xff, 0xff, 0x70, 0x00, 0x00, 0x00, 0x00,
    0xde, 0xb8, 0x52, 0x00, 0x00, 0xff, 0xff, 0xf7, 0x00, 0x00, 0x00, 0x00,
    0x01, 0x00, 0x00, 0x00, 0x00, 0x0f, 0xff, 0xff, 0x70, 0x00, 0x00, 0x00,
    0x00, 0x00, 0x00, 0x00, 0x00, 0x00, 0xff, 0xff, 0xf7, 0x00, 0x00, 0x00,
    0x00, 0x00, 0x00, 0x00, 0x00, 0x00, 0x0f, 0xff, 0xff, 0x70, 0x00, 0x00,
    0x00, 0x00, 0x00, 0x00, 0x00, 0x00, 0x00, 0xff, 0xff, 0xf7, 0x00, 0x00,
    0x00, 0x00, 0x00, 0x00, 0x00, 0x00, 0x00, 0x0f, 0xff, 0xff, 0x70, 0x00,
    0x00, 0x00, 0x00, 0x00, 0x00, 0x00, 0x00, 0x00, 0xff, 0xff, 0xf7, 0x00,
    0x00, 0x00, 0x00, 0x00, 0x00, 0x00, 0x00, 0x00, 0x0f, 0xff, 0xff, 0x70,
    0x00, 0x00, 0x00, 0x00, 0x00, 0x00, 0x00, 0x00, 0x00, 0xff, 0xff, 0xf7,
    0x00, 0x00, 0x00, 0x00, 0x00, 0x00, 0x00, 0x00, 0x00, 0x0f, 0xff, 0xff,
    0x70, 0x00, 0x00, 0x00, 0x00, 0x00, 0x00, 0x00, 0x00, 0x00, 0xff, 0xff,
    0xf7, 0x00, 0x00, 0x00, 0x00, 0x00, 0x00, 0x00, 0x00, 0x00, 0x0f, 0xff,
    0xff, 0x70, 0x00, 0x00, 0x00, 0x00, 0x00, 0x00, 0x00, 0x00, 0x00, 0xff,
    0xff, 0xf7, 0x00, 0x00, 0x00, 0x00, 0x00, 0x00, 0x00, 0x00, 0x00, 0x0f,
    0xff, 0xff, 0x70, 0x00, 0x00, 0x00, 0x00, 0x00, 0x00, 0x00, 0x00, 0x00,
    0xff, 0xff, 0xf7, 0x00, 0x00, 0x00, 0x00, 0x00, 0x00, 0x00, 0x00, 0x00,
    0x0f, 0xff, 0xff, 0x70, 0x00, 0x00, 0x00, 0x00, 0x00, 0x00, 0x00, 0x00,
    0x00, 0xff, 0xff, 0xf7, 0x00, 0x00, 0x00, 0x00, 0x00, 0x00, 0x00, 0x00,
    0x00, 0x0f, 0xff, 0xff, 0x70, 0x00, 0x00, 0x00, 0x00, 0x00, 0x00, 0x00,
    0x00, 0x00, 0xff, 0xff, 0xf7, 0x00, 0x00, 0x00, 0x00, 0x00, 0x00, 0x00,
    0x00, 0x00, 0x0f, 0xff, 0xff, 0x70, 0x00, 0x00, 0x00, 0x00, 0x00, 0x00,
    0x00, 0x00, 0x00, 0xff, 0xff, 0xf7, 0x00, 0x00, 0x00, 0x00, 0x00, 0x00,
    0x00, 0x00, 0x00, 0x0f, 0xff, 0xff, 0x70, 0x00, 0x00, 0x00, 0x00, 0x00,
    0x00, 0x00, 0x00, 0x00, 0xff, 0xff, 0xf7, 0x00, 0x00, 0x00, 0x00, 0x00,
    0x00, 0x00, 0x00, 0x00, 0x0f, 0xff, 0xff, 0x70, 0x00, 0x00, 0x00, 0x00,
    0x00, 0x00, 0x00, 0x00, 0x00, 0xff, 0xff, 0xf7, 0x00, 0x00, 0x00, 0x00,
    0x00, 0x00, 0x00, 0x00, 0x00, 0x0f, 0xff, 0xff, 0x70, 0x00, 0x00, 0x00,
    0x00, 0x00, 0x00, 0x00, 0x00, 0x00, 0xff, 0xff, 0xf7, 0x00, 0x00, 0x00,
    0x00, 0x00, 0x00, 0x00, 0x00, 0x00, 0x0f, 0xff, 0xff, 0x70, 0x00, 0x00,
    0x00, 0x00, 0x00, 0x00, 0x00, 0x00, 0x00, 0xff, 0xff, 0xf7, 0x00, 0x00,
    0x00, 0x00, 0x00, 0x00, 0x00, 0x00, 0x00, 0x0f, 0xff, 0xff, 0x70, 0x00,
    0x00, 0x00, 0x00, 0x1a, 0xaa, 0xaa, 0xaa, 0xaa, 0xff, 0xff, 0xfc, 0xaa,
    0xaa, 0xaa, 0xaa, 0x41, 0xff, 0xff, 0xff, 0xff, 0xff, 0xff, 0xff, 0xff,
    0xff, 0xff, 0xff, 0xf7, 0x1f, 0xff, 0xff, 0xff, 0xff, 0xff, 0xff, 0xff,
    0xff, 0xff, 0xff, 0xff, 0x71, 0xff, 0xff, 0xff, 0xff, 0xff, 0xff, 0xff,
    0xff, 0xff, 0xff, 0xff, 0xf7, 0x1f, 0xff, 0xff, 0xff, 0xff, 0xff, 0xff,
    0xff, 0xff, 0xff, 0xff, 0xff, 0x70, 0x00, 0x00, 0x00, 0x00, 0x24, 0x68,
    0x75, 0x31, 0x00, 0x00, 0x00, 0x00, 0x00, 0x00, 0x00, 0x03, 0x8c, 0xff,
    0xff, 0xff, 0xff, 0xfe, 0xb4, 0x00, 0x00, 0x00, 0x00, 0x03, 0x8d, 0xff,
    0xff, 0xff, 0xff, 0xff, 0xff, 0xff, 0xfb, 0x30, 0x00, 0x00, 0x09, 0xff,
    0xff, 0xff, 0xff, 0xff, 0xff, 0xff, 0xff, 0xff, 0xff, 0xa1, 0x00, 0x00,
    0x9f, 0xff, 0xff, 0xff, 0xff, 0xff, 0xff, 0xff, 0xff, 0xff, 0xff, 0xb0,
    0x00, 0x09, 0xff, 0xff, 0xff, 0xca, 0x85, 0x32, 0x57, 0xbf, 0xff, 0xff,
    0xff, 0x70, 0x00, 0x9f, 0xff, 0xd7, 0x10, 0x00, 0x00, 0x00, 0x00, 0x4d,
    0xff, 0xff, 0xff, 0x40, 0x09, 0xfc, 0x50, 0x00, 0x00, 0x00, 0x00, 0x00,
    0x00, 0x0b, 0xff, 0xff, 0xfd, 0x00, 0x53, 0x00, 0x00, 0x00, 0x00, 0x00,
    0x00, 0x00, 0x00, 0x2e, 0xff, 0xff, 0xf1, 0x00, 0x00, 0x00, 0x00, 0x00,
    0x00, 0x00, 0x00, 0x00, 0x00, 0x6f, 0xff, 0xff, 0x40, 0x00, 0x00, 0x00,
    0x00, 0x00, 0x00, 0x00, 0x00, 0x00, 0x02, 0xff, 0xff, 0xf7, 0x00, 0x00,
    0x00, 0x00, 0x00, 0x00, 0x00, 0x00, 0x00, 0x00, 0x0e, 0xff, 0xff, 0xa0,
    0x00, 0x00, 0x00, 0x00, 0x00, 0x00, 0x00, 0x00, 0x00, 0x00, 0xcf, 0xff,
    0xfb, 0x00, 0x00, 0x00, 0x00, 0x00, 0x00, 0x00, 0x00, 0x00, 0x00, 0x1f,
    0xff, 0xff, 0x80, 0x00, 0x00, 0x00, 0x00, 0x00, 0x00, 0x00, 0x00, 0x00,
    0x04, 0xff, 0xff, 0xf5, 0x00, 0x00, 0x00, 0x00, 0x00, 0x00, 0x00, 0x00,
    0x00, 0x00, 0x8f, 0xff, 0xff, 0x20, 0x00, 0x00, 0x00, 0x00, 0x00, 0x00,
    0x00, 0x00, 0x00, 0x0d, 0xff, 0xff, 0xe0, 0x00, 0x00, 0x00, 0x00, 0x00,
    0x00, 0x00, 0x00, 0x00, 0x07, 0xff, 0xff, 0xf8, 0x00, 0x00, 0x00, 0x00,
    0x00, 0x00, 0x00, 0x00, 0x00, 0x02, 0xef, 0xff, 0xfe, 0x10, 0x00, 0x00,
    0x00, 0x00, 0x00, 0x00, 0x00, 0x00, 0x01, 0xcf, 0xff, 0xff, 0x60, 0x00,
    0x00, 0x00, 0x00, 0x00, 0x00, 0x00, 0x00, 0x00, 0xaf, 0xff, 0xff, 0xa0,
    0x00, 0x00, 0x00, 0x00, 0x00, 0x00, 0x00, 0x00, 0x00, 0x7f, 0xff, 0xff,
    0xd1, 0x00, 0x00, 0x00, 0x00, 0x00, 0x00, 0x00, 0x00, 0x00, 0x6f, 0xff,
    0xff, 0xe3, 0x00, 0x00, 0x00, 0x00, 0x00, 0x00, 0x00, 0x00, 0x00, 0x5f,
    0xff, 0xff, 0xe4, 0x00, 0x00, 0x00, 0x00, 0x00, 0x00, 0x00, 0x00, 0x00,
    0x5f, 0xff, 0xff, 0xf4, 0x00, 0x00, 0x00, 0x00, 0x00, 0x00, 0x00, 0x00,
    0x00, 0x4f, 0xff, 0xff, 0xf5, 0x00, 0x00, 0x00, 0x00, 0x00, 0x00, 0x00,
    0x00, 0x00, 0x4f, 0xff, 0xff, 0xf5, 0x00, 0x00, 0x00, 0x00, 0x00, 0x00,
    0x00, 0x00, 0x00, 0x4e, 0xff, 0xff, 0xf6, 0x00, 0x00, 0x00, 0x00, 0x00,
    0x00, 0x00, 0x00, 0x00, 0x4e, 0xff, 0xff, 0xf6, 0x00, 0x00, 0x00, 0x00,
    0x00, 0x00, 0x00, 0x00, 0x00, 0x4e, 0xff, 0xff, 0xf6, 0x00, 0x00, 0x00,
    0x00, 0x00, 0x00, 0x00, 0x00, 0x00, 0x3e, 0xff, 0xff, 0xf7, 0x00, 0x00,
    0x00, 0x00, 0x00, 0x00, 0x00, 0x00, 0x00, 0x3e, 0xff, 0xff, 0xf7, 0x00,
    0x00, 0x00, 0x00, 0x00, 0x00, 0x00, 0x00, 0x00, 0x3e, 0xff, 0xff, 0xf7,
    0x00, 0x00, 0x00, 0x00, 0x00, 0x00, 0x00, 0x00, 0x00, 0x3e, 0xff, 0xff,
    0xf8, 0x00, 0x00, 0x00, 0x00, 0x00, 0x00, 0x00, 0x00, 0x00, 0x3e, 0xff,
    0xff, 0xf8, 0x00, 0x00, 0x00, 0x00, 0x00, 0x00, 0x00, 0x00, 0x00, 0x3e,
    0xff, 0xff, 0xf8, 0x00, 0x00, 0x00, 0x00, 0x00, 0x00, 0x00, 0x00, 0x00,
    0x2e, 0xff, 0xff, 0xf9, 0x00, 0x00, 0x00, 0x00, 0x00, 0x00, 0x00, 0x00,
    0x00, 0x0d, 0xff, 0xff, 0xff, 0xaa, 0xaa, 0xaa, 0xaa, 0xaa, 0xaa, 0xaa,
    0xaa, 0xaa, 0xa0, 0xdf, 0xff, 0xff, 0xff, 0xff, 0xff, 0xff, 0xff, 0xff,
    0xff, 0xff, 0xff, 0xff, 0x0d, 0xff, 0xff, 0xff, 0xff, 0xff, 0xff, 0xff,
    0xff, 0xff, 0xff, 0xff, 0xff, 0xf0, 0xdf, 0xff, 0xff, 0xff, 0xff, 0xff,
    0xff, 0xff, 0xff, 0xff, 0xff, 0xff, 0xff, 0x0d, 0xff, 0xff, 0xff, 0xff,
    0xff, 0xff, 0xff, 0xff, 0xff, 0xff, 0xff, 0xff, 0xf0, 0x00, 0x00, 0x00,
    0x02, 0x35, 0x67, 0x87, 0x53, 0x10, 0x00, 0x00, 0x00, 0x00, 0x00, 0x00,
    0x14, 0x7b, 0xef, 0xff, 0xff, 0xff, 0xff, 0xfe, 0xa3, 0x00, 0x00, 0x00,
    0x00, 0x07, 0xff, 0xff, 0xff, 0xff, 0xff, 0xff, 0xff, 0xff, 0xff, 0xa3,
    0x00, 0x00, 0x00, 0x08, 0xff, 0xff, 0xff, 0xff, 0xff, 0xff, 0xff, 0xff,
    0xff, 0xff, 0x90, 0x00, 0x00, 0x08, 0xff, 0xff, 0xff, 0xff, 0xff, 0xff,
    0xff, 0xff, 0xff, 0xff, 0xf8, 0x00, 0x00, 0x08, 0xff, 0xff, 0xc8, 0x75,
    0x42, 0x24, 0x57, 0xdf, 0xff, 0xff, 0xff, 0x50, 0x00, 0x08, 0xd9, 0x51,
    0x00, 0x00, 0x00, 0x00, 0x00, 0x05, 0xdf, 0xff, 0xff, 0xe2, 0x00, 0x00,
    0x00, 0x00, 0x00, 0x00, 0x00, 0x00, 0x00, 0x00, 0x1d, 0xff, 0xff, 0xf7,
    0x00, 0x00, 0x00, 0x00, 0x00, 0x00, 0x00, 0x00, 0x00, 0x00, 0x03, 0xef,
    0xff, 0xfa, 0x00, 0x00, 0x00, 0x00, 0x00, 0x00, 0x00, 0x00, 0x00, 0x00,
    0x00, 0xbf, 0xff, 0xfd, 0x00, 0x00, 0x00, 0x00, 0x00, 0x00, 0x00, 0x00,
    0x00, 0x00, 0x00, 0x8f, 0xff, 0xff, 0x10, 0x00, 0x00, 0x00, 0x00, 0x00,
    0x00, 0x00, 0x00, 0x00, 0x00, 0x5f, 0xff, 0xff, 0x20, 0x00, 0x00, 0x00,
    0x00, 0x00, 0x00, 0x00, 0x00, 0x00, 0x00, 0x7f, 0xff, 0xfe, 0x00, 0x00,
    0x00, 0x00, 0x00, 0x00, 0x00, 0x00, 0x00, 0x00, 0x00, 0xaf, 0xff, 0xfc,
    0x00, 0x00, 0x00, 0x00, 0x00, 0x00, 0x00, 0x00, 0x00, 0x00, 0x02, 0xef,
    0xff, 0xf8, 0x00, 0x00, 0x00, 0x00, 0x00, 0x00, 0x00, 0x00, 0x00, 0x00,
    0x0c, 0xff, 0xff, 0xe1, 0x00, 0x00, 0x00, 0x00, 0x00, 0x00, 0x00, 0x00,
    0x00, 0x03, 0xbf, 0xff, 0xff, 0x60, 0x00, 0x00, 0x00, 0x00, 0x01, 0x11,
    0x11, 0x23, 0x57, 0xcf, 0xff, 0xff, 0xf6, 0x00, 0x00, 0x00, 0x00, 0x00,
    0x0a, 0xff, 0xff, 0xff, 0xff, 0xff, 0xff, 0xfd, 0x40, 0x00, 0x00, 0x00,
    0x00, 0x00, 0x0a, 0xff, 0xff, 0xff, 0xff, 0xff, 0xfa, 0x40, 0x00, 0x00,
    0x00, 0x00, 0x00, 0x00, 0x0a, 0xff, 0xff, 0xff, 0xff, 0xff, 0xfb, 0x51,
    0x00, 0x00, 0x00, 0x00, 0x00, 0x00, 0x0a, 0xff, 0xff, 0xff, 0xff, 0xff,
    0xff, 0xfe, 0x70, 0x00, 0x00, 0x00, 0x00, 0x00, 0x05, 0x77, 0x77, 0x89,
    0xbd, 0xff, 0xff, 0xff, 0xfa, 0x10, 0x00, 0x00, 0x00, 0x00, 0x00, 0x00,
    0x00, 0x00, 0x00, 0x3a, 0xff, 0xff, 0xff, 0xc0, 0x00, 0x00, 0x00, 0x00,
    0x00, 0x00, 0x00, 0x00, 0x00, 0x00, 0x3d, 0xff, 0xff, 0xf7, 0x00, 0x00,
    0x00, 0x00, 0x00, 0x00, 0x00, 0x00, 0x00, 0x00, 0x02, 0xef, 0xff, 0xfe,
    0x10, 0x00, 0x00, 0x00, 0x00, 0x00, 0x00, 0x00, 0x00, 0x00, 0x00, 0x5f,
    0xff, 0xff, 0x80, 0x00, 0x00, 0x00, 0x00, 0x00, 0x00, 0x00, 0x00, 0x00,
    0x00, 0x0d, 0xff, 0xff, 0xb0, 0x00, 0x00, 0x00, 0x00, 0x00, 0x00, 0x00,
    0x00, 0x00, 0x00, 0x0a, 0xff, 0xff, 0xd0, 0x00, 0x00, 0x00, 0x00, 0x00,
    0x00, 0x00, 0x00, 0x00, 0x00, 0x07, 0xff, 0xff, 0xf1, 0x00, 0x00, 0x00,
    0x00, 0x00, 0x00, 0x00, 0x00, 0x00, 0x00, 0x06, 0xff, 0xff, 0xf1, 0x00,
    0x00, 0x00, 0x00, 0x00, 0x00, 0x00, 0x00, 0x00, 0x00, 0x09, 0xff, 0xff,
    0xd0, 0x00, 0x00, 0x00, 0x00, 0x00, 0x00, 0x00, 0x00, 0x00, 0x00, 0x0c,
    0xff, 0xff, 0xa0, 0x00, 0x00, 0x00, 0x00, 0x00, 0x00, 0x00, 0x00, 0x00,
    0x00, 0x1f, 0xff, 0xff, 0x70, 0x00, 0x00, 0x00, 0x00, 0x00, 0x00, 0x00,
    0x00, 0x00, 0x00, 0xbf, 0xff, 0xff, 0x40, 0x51, 0x00, 0x00, 0x00, 0x00,
    0x00, 0x00, 0x00, 0x00, 0x09, 0xff, 0xff, 0xfe, 0x10, 0xbf, 0xa4, 0x00,
    0x00, 0x00, 0x00, 0x00, 0x00, 0x04, 0xbf, 0xff, 0xff, 0xf5, 0x00, 0xbf,
    0xff, 0xd8, 0x64, 0x21, 0x00, 0x02, 0x46, 0xcf, 0xff, 0xff, 0xff, 0x80,
    0x00, 0xbf, 0xff, 0xff, 0xff, 0xff, 0xee, 0xff, 0xff, 0xff, 0xff, 0xff,
    0xfb, 0x00, 0x00, 0xbf, 0xff, 0xff, 0xff, 0xff, 0xff, 0xff, 0xff, 0xff,
    0xff, 0xff, 0xb1, 0x00, 0x00, 0xaf, 0xff, 0xff, 0xff, 0xff, 0xff, 0xff,
    0xff, 0xff, 0xff, 0xb3, 0x00, 0x00, 0x00, 0x02, 0x6a, 0xef, 0xff, 0xff,
    0xff, 0xff, 0xff, 0xff, 0xa3, 0x00, 0x00, 0x00, 0x00, 0x00, 0x00, 0x03,
    0x57, 0x8a, 0xbb, 0x98, 0x64, 0x20, 0x00, 0x00, 0x00, 0x00, 0x00, 0x00,
    0x00, 0x00, 0x00, 0x00, 0x00, 0x00, 0x00, 0x07, 0xcc, 0xcc, 0xcc, 0x80,
    0x00, 0x00, 0x00, 0x00, 0x00, 0x00, 0x00, 0x00, 0x00, 0x00, 0x03, 0xff,
    0xff, 0xff, 0xfa, 0x00, 0x00, 0x00, 0x00, 0x00, 0x00, 0x00, 0x00, 0x00,
    0x00, 0x00, 0xcf, 0xff, 0xff, 0xff, 0xa0, 0x00, 0x00, 0x00, 0x00, 0x00,
    0x00, 0x00, 0x00, 0x00, 0x00, 0x7f, 0xff, 0xff, 0xff, 0xfa, 0x00, 0x00,
    0x00, 0x00, 0x00, 0x00, 0x00, 0x00, 0x00, 0x00, 0x2f, 0xff, 0xff, 0xff,
    0xff, 0xa0, 0x00, 0x00, 0x00, 0x00, 0x00, 0x00, 0x00, 0x00, 0x00, 0x0c,
    0xff, 0xfc, 0xdf, 0xff, 0xfa, 0x00, 0x00, 0x00, 0x00, 0x00, 0x00, 0x00,
    0x00, 0x00, 0x07, 0xff, 0xff, 0x3d, 0xff, 0xff, 0xa0, 0x00, 0x00, 0x00,
    0x00, 0x00, 0x00, 0x00, 0x00, 0x02, 0xef, 0xff, 0x80, 0xdf, 0xff, 0xfa,
    0x00, 0x00, 0x00, 0x00, 0x00, 0x00, 0x00, 0x00, 0x00, 0xbf, 0xff, 0xd1,
    0x0d, 0xff, 0xff, 0xa0, 0x00, 0x00, 0x00, 0x00, 0x00, 0x00, 0x00, 0x00,
    0x6f, 0xff, 0xf4, 0x00, 0xdf, 0xff, 0xfa, 0x00, 0x00, 0x00, 0x00, 0x00,
    0x00, 0x00, 0x00, 0x2e, 0xff, 0xfa, 0x00, 0x0d, 0xff, 0xff, 0xa0, 0x00,
    0x00, 0x00, 0x00, 0x00, 0x00, 0x00, 0x0b, 0xff, 0xfe, 0x10, 0x00, 0xdf,
    0xff, 0xfa, 0x00, 0x00, 0x00, 0x00, 0x00, 0x00, 0x00, 0x06, 0xff, 0xff,
    0x50, 0x00, 0x0d, 0xff, 0xff, 0xa0, 0x00, 0x00, 0x00, 0x00, 0x00, 0x00,
    0x01, 0xef, 0xff, 0xb0, 0x00, 0x00, 0xdf, 0xff, 0xfa, 0x00, 0x00, 0x00,
    0x00, 0x00, 0x00, 0x00, 0xaf, 0xff, 0xe2, 0x00, 0x00, 0x0d, 0xff, 0xff,
    0xa0, 0x00, 0x00, 0x00, 0x00, 0x00, 0x00, 0x5f, 0xff, 0xf7, 0x00, 0x00,
    0x00, 0xdf, 0xff, 0xfa, 0x00, 0x00, 0x00, 0x00, 0x00, 0x00, 0x1e, 0xff,
    0xfc, 0x00, 0x00, 0x00, 0x0d, 0xff, 0xff, 0xa0, 0x00, 0x00, 0x00, 0x00,
    0x00, 0x0a, 0xff, 0xff, 0x30, 0x00, 0x00, 0x00, 0xdf, 0xff, 0xfa, 0x00,
    0x00, 0x00, 0x00, 0x00, 0x05, 0xff, 0xff, 0x80, 0x00, 0x00, 0x00, 0x0d,
    0xff, 0xff, 0xa0, 0x00, 0x00, 0x00, 0x00, 0x01, 0xef, 0xff, 0xd0, 0x00,
    0x00, 0x00, 0x00, 0xdf, 0xff, 0xfa, 0x00, 0x00, 0x00, 0x00, 0x00, 0x9f,
    0xff, 0xf4, 0x00, 0x00, 0x00, 0x00, 0x0d, 0xff, 0xff, 0xa0, 0x00, 0x00,
    0x00, 0x00, 0x4f, 0xff, 0xf9, 0x00, 0x00, 0x00, 0x00, 0x00, 0xdf, 0xff,
    0xfa, 0x00, 0x00, 0x00, 0x00, 0x1d, 0xff, 0xfd, 0x10, 0x00, 0x00, 0x00,
    0x00, 0x0d, 0xff, 0xff, 0xa0, 0x00, 0x00, 0x00, 0x09, 0xff, 0xff, 0x50,
    0x00, 0x00, 0x00, 0x00, 0x00, 0xdf, 0xff, 0xfa, 0x00, 0x00, 0x00, 0x04,
    0xff, 0xff, 0xa0, 0x00, 0x00, 0x00, 0x00, 0x00, 0x0d, 0xff, 0xff, 0xa0,
    0x00, 0x00, 0x01, 0xdf, 0xff, 0xe2, 0x00, 0x00, 0x00, 0x00, 0x00, 0x00,
    0xdf, 0xff, 0xfa, 0x00, 0x00, 0x00, 0x4f, 0xff, 0xf9, 0x33, 0x33, 0x33,
    0x33, 0x33, 0x33, 0x3d, 0xff, 0xff, 0xb3, 0x33, 0x33, 0x24, 0xff, 0xff,
    0xff, 0xff, 0xff, 0xff, 0xff, 0xff, 0xff, 0xff, 0xff, 0xff, 0xff, 0xff,
    0xf7, 0x4f, 0xff, 0xff, 0xff, 0xff, 0xff, 0xff, 0xff, 0xff, 0xff, 0xff,
    0xff, 0xff, 0xff, 0xff, 0x74, 0xff, 0xff, 0xff, 0xff, 0xff, 0xff, 0xff,
    0xff, 0xff, 0xff, 0xff, 0xff, 0xff, 0xff, 0xf7, 0x4f, 0xff, 0xff, 0xff,
    0xff, 0xff, 0xff, 0xff, 0xff, 0xff, 0xff, 0xff, 0xff, 0xff, 0xff, 0x71,
    0x66, 0x66, 0x66, 0x66, 0x66, 0x66, 0x66, 0x66, 0x66, 0xdf, 0xff, 0xfc,
    0x66, 0x66, 0x63, 0x00, 0x00, 0x00, 0x00, 0x00, 0x00, 0x00, 0x00, 0x00,
    0x0d, 0xff, 0xff, 0xa0, 0x00, 0x00, 0x00, 0x00, 0x00, 0x00, 0x00, 0x00,
    0x00, 0x00, 0x00, 0x00, 0xdf, 0xff, 0xfa, 0x00, 0x00, 0x00, 0x00, 0x00,
    0x00, 0x00, 0x00, 0x00, 0x00, 0x00, 0x00, 0x0d, 0xff, 0xff, 0xa0, 0x00,
    0x00, 0x00, 0x00, 0x00, 0x00, 0x00, 0x00, 0x00, 0x00, 0x00, 0x00, 0xdf,
    0xff, 0xfa, 0x00, 0x00, 0x00, 0x00, 0x00, 0x00, 0x00, 0x00, 0x00, 0x00,
    0x00, 0x00, 0x0d, 0xff, 0xff, 0xa0, 0x00, 0x00, 0x00, 0x00, 0x00, 0x00,
    0x00, 0x00, 0x00, 0x00, 0x00, 0x00, 0xdf, 0xff, 0xfa, 0x00, 0x00, 0x00,
    0x00, 0x00, 0x00, 0x00, 0x00, 0x00, 0x00, 0x00, 0x00, 0x0d, 0xff, 0xff,
    0xa0, 0x00, 0x00, 0x00, 0x00, 0x00, 0x00, 0x00, 0x00, 0x00, 0x00, 0x00,
    0x00, 0xdf, 0xff, 0xfa, 0x00, 0x00, 0x00, 0x00, 0x00, 0x00, 0x00, 0x00,
    0x00, 0x00, 0x00, 0x00, 0x0d, 0xff, 0xff, 0xa0, 0x00, 0x00, 0x00, 0x00,
    0xcc, 0xcc, 0xcc, 0xcc, 0xcc, 0xcc, 0xcc, 0xcc, 0xcc, 0xcc, 0xc9, 0x00,
    0x00, 0x0e, 0xff, 0xff, 0xff, 0xff, 0xff, 0xff, 0xff, 0xff, 0xff, 0xff,
    0xb0, 0x00, 0x00, 0xef, 0xff, 0xff, 0xff, 0xff, 0xff, 0xff, 0xff, 0xff,
    0xff, 0xfb, 0x00, 0x00, 0x0e, 0xff, 0xff, 0xff, 0xff, 0xff, 0xff, 0xff,
    0xff, 0xff, 0xff, 0xb0, 0x00, 0x00, 0xef, 0xff, 0xfd, 0xcc, 0xcc, 0xcc,
    0xcc, 0xcc, 0xcc, 0xcc, 0xc9, 0x00, 0x00, 0x0e, 0xff, 0xff, 0x20, 0x00,
    0x00, 0x00, 0x00, 0x00, 0x00, 0x00, 0x00, 0x00, 0x00, 0xef, 0xff, 0xf2,
    0x00, 0x00, 0x00, 0x00, 0x00, 0x00, 0x00, 0x00, 0x00, 0x00, 0x0e, 0xff,
    0xff, 0x20, 0x00, 0x00, 0x00, 0x00, 0x00, 0x00, 0x00, 0x00, 0x00, 0x00,
    0xef, 0xff, 0xf2, 0x00, 0x00, 0x00, 0x00, 0x00, 0x00, 0x00, 0x00, 0x00,
    0x00, 0x0e, 0xff, 0xff, 0x20, 0x00, 0x00, 0x00, 0x00, 0x00, 0x00, 0x00,
    0x00, 0x00, 0x00, 0xef, 0xff, 0xf2, 0x00, 0x00, 0x00, 0x00, 0x00, 0x00,
    0x00, 0x00, 0x00, 0x00, 0x0e, 0xff, 0xff, 0x20, 0x00, 0x00, 0x00, 0x00,
    0x00, 0x00, 0x00, 0x00, 0x00, 0x00, 0xef, 0xff, 0xf2, 0x00, 0x00, 0x00,
    0x00, 0x00, 0x00, 0x00, 0x00, 0x00, 0x00, 0x0e, 0xff, 0xff, 0x20, 0x00,
    0x00, 0x00, 0x00, 0x00, 0x00, 0x00, 0x00, 0x00, 0x00, 0xef, 0xff, 0xf5,
    0x8b, 0xde, 0xdb, 0x97, 0x42, 0x00, 0x00, 0x00, 0x00, 0x00, 0x0e, 0xff,
    0xff, 0xff, 0xff, 0xff, 0xff, 0xff, 0xfc, 0x30, 0x00, 0x00, 0x00, 0x00,
    0xef, 0xff, 0xff, 0xff, 0xff, 0xff, 0xff, 0xff, 0xff, 0x91, 0x00, 0x00,
    0x00, 0x0e, 0xff, 0xff, 0xff, 0xff, 0xff, 0xff, 0xff, 0xff, 0xff, 0xe5,
    0x00, 0x00, 0x00, 0xef, 0xff, 0xff, 0xec, 0xbb, 0xdf, 0xff, 0xff, 0xff,
    0xff, 0xf4, 0x00, 0x00, 0x0e, 0xfd, 0x83, 0x10, 0x00, 0x00, 0x13, 0x7e,
    0xff, 0xff, 0xff, 0xd1, 0x00, 0x00, 0x73, 0x00, 0x00, 0x00, 0x00, 0x00,
    0x00, 0x19, 0xff, 0xff, 0xff, 0x90, 0x00, 0x00, 0x00, 0x00, 0x00, 0x00,
    0x00, 0x00, 0x00, 0x05, 0xff, 0xff, 0xff, 0x40, 0x00, 0x00, 0x00, 0x00,
    0x00, 0x00, 0x00, 0x00, 0x00, 0x09, 0xff, 0xff, 0xfc, 0x00, 0x00, 0x00,
    0x00, 0x00, 0x00, 0x00, 0x00, 0x00, 0x00, 0x1d, 0xff, 0xff, 0xe0, 0x00,
    0x00, 0x00, 0x00, 0x00, 0x00, 0x00, 0x00, 0x00, 0x00, 0x6f, 0xff, 0xff,
    0x20, 0x00, 0x00, 0x00, 0x00, 0x00, 0x00, 0x00, 0x00, 0x00, 0x03, 0xff,
    0xff, 0xf5, 0x00, 0x00, 0x00, 0x00, 0x00, 0x00, 0x00, 0x00, 0x00, 0x00,
    0x1f, 0xff, 0xff, 0x70, 0x00, 0x00, 0x00, 0x00, 0x00, 0x00, 0x00, 0x00,
    0x00, 0x00, 0xdf, 0xff, 0xfa, 0x00, 0x00, 0x00, 0x00, 0x00, 0x00, 0x00,
    0x00, 0x00, 0x00, 0x0d, 0xff, 0xff, 0x90, 0x00, 0x00, 0x00, 0x00, 0x00,
    0x00, 0x00, 0x00, 0x00, 0x01, 0xff, 0xff, 0xf7, 0x00, 0x00, 0x00, 0x00,
    0x00, 0x00, 0x00, 0x00, 0x00, 0x00, 0x4f, 0xff, 0xff, 0x40, 0x00, 0x00,
    0x00, 0x00, 0x00, 0x00, 0x00, 0x00, 0x00, 0x07, 0xff, 0xff, 0xf2, 0x00,
    0x00, 0x00, 0x00, 0x00, 0x00, 0x00, 0x00, 0x00, 0x02, 0xef, 0xff, 0xfe,
    0x00, 0x00, 0x00, 0x00, 0x00, 0x00, 0x00, 0x00, 0x00, 0x00, 0xbf, 0xff,
    0xff, 0xb0, 0x41, 0x00, 0x00, 0x00, 0x00, 0x00, 0x00, 0x00, 0x00, 0x7f,
    0xff, 0xff, 0xf3, 0x0a, 0xfa, 0x40, 0x00, 0x00, 0x00, 0x00, 0x00, 0x03,
    0xcf, 0xff, 0xff, 0xf7, 0x00, 0xaf, 0xff, 0xd8, 0x64, 0x20, 0x00, 0x13,
    0x6a, 0xff, 0xff, 0xff, 0xfc, 0x00, 0x0a, 0xff, 0xff, 0xff, 0xff, 0xfe,
    0xef, 0xff, 0xff, 0xff, 0xff, 0xfe, 0x20, 0x00, 0xaf, 0xff, 0xff, 0xff,
    0xff, 0xff, 0xff, 0xff, 0xff, 0xff, 0xfc, 0x30, 0x00, 0x0a, 0xff, 0xff,
    0xff, 0xff, 0xff, 0xff, 0xff, 0xff, 0xff, 0xd5, 0x00, 0x00, 0x00, 0x15,
    0x8c, 0xff, 0xff, 0xff, 0xff, 0xff, 0xff, 0xfd, 0x70, 0x00, 0x00, 0x00,
    0x00, 0x00, 0x01, 0x46, 0x79, 0xab, 0xb9, 0x75, 0x31, 0x00, 0x00, 0x00,
    0x00, 0x00, 0x00, 0x00, 0x00, 0x00, 0x00, 0x00, 0x00, 0x35, 0x68, 0x76,
    0x53, 0x10, 0x00, 0x00, 0x00, 0x00, 0x00, 0x00, 0x00, 0x00, 0x05, 0xae,
    0xff, 0xff, 0xff, 0xff, 0xfb, 0x73, 0x00, 0x00, 0x00, 0x00, 0x00, 0x00,
    0x04, 0xdf, 0xff, 0xff, 0xff, 0xff, 0xff, 0xff, 0xff, 0x70, 0x00, 0x00,
    0x00, 0x00, 0x01, 0x9f, 0xff, 0xff, 0xff, 0xff, 0xff, 0xff, 0xff, 0xff,
    0x70, 0x00, 0x00, 0x00, 0x00, 0x1b, 0xff, 0xff, 0xff, 0xff, 0xff, 0xff,
    0xff, 0xff, 0xff, 0x70, 0x00, 0x00, 0x00, 0x01, 0xbf, 0xff, 0xff, 0xfe,
    0xb9, 0x63, 0x24, 0x68, 0xbf, 0xff, 0x70, 0x00, 0x00, 0x00, 0x0a, 0xff,
    0xff, 0xff, 0x90, 0x00, 0x00, 0x00, 0x00, 0x01, 0x6c, 0x70, 0x00, 0x00,
    0x00, 0x5f, 0xff, 0xff, 0xe5, 0x00, 0x00, 0x00, 0x00, 0x00, 0x00, 0x00,
    0x00, 0x00, 0x00, 0x01, 0xef, 0xff, 0xfd, 0x30, 0x00, 0x00, 0x00, 0x00,
    0x00, 0x00, 0x00, 0x00, 0x00, 0x00, 0x08, 0xff, 0xff, 0xf5, 0x00, 0x00,
    0x00, 0x00, 0x00, 0x00, 0x00, 0x00, 0x00, 0x00, 0x00, 0x1e, 0xff, 0xff,
    0xd0, 0x00, 0x00, 0x00, 0x00, 0x00, 0x00, 0x00, 0x00, 0x00, 0x00, 0x00,
    0x6f, 0xff, 0xff, 0x50, 0x00, 0x00, 0x00, 0x00, 0x00, 0x00, 0x00, 0x00,
    0x00, 0x00, 0x00, 0xcf, 0xff, 0xfd, 0x00, 0x00, 0x00, 0x00, 0x00, 0x00,
    0x00, 0x00, 0x00, 0x00, 0x00, 0x01, 0xff, 0xff, 0xf7, 0x00, 0x00, 0x00,
    0x00, 0x00, 0x00, 0x00, 0x00, 0x00, 0x00, 0x00, 0x04, 0xff, 0xff, 0xf4,
    0x00, 0x00, 0x00, 0x00, 0x00, 0x00, 0x00, 0x00, 0x00, 0x00, 0x00, 0x07,
    0xff, 0xff, 0xf2, 0x00, 0x00, 0x37, 0xae, 0xdb, 0x85, 0x30, 0x00, 0x00,
    0x00, 0x00, 0x0a, 0xff, 0xff, 0xe0, 0x01, 0xae, 0xff, 0xff, 0xff, 0xff,
    0xfd, 0x40, 0x00, 0x00, 0x00, 0x0c, 0xff, 0xff, 0xc0, 0x1c, 0xff, 0xff,
    0xff, 0xff, 0xff, 0xff, 0xf9, 0x10, 0x00, 0x00, 0x0d, 0xff, 0xff, 0x92,
    0xdf, 0xff, 0xff, 0xff, 0xff, 0xff, 0xff, 0xff, 0xd4, 0x00, 0x00, 0x0e,
    0xff, 0xff, 0xae, 0xff, 0xff, 0xeb, 0x97, 0x9c, 0xef, 0xff, 0xff, 0xfe,
    0x10, 0x00, 0x0f, 0xff, 0xff, 0xff, 0xff, 0xf8, 0x00, 0x00, 0x00, 0x08,
    0xff, 0xff, 0xff, 0x90, 0x00, 0x1f, 0xff, 0xff, 0xff, 0xfe, 0x40, 0x00,
    0x00, 0x00, 0x00, 0x4e, 0xff, 0xff, 0xf3, 0x00, 0x1f, 0xff, 0xff, 0xff,
    0xf4, 0x00, 0x00, 0x00, 0x00, 0x00, 0x05, 0xff, 0xff, 0xfc, 0x00, 0x0f,
    0xff, 0xff, 0xff, 0xb0, 0x00, 0x00, 0x00, 0x00, 0x00, 0x00, 0xcf, 0xff,
    0xff, 0x40, 0x0e, 0xff, 0xff, 0xff, 0x30, 0x00, 0x00, 0x00, 0x00, 0x00,
    0x00, 0x4f, 0xff, 0xff, 0x60, 0x0e, 0xff, 0xff, 0xfd, 0x00, 0x00, 0x00,
    0x00, 0x00, 0x00, 0x00, 0x0e, 0xff, 0xff, 0x90, 0x0d, 0xff, 0xff, 0xfb,
    0x00, 0x00, 0x00, 0x00, 0x00, 0x00, 0x00, 0x0c, 0xff, 0xff, 0xb0, 0x0a,
    0xff, 0xff, 0xf9, 0x00, 0x00, 0x00, 0x00, 0x00, 0x00, 0x00, 0x0a, 0xff,
    0xff, 0xd0, 0x08, 0xff, 0xff, 0xf7, 0x00, 0x00, 0x00, 0x00, 0x00, 0x00,
    0x00, 0x08, 0xff, 0xff, 0xf1, 0x05, 0xff, 0xff, 0xf7, 0x00, 0x00, 0x00,
    0x00, 0x00, 0x00, 0x00, 0x08, 0xff, 0xff, 0xf0, 0x03, 0xff, 0xff, 0xfa,
    0x00, 0x00, 0x00, 0x00, 0x00, 0x00, 0x00, 0x0a, 0xff, 0xff, 0xd0, 0x00,
    0xdf, 0xff, 0xfc, 0x00, 0x00, 0x00, 0x00, 0x00, 0x00, 0x00, 0x0c, 0xff,
    0xff, 0xa0, 0x00, 0x9f, 0xff, 0xfe, 0x00, 0x00, 0x00, 0x00, 0x00, 0x00,
    0x00, 0x0e, 0xff, 0xff, 0x80, 0x00, 0x4f, 0xff, 0xff, 0x50, 0x00, 0x00,
    0x00, 0x00, 0x00, 0x00, 0x5f, 0xff, 0xff, 0x50, 0x00, 0x0d, 0xff, 0xff,
    0xc0, 0x00, 0x00, 0x00, 0x00, 0x00, 0x00, 0xdf, 0xff, 0xff, 0x20, 0x00,
    0x05, 0xff, 0xff, 0xf6, 0x00, 0x00, 0x00, 0x00, 0x00, 0x07, 0xff, 0xff,
    0xf9, 0x00, 0x00, 0x00, 0xcf, 0xff, 0xff, 0x70, 0x00, 0x00, 0x00, 0x00,
    0x7f, 0xff, 0xff, 0xd1, 0x00, 0x00, 0x00, 0x4f, 0xff, 0xff, 0xfa, 0x20,
    0x00, 0x00, 0x3b, 0xff, 0xff, 0xff, 0x50, 0x00, 0x00, 0x00, 0x05, 0xff,
    0xff, 0xff, 0xfe, 0xc9, 0xce, 0xff, 0xff, 0xff, 0xfa, 0x00, 0x00, 0x00,
    0x00, 0x00, 0x7f, 0xff, 0xff, 0xff, 0xff, 0xff, 0xff, 0xff, 0xff, 0x91,
    0x00, 0x00, 0x00, 0x00, 0x00, 0x04, 0xdf, 0xff, 0xff, 0xff, 0xff, 0xff,
    0xff, 0xd4, 0x00, 0x00, 0x00, 0x00, 0x00, 0x00, 0x00, 0x18, 0xdf, 0xff,
    0xff, 0xff, 0xff, 0xe8, 0x10, 0x00, 0x00, 0x00, 0x00, 0x00, 0x00, 0x00,
    0x00, 0x03, 0x79, 0xab, 0x97, 0x42, 0x00, 0x00, 0x00, 0x00, 0x00, 0x5c,
    0xcc, 0xcc, 0xcc, 0xcc, 0xcc, 0xcc, 0xcc, 0xcc, 0xcc, 0xcc, 0xcc, 0xcc,
    0xa6, 0xff, 0xff, 0xff, 0xff, 0xff, 0xff, 0xff, 0xff, 0xff, 0xff, 0xff,
    0xff, 0xfd, 0x6f, 0xff, 0xff, 0xff, 0xff, 0xff, 0xff, 0xff, 0xff, 0xff,
    0xff, 0xff, 0xff, 0xc6, 0xff, 0xff, 0xff, 0xff, 0xff, 0xff, 0xff, 0xff,
    0xff, 0xff, 0xff, 0xff, 0xf7, 0x5c, 0xcc, 0xcc, 0xcc, 0xcc, 0xcc, 0xcc,
    0xcc, 0xcc, 0xcc, 0xff, 0xff, 0xff, 0x10, 0x00, 0x00, 0x00, 0x00, 0x00,
    0x00, 0x00, 0x00, 0x00, 0x1f, 0xff, 0xff, 0xa0, 0x00, 0x00, 0x00, 0x00,
    0x00, 0x00, 0x00, 0x00, 0x00, 0x07, 0xff, 0xff, 0xf5, 0x00, 0x00, 0x00,
    0x00, 0x00, 0x00, 0x00, 0x00, 0x00, 0x00, 0xcf, 0xff, 0xfe, 0x00, 0x00,
    0x00, 0x00, 0x00, 0x00, 0x00, 0x00, 0x00, 0x00, 0x3f, 0xff, 0xff, 0x80,
    0x00, 0x00, 0x00, 0x00, 0x00, 0x00, 0x00, 0x00, 0x00, 0x09, 0xff, 0xff,
    0xf2, 0x00, 0x00, 0x00, 0x00, 0x00, 0x00, 0x00, 0x00, 0x00, 0x01, 0xef,
    0xff, 0xfc, 0x00, 0x00, 0x00, 0x00, 0x00, 0x00, 0x00, 0x00, 0x00, 0x00,
    0x6f, 0xff, 0xff, 0x60, 0x00, 0x00, 0x00, 0x00, 0x00, 0x00, 0x00, 0x00,
    0x00, 0x0b, 0xff, 0xff, 0xe1, 0x00, 0x00, 0x00, 0x00, 0x00, 0x00, 0x00,
    0x00, 0x00, 0x02, 0xff, 0xff, 0xf9, 0x00, 0x00, 0x00, 0x00, 0x00, 0x00,
    0x00, 0x00, 0x00, 0x00, 0x8f, 0xff, 0xff, 0x30, 0x00, 0x00, 0x00, 0x00,
    0x00, 0x00, 0x00, 0x00, 0x00, 0x0e, 0xff, 0xff, 0xd0, 0x00, 0x00, 0x00,
    0x00, 0x00, 0x00, 0x00, 0x00, 0x00, 0x05, 0xff, 0xff, 0xf7, 0x00, 0x00,
    0x00, 0x00, 0x00, 0x00, 0x00, 0x00, 0x00, 0x00, 0xaf, 0xff, 0xff, 0x10,
    0x00, 0x00, 0x00, 0x00, 0x00, 0x00, 0x00, 0x00, 0x00, 0x1f, 0xff, 0xff,
    0xa0, 0x00, 0x00, 0x00, 0x00, 0x00, 0x00, 0x00, 0x00, 0x00, 0x07, 0xff,
    0xff, 0xf5, 0x00, 0x00, 0x00, 0x00, 0x00, 0x00, 0x00, 0x00, 0x00, 0x00,
    0xdf, 0xff, 0xfe, 0x00, 0x00, 0x00, 0x00, 0x00, 0x00, 0x00, 0x00, 0x00,
    0x00, 0x3f, 0xff, 0xff, 0x80, 0x00, 0x00, 0x00, 0x00, 0x00, 0x00, 0x00,
    0x00, 0x00, 0x09, 0xff, 0xff, 0xf2, 0x00, 0x00, 0x00, 0x00, 0x00, 0x00,
    0x00, 0x00, 0x00, 0x01, 0xef, 0xff, 0xfb, 0x00, 0x00, 0x00, 0x00, 0x00,
    0x00, 0x00, 0x00, 0x00, 0x00, 0x6f, 0xff, 0xff, 0x60, 0x00, 0x00, 0x00,
    0x00, 0x00, 0x00, 0x00, 0x00, 0x00, 0x0c, 0xff, 0xff, 0xe1, 0x00, 0x00,
    0x00, 0x00, 0x00, 0x00, 0x00, 0x00, 0x00, 0x02, 0xff, 0xff, 0xf9, 0x00,
    0x00, 0x00, 0x00, 0x00, 0x00, 0x00, 0x00, 0x00, 0x00, 0x8f, 0xff, 0xff,
    0x30, 0x00, 0x00, 0x00, 0x00, 0x00, 0x00, 0x00, 0x00, 0x00, 0x0e, 0xff,
    0xff, 0xd0, 0x00, 0x00, 0x00, 0x00, 0x00, 0x00, 0x00, 0x00, 0x00, 0x05,
    0xff, 0xff, 0xf7, 0x00, 0x00, 0x00, 0x00, 0x00, 0x00, 0x00, 0x00, 0x00,
    0x00, 0xaf, 0xff, 0xff, 0x10, 0x00, 0x00, 0x00, 0x00, 0x00, 0x00, 0x00,
    0x00, 0x00, 0x1f, 0xff, 0xff, 0xa0, 0x00, 0x00, 0x00, 0x00, 0x00, 0x00,
    0x00, 0x00, 0x00, 0x07, 0xff, 0xff, 0xf4, 0x00, 0x00, 0x00, 0x00, 0x00,
    0x00, 0x00, 0x00, 0x00, 0x00, 0xdf, 0xff, 0xfd, 0x00, 0x00, 0x00, 0x00,
    0x00, 0x00, 0x00, 0x00, 0x00, 0x00, 0x4f, 0xff, 0xff, 0x80, 0x00, 0x00,
    0x00, 0x00, 0x00, 0x00, 0x00, 0x00, 0x00, 0x09, 0xff, 0xff, 0xf2, 0x00,
    0x00, 0x00, 0x00, 0x00, 0x00, 0x00, 0x00, 0x00, 0x01, 0xef, 0xff, 0xfb,
    0x00, 0x00, 0x00, 0x00, 0x00, 0x00, 0x00, 0x00, 0x00, 0x00, 0x6f, 0xff,
    0xff, 0x60, 0x00, 0x00, 0x00, 0x00, 0x00, 0x00, 0x00, 0x00, 0x00, 0x0c,
    0xff, 0xff, 0xe1, 0x00, 0x00, 0x00, 0x00, 0x00, 0x00, 0x00, 0x00, 0x00,
    0x03, 0xff, 0xff, 0xf9, 0x00, 0x00, 0x00, 0x00, 0x00, 0x00, 0x00, 0x00,
    0x00, 0x00, 0x8f, 0xff, 0xff, 0x30, 0x00, 0x00, 0x00, 0x00, 0x00, 0x00,
    0x00, 0x00, 0x00, 0x00, 0x00, 0x00, 0x02, 0x46, 0x87, 0x53, 0x10, 0x00,
    0x00, 0x00, 0x00, 0x00, 0x00, 0x00, 0x00, 0x06, 0xdf, 0xff, 0xff, 0xff,
    0xff, 0xeb, 0x30, 0x00, 0x00, 0x00, 0x00, 0x00, 0x00, 0x6d, 0xff, 0xff,
    0xff, 0xff, 0xff, 0xff, 0xff, 0xa3, 0x00, 0x00, 0x00, 0x00, 0x01, 0xcf,
    0xff, 0xff, 0xff, 0xff, 0xff, 0xff, 0xff, 0xff, 0xf8, 0x00, 0x00, 0x00,
    0x00, 0xbf, 0xff, 0xff, 0xff, 0xff, 0xde, 0xff, 0xff, 0xff, 0xff, 0xf5,
    0x00, 0x00, 0x00, 0x7f, 0xff, 0xff, 0xfd, 0x52, 0x00, 0x01, 0x38, 0xff,
    0xff, 0xff, 0xe2, 0x00, 0x00, 0x4f, 0xff, 0xff, 0xf7, 0x00, 0x00, 0x00,
    0x00, 0x02, 0xbf, 0xff, 0xff, 0xc0, 0x00, 0x08, 0xff, 0xff, 0xf9, 0x00,
    0x00, 0x00, 0x00, 0x00, 0x01, 0xef, 0xff, 0xff, 0x20, 0x00, 0xbf, 0xff,
    0xfd, 0x10, 0x00, 0x00, 0x00, 0x00, 0x00, 0x05, 0xff, 0xff, 0xf5, 0x00,
    0x0e, 0xff, 0xff, 0x90, 0x00, 0x00, 0x00, 0x00, 0x00, 0x00, 0x0f, 0xff,
    0xff, 0x80, 0x02, 0xff, 0xff, 0xf7, 0x00, 0x00, 0x00, 0x00, 0x00, 0x00,
    0x00, 0xcf, 0xff, 0xfb, 0x00, 0x3f, 0xff, 0xff, 0x40, 0x00, 0x00, 0x00,
    0x00, 0x00, 0x00, 0x0a, 0xff, 0xff, 0xc0, 0x00, 0xff, 0xff, 0xf6, 0x00,
    0x00, 0x00, 0x00, 0x00, 0x00, 0x00, 0xcf, 0xff, 0xf9, 0x00, 0x0d, 0xff,
    0xff, 0x90, 0x00, 0x00, 0x00, 0x00, 0x00, 0x00, 0x0e, 0xff, 0xff, 0x70,
    0x00, 0x9f, 0xff, 0xfd, 0x00, 0x00, 0x00, 0x00, 0x00, 0x00, 0x04, 0xff,
    0xff, 0xf3, 0x00, 0x02, 0xef, 0xff, 0xf8, 0x00, 0x00, 0x00, 0x00, 0x00,
    0x01, 0xdf, 0xff, 0xfa, 0x00, 0x00, 0x08, 0xff, 0xff, 0xf6, 0x00, 0x00,
    0x00, 0x00, 0x01, 0xbf, 0xff, 0xff, 0x20, 0x00, 0x00, 0x09, 0xff, 0xff,
    0xfc, 0x41, 0x00, 0x00, 0x27, 0xef, 0xff, 0xfe, 0x40, 0x00, 0x00, 0x00,
    0x07, 0xff, 0xff, 0xff, 0xfe, 0xcc, 0xef, 0xff, 0xff, 0xfd, 0x30, 0x00,
    0x00, 0x00, 0x00, 0x02, 0x8e, 0xff, 0xff, 0xff, 0xff, 0xff, 0xff, 0xc6,
    0x10, 0x00, 0x00, 0x00, 0x00, 0x00, 0x01, 0x7f, 0xff, 0xff, 0xff, 0xff,
    0xff, 0xd4, 0x00, 0x00, 0x00, 0x00, 0x00, 0x00, 0x3a, 0xff, 0xff, 0xff,
    0xff, 0xff, 0xff, 0xff, 0xfd, 0x81, 0x00, 0x00, 0x00, 0x00, 0x5e, 0xff,
    0xff, 0xff, 0xec, 0xab, 0xdf, 0xff, 0xff, 0xff, 0xc2, 0x00, 0x00, 0x00,
    0x7f, 0xff, 0xff, 0xf9, 0x20, 0x00, 0x00, 0x04, 0xcf, 0xff, 0xff, 0xd3,
    0x00, 0x00, 0x4f, 0xff, 0xff, 0xc3, 0x00, 0x00, 0x00, 0x00, 0x00, 0x6f,
    0xff, 0xff, 0xd0, 0x00, 0x0d, 0xff, 0xff, 0xe2, 0x00, 0x00, 0x00, 0x00,
    0x00, 0x00, 0x7f, 0xff, 0xff, 0x70, 0x06, 0xff, 0xff, 0xf6, 0x00, 0x00,
    0x00, 0x00, 0x00, 0x00, 0x00, 0xcf, 0xff, 0xfe, 0x10, 0xbf, 0xff, 0xfd,
    0x00, 0x00, 0x00, 0x00, 0x00, 0x00, 0x00, 0x04, 0xff, 0xff, 0xf5, 0x0d,
    0xff, 0xff, 0xa0, 0x00, 0x00, 0x00, 0x00, 0x00, 0x00, 0x00, 0x1f, 0xff,
    0xff, 0x71, 0xff, 0xff, 0xf8, 0x00, 0x00, 0x00, 0x00, 0x00, 0x00, 0x00,
    0x00, 0xdf, 0xff, 0xfa, 0x2f, 0xff, 0xff, 0x60, 0x00, 0x00, 0x00, 0x00,
    0x00, 0x00, 0x00, 0x0b, 0xff, 0xff, 0xb1, 0xff, 0xff, 0xf8, 0x00, 0x00,
    0x00, 0x00, 0x00, 0x00, 0x00, 0x00, 0xdf, 0xff, 0xf9, 0x0d, 0xff, 0xff,
    0xa0, 0x00, 0x00, 0x00, 0x00, 0x00, 0x00, 0x00, 0x1f, 0xff, 0xff, 0x70,
    0xaf, 0xff, 0xfd, 0x00, 0x00, 0x00, 0x00, 0x00, 0x00, 0x00, 0x04, 0xff,
    0xff, 0xf4, 0x08, 0xff, 0xff, 0xf6, 0x00, 0x00, 0x00, 0x00, 0x00, 0x00,
    0x00, 0xbf, 0xff, 0xff, 0x20, 0x5f, 0xff, 0xff, 0xe2, 0x00, 0x00, 0x00,
    0x00, 0x00, 0x00, 0x7f, 0xff, 0xff, 0xe0, 0x00, 0xbf, 0xff, 0xff, 0xc3,
    0x00, 0x00, 0x00, 0x00, 0x00, 0x6e, 0xff, 0xff, 0xf6, 0x00, 0x02, 0xef,
    0xff, 0xff, 0xf9, 0x10, 0x00, 0x00, 0x04, 0xcf, 0xff, 0xff, 0xfa, 0x00,
    0x00, 0x06, 0xff, 0xff, 0xff, 0xff, 0xec, 0x9a, 0xdf, 0xff, 0xff, 0xff,
    0xfd, 0x10, 0x00, 0x00, 0x09, 0xff, 0xff, 0xff, 0xff, 0xff, 0xff, 0xff,
    0xff, 0xff, 0xfe, 0x40, 0x00, 0x00, 0x00, 0x03, 0xbf, 0xff, 0xff, 0xff,
    0xff, 0xff, 0xff, 0xff, 0xe8, 0x10, 0x00, 0x00, 0x00, 0x00, 0x00, 0x4c,
    0xff, 0xff, 0xff, 0xff, 0xff, 0xff, 0x92, 0x00, 0x00, 0x00, 0x00, 0x00,
    0x00, 0x00, 0x01, 0x35, 0x79, 0xbb, 0x97, 0x53, 0x10, 0x00, 0x00, 0x00,
    0x00, 0x00, 0x00, 0x00, 0x00, 0x00, 0x02, 0x47, 0x86, 0x53, 0x00, 0x00,
    0x00, 0x00, 0x00, 0x00, 0x00, 0x00, 0x00, 0x18, 0xce, 0xff, 0xff, 0xff,
    0xfd, 0x82, 0x00, 0x00, 0x00, 0x00, 0x00, 0x00, 0x00, 0x4d, 0xff, 0xff,
    0xff, 0xff, 0xff, 0xff, 0xe7, 0x00, 0x00, 0x00, 0x00, 0x00, 0x01, 0x9f,
    0xff, 0xff, 0xff, 0xff, 0xff, 0xff, 0xff, 0xfb, 0x10, 0x00, 0x00, 0x00,
    0x01, 0xdf, 0xff, 0xff, 0xff, 0xfe, 0xdf, 0xff, 0xff, 0xff, 0xfb, 0x00,
    0x00, 0x00, 0x00, 0x8f, 0xff, 0xff, 0xfa, 0x52, 0x00, 0x14, 0x8f, 0xff,
    0xff, 0xf9, 0x00, 0x00, 0x00, 0x3f, 0xff, 0xff, 0xf7, 0x00, 0x00, 0x00,
    0x00, 0x4d, 0xff, 0xff, 0xf4, 0x00, 0x00, 0x0c, 0xff, 0xff, 0xf4, 0x00,
    0x00, 0x00, 0x00, 0x00, 0x1d, 0xff, 0xff, 0xc0, 0x00, 0x06, 0xff, 0xff,
    0xfa, 0x00, 0x00, 0x00, 0x00, 0x00, 0x00, 0x6f, 0xff, 0xff, 0x60, 0x00,
    0xaf, 0xff, 0xff, 0x20, 0x00, 0x00, 0x00, 0x00, 0x00, 0x00, 0xcf, 0xff,
    0xfc, 0x00, 0x0d, 0xff, 0xff, 0xa0, 0x00, 0x00, 0x00, 0x00, 0x00, 0x00,
    0x05, 0xff, 0xff, 0xf2, 0x00, 0xff, 0xff, 0xf7, 0x00, 0x00, 0x00, 0x00,
    0x00, 0x00, 0x00, 0x3f, 0xff, 0xff, 0x60, 0x3f, 0xff, 0xff, 0x50, 0x00,
    0x00, 0x00, 0x00, 0x00, 0x00, 0x01, 0xff, 0xff, 0xfb, 0x05, 0xff, 0xff,
    0xf3, 0x00, 0x00, 0x00, 0x00, 0x00, 0x00, 0x00, 0x0e, 0xff, 0xff, 0xe0,
    0x6f, 0xff, 0xff, 0x20, 0x00, 0x00, 0x00, 0x00, 0x00, 0x00, 0x00, 0xcf,
    0xff, 0xff, 0x14, 0xff, 0xff, 0xf4, 0x00, 0x00, 0x00, 0x00, 0x00, 0x00,
    0x00, 0x0e, 0xff, 0xff, 0xf4, 0x2f, 0xff, 0xff, 0x60, 0x00, 0x00, 0x00,
    0x00, 0x00, 0x00, 0x01, 0xff, 0xff, 0xff, 0x60, 0xff, 0xff, 0xf8, 0x00,
    0x00, 0x00, 0x00, 0x00, 0x00, 0x00, 0x3f, 0xff, 0xff, 0xf7, 0x0c, 0xff,
    0xff, 0xb0, 0x00, 0x00, 0x00, 0x00, 0x00, 0x00, 0x07, 0xff, 0xff, 0xff,
    0x80, 0xaf, 0xff, 0xff, 0x40, 0x00, 0x00, 0x00, 0x00, 0x00, 0x01, 0xef,
    0xff, 0xff, 0xf9, 0x05, 0xff, 0xff, 0xfc, 0x00, 0x00, 0x00, 0x00, 0x00,
    0x00, 0x8f, 0xff, 0xff, 0xff, 0xa0, 0x0b, 0xff, 0xff, 0xf8, 0x00, 0x00,
    0x00, 0x00, 0x00, 0x5f, 0xff, 0xff, 0xff, 0xfa, 0x00, 0x2f, 0xff, 0xff,
    0xfb, 0x20, 0x00, 0x00, 0x00, 0x8f, 0xff, 0xff, 0xff, 0xff, 0xa0, 0x00,
    0x8f, 0xff, 0xff, 0xfe, 0xa7, 0x43, 0x69, 0xdf, 0xff, 0xfd, 0xef, 0xff,
    0xf9, 0x00, 0x01, 0xbf, 0xff, 0xff, 0xff, 0xff, 0xff, 0xff, 0xff, 0xfc,
    0x1f, 0xff, 0xff, 0x80, 0x00, 0x00, 0x6e, 0xff, 0xff, 0xff, 0xff, 0xff,
    0xff, 0xfb, 0x12, 0xff, 0xff, 0xf7, 0x00, 0x00, 0x00, 0x2b, 0xff, 0xff,
    0xff, 0xff, 0xff, 0xf9, 0x00, 0x5f, 0xff, 0xff, 0x50, 0x00, 0x00, 0x00,
    0x04, 0x79, 0xce, 0xff, 0xb8, 0x41, 0x00, 0x07, 0xff, 0xff, 0xf2, 0x00,
    0x00, 0x00, 0x00, 0x00, 0x00, 0x02, 0x00, 0x00, 0x00, 0x00, 0x9f, 0xff,
    0xfe, 0x00, 0x00, 0x00, 0x00, 0x00, 0x00, 0x00, 0x00, 0x00, 0x00, 0x00,
    0x0c, 0xff, 0xff, 0xb0, 0x00, 0x00, 0x00, 0x00, 0x00, 0x00, 0x00, 0x00,
    0x00, 0x00, 0x03, 0xff, 0xff, 0xf7, 0x00, 0x00, 0x00, 0x00, 0x00, 0x00,
    0x00, 0x00, 0x00, 0x00, 0x00, 0xaf, 0xff, 0xff, 0x10, 0x00, 0x00, 0x00,
    0x00, 0x00, 0x00, 0x00, 0x00, 0x00, 0x00, 0x2f, 0xff, 0xff, 0xa0, 0x00,
    0x00, 0x00, 0x00, 0x00, 0x00, 0x00, 0x00, 0x00, 0x00, 0x09, 0xff, 0xff,
    0xf4, 0x00, 0x00, 0x00, 0x00, 0x00, 0x00, 0x00, 0x00, 0x00, 0x00, 0x04,
    0xff, 0xff, 0xfb, 0x00, 0x00, 0x00, 0x00, 0x00, 0x00, 0x00, 0x00, 0x00,
    0x00, 0x07, 0xff, 0xff, 0xfe, 0x20, 0x00, 0x00, 0x09, 0x61, 0x00, 0x00,
    0x00, 0x00, 0x00, 0x1a, 0xff, 0xff, 0xff, 0x70, 0x00, 0x00, 0x00, 0xdf,
    0xfa, 0x64, 0x20, 0x01, 0x36, 0x9d, 0xff, 0xff, 0xff, 0xa0, 0x00, 0x00,
    0x00, 0x0d, 0xff, 0xff, 0xff, 0xfd, 0xff, 0xff, 0xff, 0xff, 0xff, 0xa0,
    0x00, 0x00, 0x00, 0x00, 0xdf, 0xff, 0xff, 0xff, 0xff, 0xff, 0xff, 0xff,
    0xff, 0x90, 0x00, 0x00, 0x00, 0x00, 0x0d, 0xff, 0xff, 0xff, 0xff, 0xff,
    0xff, 0xff, 0xfd, 0x40, 0x00, 0x00, 0x00, 0x00, 0x00, 0x38, 0xcf, 0xff,
    0xff, 0xff, 0xff, 0xff, 0xb6, 0x00, 0x00, 0x00, 0x00, 0x00, 0x00, 0x00,
    0x00, 0x15, 0x79, 0xab, 0xb9, 0x86, 0x20, 0x00, 0x00, 0x00, 0x00, 0x00,
    0x00, 0x29, 0x99, 0x99, 0x99, 0x99, 0x99, 0x99, 0x94, 0x4f, 0xff, 0xff,
    0xff, 0xff, 0xff, 0xff, 0xf7, 0x4f, 0xff, 0xff, 0xff, 0xff, 0xff, 0xff,
    0xf7, 0x4f, 0xff, 0xff, 0xff, 0xff, 0xff, 0xff, 0xf7, 0x4e, 0xee, 0xee,
    0xee, 0xee, 0xee, 0xee, 0xe6, 0x00, 0x00, 0x00, 0x14, 0x77, 0x41, 0x00,
    0x00, 0x00, 0x00, 0x00, 0x3c, 0xff, 0xff, 0xff, 0xb2, 0x00, 0x00, 0x00,
    0x07, 0xff, 0xff, 0xff, 0xff, 0xfe, 0x60, 0x00, 0x00, 0x7f, 0xff, 0xff,
    0xff, 0xff, 0xff, 0xf7, 0x00, 0x03, 0xff, 0xff, 0xa4, 0x11, 0x4a, 0xff,
    0xff, 0x30, 0x0c, 0xff, 0xf6, 0x00, 0x00, 0x00, 0x6f, 0xff, 0xc0, 0x3f,
    0xff, 0x90, 0x00, 0x00, 0x00, 0x0a, 0xff, 0xf2, 0x5f, 0xff, 0x20, 0x00,
    0x00, 0x00, 0x02, 0xff, 0xf5, 0x8f, 0xfe, 0x00, 0x00, 0x00, 0x00, 0x00,
    0xef, 0xf8, 0x9f, 0xfd, 0x00, 0x00, 0x00, 0x00, 0x00, 0xdf, 0xf9, 0x6f,
    0xff, 0x10, 0x00, 0x00, 0x00, 0x01, 0xff, 0xf6, 0x4f, 0xff, 0x60, 0x00,
    0x00, 0x00, 0x06, 0xff, 0xf3, 0x1e, 0xff, 0xe2, 0x00, 0x00, 0x00, 0x2e,
    0xff, 0xe1, 0x07, 0xff, 0xfe, 0x50, 0x00, 0x05, 0xef, 0xff, 0x50, 0x00,
    0xbf, 0xff, 0xfe, 0xbb, 0xef, 0xff, 0xfa, 0x00, 0x00, 0x2c, 0xff, 0xff,
    0xff, 0xff, 0xff, 0xb1, 0x00, 0x00, 0x00, 0x7f, 0xff, 0xff, 0xff, 0xe6,
    0x00, 0x00, 0x00, 0x00, 0x02, 0x58, 0xba, 0x85, 0x10, 0x00, 0x00, 0x00,
    0x00, 0x00, 0x00, 0x00, 0x00, 0x00, 0x05, 0x00, 0x3c, 0x0e, 0x04, 0x0b,
    0x01, 0xf5, 0x06, 0x00, 0x52, 0x0e, 0x05, 0x05, 0x01, 0xf5, 0x07, 0x00,
    0x5f, 0x0e, 0x0b, 0x0b, 0x00, 0xf5, 0x0c, 0x00, 0x9c, 0x0e, 0x08, 0x0e,
    0x01, 0xf5, 0x0a, 0x00, 0xd4, 0x0e, 0x0e, 0x0c, 0x00, 0xf5, 0x0e, 0x00,
    0x28, 0x0f, 0x0c, 0x0c, 0x00, 0xf5, 0x0c, 0x00, 0x70, 0x0f, 0x02, 0x05,
    0x01, 0xf5, 0x04, 0x00, 0x75, 0x0f, 0x05, 0x0d, 0x01, 0xf5, 0x06, 0x00,
    0x96, 0x0f, 0x05, 0x0d, 0x01, 0xf5, 0x06, 0x00, 0xb7, 0x0f, 0x08, 0x08,
    0x00, 0xf5, 0x07, 0x00, 0xd7, 0x0f, 0x0a, 0x09, 0x01, 0xf7, 0x0c, 0x00,
    0x04, 0x10, 0x04, 0x05, 0x00, 0xfd, 0x05, 0x00, 0x0e, 0x10, 0x06, 0x03,
    0x00, 0xfa, 0x06, 0x00, 0x17, 0x10, 0x03, 0x03, 0x01, 0xfd, 0x05, 0x00,
    0x1c, 0x10, 0x06, 0x0d, 0x00, 0xf5, 0x05, 0x00, 0x43, 0x10, 0x0a, 0x0c,
    0x00, 0xf5, 0x0a, 0x00, 0x7f, 0x10, 0x08, 0x0b, 0x01, 0xf5, 0x0a, 0x00,
    0xab, 0x10, 0x08, 0x0b, 0x01, 0xf5, 0x0a, 0x00, 0xd7, 0x10, 0x09, 0x0c,
    0x00, 0xf5, 0x0a, 0x00, 0x0d, 0x11, 0x0a, 0x0b, 0x00, 0xf5, 0x0a, 0x00,
    0x44, 0x11, 0x08, 0x0c, 0x01, 0xf5, 0x0a, 0x00, 0x74, 0x11, 0x09, 0x0c,
    0x00, 0xf5, 0x0a, 0x00, 0xaa, 0x11, 0x09, 0x0b, 0x00, 0xf5, 0x0a, 0x00,
    0xdc, 0x11, 0x09, 0x0c, 0x00, 0xf5, 0x0a, 0x00, 0x12, 0x12, 0x09, 0x0c,
    0x00, 0xf5, 0x0a, 0x00, 0x48, 0x12, 0x04, 0x08, 0x01, 0xf8, 0x06, 0x00,
    0x58, 0x12, 0x05, 0x0a, 0x00, 0xf8, 0x06, 0x00, 0x71, 0x12, 0x0a, 0x09,
    0x01, 0xf7, 0x0c, 0x00, 0x9e, 0x12, 0x0a, 0x05, 0x01, 0xf9, 0x0c, 0x00,
    0xb7, 0x12, 0x0a, 0x09, 0x01, 0xf7, 0x0c, 0x00, 0xe4, 0x12, 0x08, 0x0b,
    0x00, 0xf5, 0x08, 0x00, 0x10, 0x13, 0x0e, 0x0d, 0x00, 0xf6, 0x0e, 0x00,
    0x6b, 0x13, 0x0b, 0x0b, 0x00, 0xf5, 0x0b, 0x00, 0xa8, 0x13, 0x09, 0x0b,
    0x01, 0xf5, 0x0b, 0x00, 0xda, 0x13, 0x0a, 0x0c, 0x00, 0xf5, 0x0a, 0x00,
    0x16, 0x14, 0x0a, 0x0b, 0x01, 0xf5, 0x0c, 0x00, 0x4d, 0x14, 0x08, 0x0b,
    0x01, 0xf5, 0x0a, 0x00, 0x79, 0x14, 0x08, 0x0b, 0x01, 0xf5, 0x0a, 0x00,
    0xa5, 0x14, 0x0b, 0x0c, 0x00, 0xf5, 0x0b, 0x00, 0xe7, 0x14, 0x0a, 0x0b,
    0x01, 0xf5, 0x0c, 0x00, 0x1e, 0x15, 0x03, 0x0b, 0x01, 0xf5, 0x05, 0x00,
    0x2f, 0x15, 0x05, 0x0e, 0xff, 0xf5, 0x05, 0x00, 0x52, 0x15, 0x0b, 0x0b,
    0x01, 0xf5, 0x0b, 0x00, 0x8f, 0x15, 0x08, 0x0b, 0x01, 0xf5, 0x09, 0x00,
    0xbb, 0x15, 0x0c, 0x0b, 0x01, 0xf5, 0x0e, 0x00, 0xfd, 0x15, 0x0a, 0x0b,
    0x01, 0xf5, 0x0c, 0x00, 0x34, 0x16, 0x0c, 0x0c, 0x00, 0xf5, 0x0c, 0x00,
    0x7c, 0x16, 0x09, 0x0b, 0x01, 0xf5, 0x0a, 0x00, 0xae, 0x16, 0x0c, 0x0e,
    0x00, 0xf5, 0x0c, 0x00, 0x02, 0x17, 0x0a, 0x0b, 0x01, 0xf5, 0x0b, 0x00,
    0x39, 0x17, 0x09, 0x0c, 0x01, 0xf5, 0x0a, 0x00, 0x6f, 0x17, 0x0a, 0x0b,
    0x00, 0xf5, 0x0a, 0x00, 0xa6, 0x17, 0x0a, 0x0c, 0x01, 0xf5, 0x0b, 0x00,
    0xe2, 0x17, 0x0b, 0x0b, 0x00, 0xf5, 0x0b, 0x00, 0x1f, 0x18, 0x10, 0x0b,
    0x00, 0xf5, 0x0f, 0x00, 0x77, 0x18, 0x0b, 0x0b, 0x00, 0xf5, 0x0b, 0x00,
    0xb4, 0x18, 0x0c, 0x0b, 0xff, 0xf5, 0x0a, 0x00, 0xf6, 0x18, 0x0a, 0x0b,
    0x00, 0xf5, 0x0a, 0x00, 0x2d, 0x19, 0x05, 0x0d, 0x01, 0xf5, 0x06, 0x00,
    0x4e, 0x19, 0x06, 0x0d, 0x00, 0xf5, 0x05, 0x00, 0x75, 0x19, 0x06, 0x0d,
    0x00, 0xf5, 0x06, 0x00, 0x9c, 0x19, 0x0a, 0x05, 0x01, 0xf5, 0x0c, 0x00,
    0xb5, 0x19, 0x07, 0x02, 0x00, 0x02, 0x07, 0x00, 0xbc, 0x19, 0x05, 0x04,
    0x00, 0xf4, 0x07, 0x00, 0xc6, 0x19, 0x09, 0x09, 0x00, 0xf8, 0x09, 0x00,
    0xef, 0x19, 0x09, 0x0c, 0x01, 0xf5, 0x0a, 0x00, 0x25, 0x1a, 0x08, 0x09,
    0x00, 0xf8, 0x08, 0x00, 0x49, 0x1a, 0x09, 0x0c, 0x00, 0xf5, 0x0a, 0x00,
    0x7f, 0x1a, 0x09, 0x09, 0x00, 0xf8, 0x09, 0x00, 0xa8, 0x1a, 0x07, 0x0b,
    0x00, 0xf5, 0x06, 0x00, 0xcf, 0x1a, 0x09, 0x0c, 0x00, 0xf8, 0x0a, 0x00,
    0x05, 0x1b, 0x08, 0x0b, 0x01, 0xf5, 0x0a, 0x00, 0x31, 0x1b, 0x03, 0x0b,
    0x01, 0xf5, 0x05, 0x00, 0x42, 0x1b, 0x05, 0x0f, 0xff, 0xf5, 0x05, 0x00,
    0x68, 0x1b, 0x09, 0x0b, 0x01, 0xf5, 0x09, 0x00, 0x9a, 0x1b, 0x03, 0x0b,
    0x01, 0xf5, 0x05, 0x00, 0xab, 0x1b, 0x0d, 0x08, 0x01, 0xf8, 0x0f, 0x00,
    0xdf, 0x1b, 0x08, 0x08, 0x01, 0xf8, 0x0a, 0x00, 0xff, 0x1b, 0x0a, 0x09,
    0x00, 0xf8, 0x0a, 0x00, 0x2c, 0x1c, 0x09, 0x0b, 0x01, 0xf8, 0x0a, 0x00,
    0x5e, 0x1c, 0x09, 0x0b, 0x00, 0xf8, 0x0a, 0x00, 0x90, 0x1c, 0x06, 0x08,
    0x01, 0xf8, 0x07, 0x00, 0xa8, 0x1c, 0x08, 0x09, 0x00, 0xf8, 0x08, 0x00,
    0xcc, 0x1c, 0x07, 0x0a, 0x00, 0xf6, 0x07, 0x00, 0xef, 0x1c, 0x08, 0x09,
    0x01, 0xf8, 0x0a, 0x00, 0x13, 0x1d, 0x09, 0x08, 0x00, 0xf8, 0x09, 0x00,
    0x37, 0x1d, 0x0d, 0x08, 0x00, 0xf8, 0x0d, 0x00, 0x6b, 0x1d, 0x09, 0x08,
    0x00, 0xf8, 0x09, 0x00, 0x8f, 0x1d, 0x09, 0x0c, 0x00, 0xf8, 0x09, 0x00,
    0xc5, 0x1d, 0x08, 0x08, 0x00, 0xf8, 0x08, 0x00, 0xe5, 0x1d, 0x08, 0x0e,
    0x01, 0xf5, 0x0a, 0x00, 0x1d, 0x1e, 0x03, 0x0f, 0x01, 0xf5, 0x05, 0x00,
    0x34, 0x1e, 0x08, 0x0e, 0x01, 0xf5, 0x0a, 0x00, 0x6c, 0x1e, 0x0a, 0x04,
    0x01, 0xfa, 0x0c, 0x00, 0x80, 0x1e, 0x05, 0x06, 0x01, 0xf5, 0x07, 0x00,
    0x8f, 0x1e, 0x1d, 0x2b, 0x03, 0xd6, 0x24, 0x00, 0xff, 0x20, 0x19, 0x29,
    0x06, 0xd7, 0x24, 0x00, 0x00, 0x23, 0x1b, 0x2a, 0x04, 0xd6, 0x24, 0x00,
    0x37, 0x25, 0x1c, 0x2b, 0x04, 0xd6, 0x24, 0x00, 0x91, 0x27, 0x1f, 0x29,
    0x02, 0xd7, 0x24, 0x00, 0x0d, 0x2a, 0x1b, 0x2a, 0x04, 0xd7, 0x24, 0x00,
    0x44, 0x2c, 0x1e, 0x2b, 0x03, 0xd6, 0x24, 0x00, 0xc9, 0x2e, 0x1b, 0x29,
    0x04, 0xd7, 0x24, 0x00, 0xf3, 0x30, 0x1d, 0x2b, 0x03, 0xd6, 0x24, 0x00,
    0x63, 0x33, 0x1d, 0x2b, 0x03, 0xd6, 0x24, 0x00, 0xd3, 0x35, 0x10, 0x05,
    0x02, 0xee, 0x14, 0x00, 0xfb, 0x35, 0x12, 0x12, 0x05, 0xd6, 0x1c, 0x00,
    0x00, 0x00, 0x00, 0x00, 0x00, 0x00, 0x12, 0x00, 0x00, 0x00, 0x00, 0x00,
    0x00, 0x00, 0x04, 0x00, 0x00, 0x00, 0x02, 0x0b, 0x02, 0xf5, 0x06, 0x00,
    0x0b, 0x00, 0x05, 0x05, 0x01, 0xf5, 0x06, 0x00, 0x18, 0x00, 0x0a, 0x0b,
    0x01, 0xf5, 0x0c, 0x00, 0x4f, 0x00, 0x07, 0x0e, 0x01, 0xf5, 0x09, 0x00,
    0x80, 0x00, 0x0d, 0x0c, 0x00, 0xf5, 0x0d, 0x00, 0xce, 0x00, 0x0b, 0x0c,
    0x00, 0xf5, 0x0b, 0x00, 0x10, 0x01, 0x02, 0x05, 0x01, 0xf5, 0x04, 0x00,
    0x15, 0x01, 0x04, 0x0d, 0x01, 0xf5, 0x05, 0x00, 0x2f, 0x01, 0x04, 0x0d,
    0x01, 0xf5, 0x05, 0x00, 0x49, 0x01, 0x07, 0x07, 0x00, 0xf5, 0x07, 0x00,
    0x62, 0x01, 0x0a, 0x09, 0x01, 0xf7, 0x0c, 0x00, 0x8f, 0x01, 0x03, 0x04,
    0x01, 0xfe, 0x04, 0x00, 0x95, 0x01, 0x05, 0x02, 0x00, 0xfb, 0x05, 0x00,
    0x9a, 0x01, 0x02, 0x02, 0x01, 0xfe, 0x04, 0x00, 0x9c, 0x01, 0x05, 0x0d,
    0x00, 0xf5, 0x05, 0x00, 0xbd, 0x01, 0x08, 0x0c, 0x00, 0xf5, 0x09, 0x00,
    0xed, 0x01, 0x07, 0x0b, 0x01, 0xf5, 0x09, 0x00, 0x14, 0x02, 0x07, 0x0b,
    0x01, 0xf5, 0x09, 0x00, 0x3b, 0x02, 0x07, 0x0c, 0x01, 0xf5, 0x09, 0x00,
    0x65, 0x02, 0x09, 0x0b, 0x00, 0xf5, 0x09, 0x00, 0x97, 0x02, 0x07, 0x0c,
    0x01, 0xf5, 0x09, 0x00, 0xc1, 0x02, 0x09, 0x0c, 0x00, 0xf5, 0x09, 0x00,
    0xf7, 0x02, 0x07, 0x0b, 0x01, 0xf5, 0x09, 0x00, 0x1e, 0x03, 0x08, 0x0c,
    0x00, 0xf5, 0x09, 0x00, 0x4e, 0x03, 0x08, 0x0c, 0x00, 0xf5, 0x09, 0x00,
    0x7e, 0x03, 0x03, 0x08, 0x01, 0xf8, 0x05, 0x00, 0x8a, 0x03, 0x03, 0x0a,
    0x01, 0xf8, 0x05, 0x00, 0x99, 0x03, 0x0a, 0x09, 0x01, 0xf7, 0x0c, 0x00,
    0xc6, 0x03, 0x0a, 0x05, 0x01, 0xf9, 0x0c, 0x00, 0xdf, 0x03, 0x0a, 0x09,
    0x01, 0xf7, 0x0c, 0x00, 0x0c, 0x04, 0x06, 0x0b, 0x01, 0xf5, 0x07, 0x00,
    0x2d, 0x04, 0x0e, 0x0d, 0x00, 0xf6, 0x0e, 0x00, 0x88, 0x04, 0x0a, 0x0b,
    0x00, 0xf5, 0x0a, 0x00, 0xbf, 0x04, 0x08, 0x0b, 0x01, 0xf5, 0x0a, 0x00,
    0xeb, 0x04, 0x0a, 0x0c, 0x00, 0xf5, 0x0a, 0x00, 0x27, 0x05, 0x09, 0x0b,
    0x01, 0xf5, 0x0b, 0x00, 0x59, 0x05, 0x07, 0x0b, 0x01, 0xf5, 0x09, 0x00,
    0x80, 0x05, 0x07, 0x0b, 0x01, 0xf5, 0x08, 0x00, 0xa7, 0x05, 0x0a, 0x0c,
    0x00, 0xf5, 0x0b, 0x00, 0xe3, 0x05, 0x09, 0x0b, 0x01, 0xf5, 0x0b, 0x00,
    0x15, 0x06, 0x02, 0x0b, 0x01, 0xf5, 0x04, 0x00, 0x20, 0x06, 0x04, 0x0e,
    0xff, 0xf5, 0x04, 0x00, 0x3c, 0x06, 0x09, 0x0b, 0x01, 0xf5, 0x09, 0x00,
    0x6e, 0x06, 0x07, 0x0b, 0x01, 0xf5, 0x08, 0x00, 0x95, 0x06, 0x0a, 0x0b,
    0x01, 0xf5, 0x0c, 0x00, 0xcc, 0x06, 0x09, 0x0b, 0x01, 0xf5, 0x0a, 0x00,
    0xfe, 0x06, 0x0b, 0x0c, 0x00, 0xf5, 0x0b, 0x00, 0x40, 0x07, 0x07, 0x0b,
    0x01, 0xf5, 0x08, 0x00, 0x67, 0x07, 0x0b, 0x0d, 0x00, 0xf5, 0x0b, 0x00,
    0xaf, 0x07, 0x09, 0x0b, 0x01, 0xf5, 0x0a, 0x00, 0xe1, 0x07, 0x09, 0x0c,
    0x00, 0xf5, 0x09, 0x00, 0x17, 0x08, 0x0a, 0x0b, 0xff, 0xf5, 0x09, 0x00,
    0x4e, 0x08, 0x09, 0x0c, 0x01, 0xf5, 0x0a, 0x00, 0x84, 0x08, 0x0a, 0x0b,
    0x00, 0xf5, 0x0a, 0x00, 0xbb, 0x08, 0x0e, 0x0b, 0x00, 0xf5, 0x0e, 0x00,
    0x08, 0x09, 0x0a, 0x0b, 0x00, 0xf5, 0x0a, 0x00, 0x3f, 0x09, 0x0a, 0x0b,
    0xff, 0xf5, 0x09, 0x00, 0x76, 0x09, 0x09, 0x0b, 0x00, 0xf5, 0x0a, 0x00,
    0xa8, 0x09, 0x04, 0x0d, 0x01, 0xf5, 0x05, 0x00, 0xc2, 0x09, 0x05, 0x0d,
    0x00, 0xf5, 0x05, 0x00, 0xe3, 0x09, 0x04, 0x0d, 0x01, 0xf5, 0x05, 0x00,
    0xfd, 0x09, 0x0a, 0x05, 0x01, 0xf5, 0x0c, 0x00, 0x16, 0x0a, 0x09, 0x02,
    0xff, 0x02, 0x07, 0x00, 0x1f, 0x0a, 0x04, 0x04, 0x01, 0xf4, 0x07, 0x00,
    0x27, 0x0a, 0x08, 0x09, 0x00, 0xf8, 0x09, 0x00, 0x4b, 0x0a, 0x08, 0x0c,
    0x01, 0xf5, 0x09, 0x00, 0x7b, 0x0a, 0x07, 0x09, 0x00, 0xf8, 0x08, 0x00,
    0x9b, 0x0a, 0x08, 0x0c, 0x00, 0xf5, 0x09, 0x00, 0xcb, 0x0a, 0x08, 0x09,
    0x00, 0xf8, 0x09, 0x00, 0xef, 0x0a, 0x06, 0x0b, 0x00, 0xf5, 0x05, 0x00,
    0x10, 0x0b, 0x08, 0x0b, 0x00, 0xf8, 0x09, 0x00, 0x3c, 0x0b, 0x07, 0x0b,
    0x01, 0xf5, 0x09, 0x00, 0x63, 0x0b, 0x02, 0x0b, 0x01, 0xf5, 0x04, 0x00,
    0x6e, 0x0b, 0x04, 0x0e, 0xff, 0xf5, 0x04, 0x00, 0x8a, 0x0b, 0x08, 0x0b,
    0x01, 0xf5, 0x08, 0x00, 0xb6, 0x0b, 0x02, 0x0b, 0x01, 0xf5, 0x04, 0x00,
    0xc1, 0x0b, 0x0c, 0x08, 0x01, 0xf8, 0x0e, 0x00, 0xf1, 0x0b, 0x07, 0x08,
    0x01, 0xf8, 0x09, 0x00, 0x0d, 0x0c, 0x08, 0x09, 0x00, 0xf8, 0x09, 0x00,
    0x31, 0x0c, 0x08, 0x0b, 0x01, 0xf8, 0x09, 0x00, 0x5d, 0x0c, 0x08, 0x0b,
    0x00, 0xf8, 0x09, 0x00, 0x89, 0x0c, 0x05, 0x08, 0x01, 0xf8, 0x06, 0x00,
    0x9d, 0x0c, 0x07, 0x09, 0x00, 0xf8, 0x07, 0x00, 0xbd, 0x0c, 0x06, 0x0a,
    0x00, 0xf6, 0x05, 0x00, 0xdb, 0x0c, 0x07, 0x09, 0x01, 0xf8, 0x09, 0x00,
    0xfb, 0x0c, 0x08, 0x08, 0x00, 0xf8, 0x08, 0x00, 0x1b, 0x0d, 0x0b, 0x08,
    0x00, 0xf8, 0x0b, 0x00, 0x47, 0x0d, 0x08, 0x08, 0x00, 0xf8, 0x08, 0x00,
    0x67, 0x0d, 0x08, 0x0b, 0x00, 0xf8, 0x08, 0x00, 0x93, 0x0d, 0x07, 0x08,
    0x00, 0xf8, 0x07, 0x00, 0xaf, 0x0d, 0x07, 0x0e, 0x01, 0xf5, 0x09, 0x00,
    0xe0, 0x0d, 0x02, 0x0f, 0x01, 0xf5, 0x05, 0x00, 0xef, 0x0d, 0x07, 0x0e,
    0x01, 0xf5, 0x09, 0x00, 0x20, 0x0e, 0x0a, 0x03, 0x01, 0xfa, 0x0c, 0x00,
    0x2f, 0x0e, 0x05, 0x05, 0x01, 0xf5, 0x07, 0x00, 0x39, 0x8e, 0x63, 0x3e,
    0xbd, 0xf1, 0x19, 0x3f, 0xd7, 0xb3, 0x5d, 0x3f, 0x00, 0xfd, 0xff, 0x46,
    0x5c, 0x1c, 0x7c, 0x3f, 0xaf, 0xaf, 0x4b, 0x3e, 0x00, 0x71, 0x12, 0x47,
    0x00, 0x8f, 0x92, 0x47, 0xf3, 0x04, 0xb5, 0x3f, 0x00, 0xdc, 0x1b, 0xc6,
    0x00, 0xa0, 0xfe, 0x44, 0xf3, 0x04, 0x35, 0x3f, 0x00, 0x00, 0xa0, 0xc0,
    0x00, 0xff, 0xff, 0xc6, 0x00, 0x08, 0xa1, 0x45, 0xab, 0xaa, 0xaa, 0x3f,
    0x00, 0x00, 0x00, 0x3f, 0x00, 0x00, 0x00, 0x45, 0x7d, 0x1b, 0x44, 0x3f,
    0xd4, 0xd0, 0x31, 0x3e, 0x44, 0x1d, 0xaf, 0x3e, 0x00, 0xe0, 0xc3, 0x44,
    0x00, 0x00, 0xd0, 0x42, 0x75, 0x3d, 0xa7, 0x3f, 0xd4, 0x8b, 0x0a, 0x3f,
    0xb2, 0x8f, 0x70, 0x3f, 0x00, 0x00, 0xe8, 0x41, 0x00, 0x00, 0x55, 0x43,
    0xd7, 0x64, 0x66, 0x3f, 0x15, 0xef, 0xc3, 0x3e, 0xbb, 0x8d, 0x24, 0x3f,
    0xcf, 0x06, 0x24, 0x40, 0xf7, 0x81, 0x02, 0x3f, 0x00, 0x70, 0xcd, 0x45,
    0x00, 0xfc, 0x17, 0x46, 0x00, 0x80, 0xe5, 0x43, 0x00, 0x13, 0x7a, 0x47,
    0x00, 0x00, 0x34, 0xc2, 0x00, 0x00, 0x12, 0x43, 0x00, 0x00, 0x80, 0x43,
    0x00, 0x00, 0x80, 0x41, 0x44, 0xac, 0x00, 0x00, 0x80, 0xbb, 0x00, 0x00,
    0x00, 0x7d, 0x00, 0x00, 0x00, 0x04, 0x08, 0x0c, 0x10, 0x14, 0x18, 0x1c,
    0x20, 0x28, 0x30, 0x38, 0x40, 0x48, 0x50, 0x00, 0x04, 0x08, 0x0c, 0x10,
    0x14, 0x18, 0x1c, 0x20, 0x28, 0x30, 0x38, 0x40, 0x48, 0x50, 0x00, 0x10,
    0x18, 0x1c, 0x20, 0x28, 0x30, 0x38, 0x40, 0x48, 0x50, 0x58, 0x60, 0x70,
    0x80, 0x00, 0x10, 0x14, 0x18, 0x1c, 0x20, 0x28, 0x30, 0x38, 0x40, 0x50,
    0x60, 0x70, 0x80, 0xa0, 0x00, 0x10, 0x18, 0x1c, 0x20, 0x28, 0x30, 0x38,
    0x40, 0x50, 0x60, 0x70, 0x80, 0xa0, 0xc0, 0x00, 0x10, 0x20, 0x30, 0x40,
    0x50, 0x60, 0x70, 0x80, 0x90, 0xa0, 0xb0, 0xc0, 0xd0, 0xe0, 0x06, 0x06,
    0x06, 0x06, 0x06, 0x06, 0x08, 0x0a, 0x0c, 0x0e, 0x10, 0x14, 0x18, 0x1c,
    0x20, 0x26, 0x2e, 0x34, 0x3c, 0x44, 0x3a, 0x36, 0x00, 0x0c, 0x0c, 0x0c,
    0x0c, 0x0c, 0x0c, 0x10, 0x14, 0x18, 0x1c, 0x20, 0x28, 0x30, 0x38, 0x40,
    0x4c, 0x5a, 0x02, 0x02, 0x02, 0x02, 0x02, 0x00, 0x06, 0x06, 0x06, 0x06,
    0x06, 0x06, 0x08, 0x0a, 0x0c, 0x0e, 0x10, 0x14, 0x18, 0x1c, 0x20, 0x26,
    0x2e, 0x34, 0x3c, 0x44, 0x3a, 0x36, 0x00, 0x06, 0x06, 0x06, 0x06, 0x06,
    0x06, 0x08, 0x0a, 0x0c, 0x0e, 0x10, 0x12, 0x16, 0x1a, 0x20, 0x26, 0x2e,
    0x36, 0x3e, 0x46, 0x4c, 0x24, 0x00, 0x06, 0x06, 0x06, 0x06, 0x06, 0x06,
    0x08, 0x0a, 0x0c, 0x0e, 0x10, 0x14, 0x18, 0x1c, 0x20, 0x26, 0x2e, 0x34,
    0x3c, 0x44, 0x3a, 0x36, 0x00, 0x04, 0x04, 0x04, 0x04, 0x04, 0x04, 0x06,
    0x06, 0x08, 0x08, 0x0a, 0x0c, 0x10, 0x14, 0x18, 0x1c, 0x22, 0x2a, 0x32,
    0x36, 0x4c, 0x9e, 0x00, 0x04, 0x04, 0x04, 0x04, 0x04, 0x04, 0x06, 0x06,
    0x06, 0x08, 0x0a, 0x0c, 0x10, 0x12, 0x16, 0x1c, 0x22, 0x28, 0x2e, 0x36,
    0x36, 0xc0, 0x00, 0x04, 0x04, 0x04, 0x04, 0x04, 0x04, 0x06, 0x06, 0x08,
    0x0a, 0x0c, 0x10, 0x14, 0x18, 0x1e, 0x26, 0x2e, 0x38, 0x44, 0x54, 0x66,
    0x1a, 0x00, 0x04, 0x04, 0x04, 0x04, 0x04, 0x04, 0x04, 0x04, 0x04, 0x06,
    0x06, 0x06, 0x08, 0x08, 0x08, 0x0a, 0x0a, 0x0a, 0x0c, 0x0c, 0x0c, 0x0e,
    0x0e, 0x0e, 0x12, 0x12, 0x12, 0x18, 0x18, 0x18, 0x1e, 0x1e, 0x1e, 0x28,
    0x28, 0x28, 0x12, 0x12, 0x12, 0x00, 0x08, 0x08, 0x08, 0x08, 0x08, 0x08,
    0x08, 0x08, 0x08, 0x0c, 0x0c, 0x0c, 0x10, 0x10, 0x10, 0x14, 0x14, 0x14,
    0x18, 0x18, 0x18, 0x1c, 0x1c, 0x1c, 0x24, 0x24, 0x24, 0x02, 0x02, 0x02,
    0x02, 0x02, 0x02, 0x02, 0x02, 0x02, 0x1a, 0x1a, 0x1a, 0x00, 0x04, 0x04,
    0x04, 0x04, 0x04, 0x04, 0x04, 0x04, 0x04, 0x06, 0x06, 0x06, 0x06, 0x06,
    0x06, 0x08, 0x08, 0x08, 0x0a, 0x0a, 0x0a, 0x0e, 0x0e, 0x0e, 0x12, 0x12,
    0x12, 0x1a, 0x1a, 0x1a, 0x20, 0x20, 0x20, 0x2a, 0x2a, 0x2a, 0x12, 0x12,
    0x12, 0x00, 0x04, 0x04, 0x04, 0x04, 0x04, 0x04, 0x04, 0x04, 0x04, 0x06,
    0x06, 0x06, 0x08, 0x08, 0x08, 0x0a, 0x0a, 0x0a, 0x0c, 0x0c, 0x0c, 0x0e,
    0x0e, 0x0e, 0x12, 0x12, 0x12, 0x18, 0x18, 0x18, 0x20, 0x20, 0x20, 0x2c,
    0x2c, 0x2c, 0x0c, 0x0c, 0x0c, 0x00, 0x04, 0x04, 0x04, 0x04, 0x04, 0x04,
    0x04, 0x04, 0x04, 0x06, 0x06, 0x06, 0x08, 0x08, 0x08, 0x0a, 0x0a, 0x0a,
    0x0c, 0x0c, 0x0c, 0x0e, 0x0e, 0x0e, 0x12, 0x12, 0x12, 0x18, 0x18, 0x18,
    0x1e, 0x1e, 0x1e, 0x28, 0x28, 0x28, 0x12, 0x12, 0x12, 0x00, 0x04, 0x04,
    0x04, 0x04, 0x04, 0x04, 0x04, 0x04, 0x04, 0x04, 0x04, 0x04, 0x06, 0x06,
    0x06, 0x08, 0x08, 0x08, 0x0a, 0x0a, 0x0a, 0x0c, 0x0c, 0x0c, 0x0e, 0x0e,
    0x0e, 0x12, 0x12, 0x12, 0x16, 0x16, 0x16, 0x1e, 0x1e, 0x1e, 0x38, 0x38,
    0x38, 0x00, 0x04, 0x04, 0x04, 0x04, 0x04, 0x04, 0x04, 0x04, 0x04, 0x04,
    0x04, 0x04, 0x06, 0x06, 0x06, 0x06, 0x06, 0x06, 0x0a, 0x0a, 0x0a, 0x0c,
    0x0c, 0x0c, 0x0e, 0x0e, 0x0e, 0x10, 0x10, 0x10, 0x14, 0x14, 0x14, 0x1a,
    0x1a, 0x1a, 0x42, 0x42, 0x42, 0x00, 0x04, 0x04, 0x04, 0x04, 0x04, 0x04,
    0x04, 0x04, 0x04, 0x04, 0x04, 0x04, 0x06, 0x06, 0x06, 0x08, 0x08, 0x08,
    0x0c, 0x0c, 0x0c, 0x10, 0x10, 0x10, 0x14, 0x14, 0x14, 0x1a, 0x1a, 0x1a,
    0x22, 0x22, 0x22, 0x2a, 0x2a, 0x2a, 0x0c, 0x0c, 0x0c, 0x00, 0x06, 0x06,
    0x06, 0x06, 0x06, 0x06, 0x06, 0x06, 0x06, 0x08, 0x08, 0x08, 0x0a, 0x0a,
    0x0a, 0x0c, 0x0c, 0x0c, 0x0e, 0x0e, 0x0e, 0x12, 0x12, 0x12, 0x18, 0x18,
    0x18, 0x1e, 0x1e, 0x1e, 0x28, 0x28, 0x28, 0x12, 0x12, 0x12, 0x00, 0x00,
    0x00, 0x00, 0x0c, 0x0c, 0x0c, 0x04, 0x04, 0x04, 0x08, 0x08, 0x08, 0x0c,
    0x0c, 0x0c, 0x10, 0x10, 0x10, 0x14, 0x14, 0x14, 0x18, 0x18, 0x18, 0x1c,
    0x1c, 0x1c, 0x24, 0x24, 0x24, 0x02, 0x02, 0x02, 0x02, 0x02, 0x02, 0x02,
    0x02, 0x02, 0x1a, 0x1a, 0x1a, 0x00, 0x06, 0x06, 0x06, 0x06, 0x06, 0x06,
    0x06, 0x06, 0x06, 0x06, 0x06, 0x06, 0x08, 0x08, 0x08, 0x0a, 0x0a, 0x0a,
    0x0e, 0x0e, 0x0e, 0x12, 0x12, 0x12, 0x1a, 0x1a, 0x1a, 0x20, 0x20, 0x20,
    0x2a, 0x2a, 0x2a, 0x12, 0x12, 0x12, 0x00, 0x00, 0x00, 0x00, 0x06, 0x06,
    0x06, 0x06, 0x06, 0x06, 0x06, 0x06, 0x06, 0x08, 0x08, 0x08, 0x0a, 0x0a,
    0x0a, 0x0c, 0x0c, 0x0c, 0x0e, 0x0e, 0x0e, 0x12, 0x12, 0x12, 0x18, 0x18,
    0x18, 0x20, 0x20, 0x20, 0x2c, 0x2c, 0x2c, 0x0c, 0x0c, 0x0c, 0x00, 0x00,
    0x00, 0x00, 0x06, 0x06, 0x06, 0x06, 0x06, 0x06, 0x06, 0x06, 0x06, 0x08,
    0x08, 0x08, 0x0a, 0x0a, 0x0a, 0x0c, 0x0c, 0x0c, 0x0e, 0x0e, 0x0e, 0x12,
    0x12, 0x12, 0x18, 0x18, 0x18, 0x1e, 0x1e, 0x1e, 0x28, 0x28, 0x28, 0x12,
    0x12, 0x12, 0x00, 0x00, 0x00, 0x00, 0x04, 0x04, 0x04, 0x04, 0x04, 0x04,
    0x06, 0x06, 0x04, 0x04, 0x04, 0x06, 0x06, 0x06, 0x08, 0x08, 0x08, 0x0a,
    0x0a, 0x0a, 0x0c, 0x0c, 0x0c, 0x0e, 0x0e, 0x0e, 0x12, 0x12, 0x12, 0x16,
    0x16, 0x16, 0x1e, 0x1e, 0x1e, 0x38, 0x38, 0x38, 0x00, 0x00, 0x04, 0x04,
    0x04, 0x04, 0x04, 0x04, 0x06, 0x06, 0x04, 0x04, 0x04, 0x06, 0x06, 0x06,
    0x06, 0x06, 0x06, 0x0a, 0x0a, 0x0a, 0x0c, 0x0c, 0x0c, 0x0e, 0x0e, 0x0e,
    0x10, 0x10, 0x10, 0x14, 0x14, 0x14, 0x1a, 0x1a, 0x1a, 0x42, 0x42, 0x42,
    0x00, 0x00, 0x04, 0x04, 0x04, 0x04, 0x04, 0x04, 0x06, 0x06, 0x04, 0x04,
    0x04, 0x06, 0x06, 0x06, 0x08, 0x08, 0x08, 0x0c, 0x0c, 0x0c, 0x10, 0x10,
    0x10, 0x14, 0x14, 0x14, 0x1a, 0x1a, 0x1a, 0x22, 0x22, 0x22, 0x2a, 0x2a,
    0x2a, 0x0c, 0x0c, 0x0c, 0x00, 0x00, 0x06, 0x05, 0x05, 0x05, 0x06, 0x05,
    0x05, 0x05, 0x06, 0x05, 0x07, 0x03, 0x0b, 0x0a, 0x00, 0x00, 0x07, 0x07,
    0x07, 0x00, 0x06, 0x06, 0x06, 0x03, 0x08, 0x08, 0x05, 0x00, 0x08, 0x09,
    0x06, 0x0c, 0x06, 0x09, 0x09, 0x09, 0x06, 0x09, 0x0c, 0x06, 0x0f, 0x12,
    0x00, 0x00, 0x06, 0x0f, 0x0c, 0x00, 0x06, 0x0c, 0x09, 0x06, 0x06, 0x12,
    0x09, 0x00, 0x09, 0x09, 0x06, 0x0c, 0x09, 0x09, 0x09, 0x09, 0x09, 0x09,
    0x0c, 0x06, 0x12, 0x12, 0x00, 0x00, 0x0c, 0x0c, 0x0c, 0x00, 0x0c, 0x09,
    0x09, 0x06, 0x0f, 0x0c, 0x09, 0x00, 0x05, 0x05, 0x04, 0x04, 0x05, 0x05,
    0x04, 0x01, 0x04, 0x03, 0x01, 0x01, 0x05, 0x06, 0x06, 0x01, 0x04, 0x04,
    0x04, 0x01, 0x04, 0x03, 0x01, 0x01, 0x01, 0x01, 0x01, 0x01, 0x02, 0x02,
    0x03, 0x03, 0x03, 0x02, 0x00, 0x00, 0x00, 0x00, 0x00, 0x00, 0x00, 0x00,
    0x00, 0x00, 0x00, 0x00, 0x00, 0x00, 0x00, 0x00, 0x00, 0x00, 0x00, 0x00,
    0x00, 0x00, 0x00, 0x00, 0x00, 0x00, 0x00, 0x00, 0x00, 0x00, 0x00, 0x00,
    0x00, 0x00, 0x00, 0x00, 0x00, 0x00, 0x00, 0x00, 0x00, 0x00, 0x00, 0x00,
    0x00, 0x00, 0x00, 0x00, 0x00, 0x00, 0x00, 0x00, 0x00, 0x00, 0x00, 0x00,
    0x00, 0x00, 0x00, 0x00, 0x00, 0x00, 0x00, 0x00, 0x11, 0x03, 0x11, 0x03,
    0x11, 0x03, 0x11, 0x03, 0x10, 0x03, 0x10, 0x03, 0x10, 0x03, 0x10, 0x03,
    0x01, 0x02, 0x01, 0x02, 0x01, 0x02, 0x01, 0x02, 0x01, 0x02, 0x01, 0x02,
    0x01, 0x02, 0x01, 0x02, 0x00, 0x01, 0x00, 0x01, 0x00, 0x01, 0x00, 0x01,
    0x00, 0x01, 0x00, 0x01, 0x00, 0x01, 0x00, 0x01, 0x00, 0x01, 0x00, 0x01,
    0x00, 0x01, 0x00, 0x01, 0x00, 0x01, 0x00, 0x01, 0x00, 0x01, 0x00, 0x01,
    0x01, 0xff, 0x21, 0x05, 0x12, 0x05, 0x02, 0x05, 0x11, 0x03, 0x11, 0x03,
    0x11, 0x03, 0x11, 0x03, 0x10, 0x03, 0x10, 0x03, 0x10, 0x03, 0x10, 0x03,
    0x01, 0x03, 0x01, 0x03, 0x01, 0x03, 0x01, 0x03, 0x00, 0x01, 0x00, 0x01,
    0x00, 0x01, 0x00, 0x01, 0x00, 0x01, 0x00, 0x01, 0x00, 0x01, 0x00, 0x01,
    0x00, 0x01, 0x00, 0x01, 0x00, 0x01, 0x00, 0x01, 0x00, 0x01, 0x00, 0x01,
    0x00, 0x01, 0x00, 0x01, 0x22, 0x01, 0x20, 0x01, 0x01, 0xff, 0x21, 0x05,
    0x12, 0x05, 0x02, 0x05, 0x01, 0x03, 0x01, 0x03, 0x01, 0x03, 0x01, 0x03,
    0x11, 0x02, 0x11, 0x02, 0x11, 0x02, 0x11, 0x02, 0x11, 0x02, 0x11, 0x02,
    0x11, 0x02, 0x11, 0x02, 0x10, 0x02, 0x10, 0x02, 0x10, 0x02, 0x10, 0x02,
    0x10, 0x02, 0x10, 0x02, 0x10, 0x02, 0x10, 0x02, 0x00, 0x02, 0x00, 0x02,
    0x00, 0x02, 0x00, 0x02, 0x00, 0x02, 0x00, 0x02, 0x00, 0x02, 0x00, 0x02,
    0x22, 0x01, 0x20, 0x01, 0x03, 0xff, 0xc2, 0xfe, 0xa1, 0xfe, 0x91, 0xfe,
    0x11, 0x03, 0x11, 0x03, 0x11, 0x03, 0x11, 0x03, 0x10, 0x03, 0x10, 0x03,
    0x10, 0x03, 0x10, 0x03, 0x01, 0x03, 0x01, 0x03, 0x01, 0x03, 0x01, 0x03,
    0x00, 0x01, 0x00, 0x01, 0x00, 0x01, 0x00, 0x01, 0x00, 0x01, 0x00, 0x01,
    0x00, 0x01, 0x00, 0x01, 0x00, 0x01, 0x00, 0x01, 0x00, 0x01, 0x00, 0x01,
    0x00, 0x01, 0x00, 0x01, 0x00, 0x01, 0x00, 0x01, 0x33, 0x03, 0x32, 0x03,
    0x23, 0x02, 0x23, 0x02, 0x13, 0x01, 0x13, 0x01, 0x13, 0x01, 0x13, 0x01,
    0x31, 0x02, 0x30, 0x02, 0x03, 0x02, 0x22, 0x02, 0x21, 0x01, 0x12, 0x01,
    0x20, 0x01, 0x02, 0x01, 0x02, 0xff, 0xe1, 0xfe, 0x31, 0x05, 0x13, 0x05,
    0x22, 0x05, 0x20, 0x05, 0x21, 0x04, 0x21, 0x04, 0x12, 0x04, 0x12, 0x04,
    0x02, 0x04, 0x02, 0x04, 0x10, 0x03, 0x10, 0x03, 0x10, 0x03, 0x10, 0x03,
    0x11, 0x02, 0x11, 0x02, 0x11, 0x02, 0x11, 0x02, 0x11, 0x02, 0x11, 0x02,
    0x11, 0x02, 0x11, 0x02, 0x01, 0x03, 0x01, 0x03, 0x01, 0x03, 0x01, 0x03,
    0x00, 0x03, 0x00, 0x03, 0x00, 0x03, 0x00, 0x03, 0x33, 0x02, 0x30, 0x02,
    0x32, 0x01, 0x32, 0x01, 0x23, 0x01, 0x03, 0x01, 0x04, 0xff, 0x63, 0xfe,
    0x23, 0xfe, 0xe2, 0xfd, 0x12, 0x05, 0xc1, 0xfd, 0x11, 0x04, 0x11, 0x04,
    0x10, 0x03, 0x10, 0x03, 0x10, 0x03, 0x10, 0x03, 0x01, 0x03, 0x01, 0x03,
    0x01, 0x03, 0x01, 0x03, 0x00, 0x01, 0x00, 0x01, 0x00, 0x01, 0x00, 0x01,
    0x00, 0x01, 0x00, 0x01, 0x00, 0x01, 0x00, 0x01, 0x00, 0x01, 0x00, 0x01,
    0x00, 0x01, 0x00, 0x01, 0x00, 0x01, 0x00, 0x01, 0x00, 0x01, 0x00, 0x01,
    0x81, 0xfe, 0x71, 0xfe, 0x53, 0x04, 0x44, 0x04, 0x52, 0x04, 0x25, 0x04,
    0x51, 0x03, 0x51, 0x03, 0x15, 0x03, 0x15, 0x03, 0x50, 0x04, 0x43, 0x04,
    0x05, 0x03, 0x05, 0x03, 0x34, 0x04, 0x33, 0x04, 0x55, 0x01, 0x54, 0x01,
    0x45, 0x01, 0x35, 0x01, 0x42, 0x03, 0x24, 0x03, 0x41, 0x02, 0x41, 0x02,
    0x14, 0x02, 0x14, 0x02, 0x04, 0x02, 0x04, 0x02, 0x40, 0x03, 0x32, 0x03,
    0x23, 0x03, 0x30, 0x03, 0x31, 0x02, 0x31, 0x02, 0x13, 0x02, 0x13, 0x02,
    0x03, 0x02, 0x22, 0x02, 0x21, 0x01, 0x21, 0x01, 0x20, 0x01, 0x02, 0x01,
    0x04, 0xff, 0x53, 0xfe, 0x13, 0xfe, 0xd1, 0xfd, 0x21, 0x04, 0x21, 0x04,
    0x12, 0x04, 0x12, 0x04, 0x11, 0x02, 0x11, 0x02, 0x11, 0x02, 0x11, 0x02,
    0x11, 0x02, 0x11, 0x02, 0x11, 0x02, 0x11, 0x02, 0x10, 0x03, 0x10, 0x03,
    0x10, 0x03, 0x10, 0x03, 0x01, 0x03, 0x01, 0x03, 0x01, 0x03, 0x01, 0x03,
    0x00, 0x02, 0x00, 0x02, 0x00, 0x02, 0x00, 0x02, 0x00, 0x02, 0x00, 0x02,
    0x00, 0x02, 0x00, 0x02, 0x82, 0xfe, 0x35, 0x04, 0x61, 0xfe, 0x52, 0x04,
    0x25, 0x04, 0x50, 0x04, 0x51, 0x03, 0x51, 0x03, 0x15, 0x03, 0x15, 0x03,
    0x43, 0x04, 0x34, 0x04, 0x05, 0x04, 0x33, 0x04, 0x42, 0x03, 0x42, 0x03,
    0x55, 0x02, 0x45, 0x02, 0x54, 0x01, 0x54, 0x01, 0x53, 0x01, 0x44, 0x01,
    0x24, 0x03, 0x41, 0x03, 0x14, 0x02, 0x14, 0x02, 0x40, 0x03, 0x04, 0x03,
    0x32, 0x03, 0x23, 0x03, 0x31, 0x03, 0x13, 0x03, 0x30, 0x03, 0x03, 0x03,
    0x22, 0x01, 0x22, 0x01, 0x22, 0x01, 0x22, 0x01, 0x20, 0x01, 0x02, 0x01,
    0x03, 0xff, 0xa3, 0xfe, 0x62, 0xfe, 0x41, 0xfe, 0x31, 0xfe, 0x31, 0x05,
    0x13, 0x05, 0x21, 0xfe, 0x22, 0x05, 0x20, 0x05, 0x21, 0x04, 0x21, 0x04,
    0x12, 0x04, 0x12, 0x04, 0x02, 0x04, 0x02, 0x04, 0x11, 0x03, 0x11, 0x03,
    0x11, 0x03, 0x11, 0x03, 0x10, 0x03, 0x10, 0x03, 0x10, 0x03, 0x10, 0x03,
    0x01, 0x03, 0x01, 0x03, 0x01, 0x03, 0x01, 0x03, 0x00, 0x03, 0x00, 0x03,
    0x00, 0x03, 0x00, 0x03, 0xc1, 0xfe, 0x53, 0x03, 0x35, 0x03, 0xb1, 0xfe,
    0x44, 0x03, 0x52, 0x03, 0x25, 0x03, 0x51, 0x03, 0x55, 0x01, 0x54, 0x01,
    0x45, 0x01, 0x50, 0x01, 0x15, 0x02, 0x15, 0x02, 0x43, 0x02, 0x43, 0x02,
    0x34, 0x02, 0x34, 0x02, 0x05, 0x03, 0x40, 0x03, 0x42, 0x02, 0x24, 0x02,
    0x33, 0x02, 0x04, 0x02, 0x41, 0x01, 0x14, 0x01, 0x32, 0x01, 0x23, 0x01,
    0x30, 0x01, 0x03, 0x01, 0x05, 0xff, 0xc4, 0xfd, 0x23, 0xfd, 0xc2, 0xfc,
    0xa1, 0xfc, 0x91, 0xfc, 0x11, 0x04, 0x11, 0x04, 0x10, 0x03, 0x10, 0x03,
    0x10, 0x03, 0x10, 0x03, 0x01, 0x03, 0x01, 0x03, 0x01, 0x03, 0x01, 0x03,
    0x00, 0x01, 0x00, 0x01, 0x00, 0x01, 0x00, 0x01, 0x00, 0x01, 0x00, 0x01,
    0x00, 0x01, 0x00, 0x01, 0x00, 0x01, 0x00, 0x01, 0x00, 0x01, 0x00, 0x01,
    0x00, 0x01, 0x00, 0x01, 0x00, 0x01, 0x00, 0x01, 0x01, 0xfe, 0xf1, 0xfd,
    0xe1, 0xfd, 0x74, 0x05, 0x47, 0x05, 0x65, 0x05, 0x56, 0x05, 0x73, 0x05,
    0x37, 0x05, 0x64, 0x05, 0xd1, 0xfd, 0x36, 0x05, 0x72, 0x04, 0x72, 0x04,
    0x27, 0x04, 0x27, 0x04, 0x46, 0x05, 0x70, 0x05, 0x07, 0x04, 0x07, 0x04,
    0x26, 0x04, 0x26, 0x04, 0x54, 0x05, 0x53, 0x05, 0x60, 0x04, 0x60, 0x04,
    0x35, 0x05, 0x44, 0x05, 0x71, 0x03, 0x71, 0x03, 0x71, 0x03, 0x71, 0x03,
    0x77, 0x01, 0x76, 0x01, 0x67, 0x01, 0x75, 0x01, 0x57, 0x01, 0x66, 0x01,
    0x55, 0x01, 0x45, 0x01, 0x17, 0x03, 0x17, 0x03, 0x63, 0x04, 0x62, 0x04,
    0x41, 0xfd, 0x51, 0x04, 0x15, 0x04, 0x31, 0xfd, 0x61, 0x03, 0x61, 0x03,
    0x16, 0x03, 0x16, 0x03, 0x06, 0x03, 0x06, 0x03, 0x50, 0x04, 0x05, 0x04,
    0x52, 0x01, 0x25, 0x01, 0x43, 0x01, 0x34, 0x01, 0xe1, 0xfc, 0xd1, 0xfc,
    0x41, 0x03, 0x14, 0x03, 0x04, 0x03, 0x32, 0x03, 0x23, 0x03, 0x30, 0x03,
    0x42, 0x01, 0x24, 0x01, 0x33, 0x01, 0x40, 0x01, 0x31, 0x02, 0x13, 0x02,
    0x03, 0x02, 0x22, 0x02, 0x21, 0x01, 0x12, 0x01, 0x20, 0x01, 0x02, 0x01,
    0x05, 0xff, 0xf3, 0xfd, 0xa3, 0xfd, 0x53, 0xfd, 0x03, 0xfd, 0xc1, 0xfc,
    0xb2, 0xfc, 0x12, 0x05, 0x21, 0x04, 0x21, 0x04, 0x20, 0x05, 0x02, 0x05,
    0x11, 0x03, 0x11, 0x03, 0x11, 0x03, 0x11, 0x03, 0x10, 0x03, 0x10, 0x03,
    0x10, 0x03, 0x10, 0x03, 0x01, 0x03, 0x01, 0x03, 0x01, 0x03, 0x01, 0x03,
    0x00, 0x02, 0x00, 0x02, 0x00, 0x02, 0x00, 0x02, 0x00, 0x02, 0x00, 0x02,
    0x00, 0x02, 0x00, 0x02, 0x77, 0x05, 0x76, 0x05, 0x67, 0x05, 0x57, 0x05,
    0x66, 0x05, 0x74, 0x05, 0x47, 0x05, 0x01, 0xfe, 0x65, 0x05, 0x56, 0x05,
    0x73, 0x04, 0x73, 0x04, 0x37, 0x04, 0x37, 0x04, 0x64, 0x04, 0x64, 0x04,
    0x54, 0x05, 0x45, 0x05, 0x53, 0x05, 0x35, 0x05, 0x72, 0x03, 0x72, 0x03,
    0x72, 0x03, 0x72, 0x03, 0x27, 0x03, 0x27, 0x03, 0x27, 0x03, 0x27, 0x03,
    0x46, 0x04, 0x46, 0x04, 0x70, 0x04, 0x70, 0x04, 0x75, 0x01, 0x55, 0x01,
    0x17, 0x02, 0x17, 0x02, 0x71, 0x03, 0x07, 0x03, 0x63, 0x03, 0x36, 0x03,
    0x06, 0x03, 0xb1, 0xfd, 0x44, 0x01, 0x52, 0x01, 0x61, 0xfd, 0x51, 0x03,
    0x26, 0x02, 0x26, 0x02, 0x62, 0x03, 0x60, 0x03, 0x61, 0x02, 0x61, 0x02,
    0x25, 0x01, 0x50, 0x01, 0x16, 0x02, 0x16, 0x02, 0x15, 0x03, 0x43, 0x03,
    0x05, 0x03, 0x11, 0xfd, 0x42, 0x03, 0x24, 0x03, 0x34, 0x01, 0x33, 0x01,
    0x41, 0x03, 0x14, 0x03, 0x40, 0x03, 0x04, 0x03, 0x32, 0x02, 0x32, 0x02,
    0x23, 0x02, 0x23, 0x02, 0x31, 0x01, 0x13, 0x01, 0x30, 0x02, 0x03, 0x02,
    0x22, 0x01, 0x22, 0x01, 0x04, 0xff, 0x73, 0xfe, 0x23, 0xfe, 0xd3, 0xfd,
    0x92, 0xfd, 0x73, 0xfd, 0x31, 0xfd, 0x21, 0xfd, 0x12, 0xfd, 0x31, 0x05,
    0x13, 0x05, 0x22, 0x05, 0x21, 0x04, 0x21, 0x04, 0x12, 0x04, 0x12, 0x04,
    0x20, 0x05, 0x02, 0x05, 0x00, 0x04, 0x00, 0x04, 0x11, 0x03, 0x11, 0x03,
    0x11, 0x03, 0x11, 0x03, 0x10, 0x03, 0x10, 0x03, 0x10, 0x03, 0x10, 0x03,
    0x01, 0x03, 0x01, 0x03, 0x01, 0x03, 0x01, 0x03, 0x81, 0xfe, 0x67, 0x04,
    0x75, 0x04, 0x57, 0x04, 0x66, 0x04, 0x74, 0x04, 0x47, 0x04, 0x56, 0x04,
    0x65, 0x03, 0x65, 0x03, 0x73, 0x03, 0x73, 0x03, 0x37, 0x04, 0x55, 0x04,
    0x72, 0x03, 0x72, 0x03, 0x77, 0x01, 0x76, 0x01, 0x27, 0x03, 0x64, 0x03,
    0x46, 0x03, 0x71, 0x03, 0x17, 0x03, 0x31, 0xfe, 0x63, 0x03, 0x36, 0x03,
    0x70, 0x01, 0x07, 0x01, 0x54, 0x03, 0x45, 0x03, 0x44, 0x03, 0xe1, 0xfd,
    0x62, 0x02, 0x62, 0x02, 0x26, 0x02, 0x26, 0x02, 0x60, 0x01, 0x50, 0x01,
    0x16, 0x02, 0x16, 0x02, 0x61, 0x03, 0x06, 0x03, 0x53, 0x03, 0x35, 0x03,
    0x52, 0x03, 0x25, 0x03, 0x51, 0x02, 0x15, 0x02, 0x43, 0x02, 0x34, 0x02,
    0x05, 0x03, 0x40, 0x03, 0x42, 0x02, 0x42, 0x02, 0x24, 0x02, 0x24, 0x02,
    0x41, 0x02, 0x41, 0x02, 0x33, 0x01, 0x14, 0x01, 0x32, 0x01, 0x23, 0x01,
    0x04, 0x02, 0x30, 0x02, 0x03, 0x01, 0x03, 0x01, 0x06, 0xff, 0xc5, 0xf7,
    0x35, 0xf6, 0x34, 0xf5, 0xa3, 0xf4, 0x62, 0xf4, 0x41, 0xf4, 0x31, 0xf4,
    0x11, 0x04, 0x11, 0x04, 0x10, 0x04, 0x10, 0x04, 0x01, 0x03, 0x01, 0x03,
    0x01, 0x03, 0x01, 0x03, 0x00, 0x01, 0x00, 0x01, 0x00, 0x01, 0x00, 0x01,
    0x00, 0x01, 0x00, 0x01, 0x00, 0x01, 0x00, 0x01, 0x00, 0x01, 0x00, 0x01,
    0x00, 0x01, 0x00, 0x01, 0x00, 0x01, 0x00, 0x01, 0x00, 0x01, 0x00, 0x01,
    0x01, 0xfd, 0xe4, 0xfb, 0x43, 0xfb, 0x03, 0xfb, 0xb2, 0xfa, 0x83, 0xfa,
    0x43, 0xfa, 0x01, 0xfa, 0xf2, 0xf9, 0xd2, 0xf9, 0xb2, 0xf9, 0x91, 0xf9,
    0x82, 0xf9, 0x62, 0xf9, 0x42, 0xf9, 0x21, 0xf9, 0x12, 0xf9, 0xf1, 0xf8,
    0xe2, 0xf8, 0xc2, 0xf8, 0xa2, 0xf8, 0x1d, 0x06, 0x81, 0xf8, 0x71, 0xf8,
    0x61, 0xf8, 0x51, 0xf8, 0xc3, 0x06, 0xc2, 0x06, 0x2c, 0x06, 0xb5, 0x06,
    0x41, 0xf8, 0xc1, 0x06, 0x1c, 0x06, 0x31, 0xf8, 0x0c, 0x06, 0x21, 0xf8,
    0x11, 0xf8, 0xb3, 0x06, 0x3b, 0x06, 0x01, 0xf8, 0xb2, 0x06, 0xf1, 0xf7,
    0x4a, 0x06, 0xe1, 0xf7, 0x49, 0x06, 0xd1, 0xf7, 0x2b, 0x05, 0x2b, 0x05,
    0xb1, 0x05, 0xb1, 0x05, 0x1b, 0x05, 0x1b, 0x05, 0xb0, 0x06, 0x0b, 0x06,
    0x69, 0x06, 0xa4, 0x06, 0xa3, 0x06, 0x3a, 0x06, 0x95, 0x06, 0x59, 0x06,
    0xa2, 0x05, 0xa2, 0x05, 0x2a, 0x05, 0x2a, 0x05, 0xf4, 0xfc, 0x33, 0xfc,
    0x72, 0xfc, 0xff, 0x04, 0xfe, 0x04, 0xfd, 0x04, 0xee, 0x04, 0xfc, 0x04,
    0xed, 0x04, 0xfb, 0x04, 0xbf, 0x04, 0xec, 0x04, 0xcd, 0x04, 0x41, 0xfc,
    0xce, 0x03, 0xce, 0x03, 0xdd, 0x03, 0xdd, 0x03, 0x51, 0xfc, 0xdf, 0x02,
    0xde, 0x01, 0xde, 0x01, 0xef, 0x01, 0xcf, 0x01, 0xfa, 0x01, 0x9e, 0x01,
    0xf1, 0xfb, 0xeb, 0x03, 0xbe, 0x03, 0xf9, 0x03, 0x9f, 0x03, 0xae, 0x03,
    0xdb, 0x03, 0xbd, 0x03, 0xaf, 0x01, 0xdc, 0x01, 0xf8, 0x04, 0x8f, 0x04,
    0xcc, 0x04, 0x61, 0xfb, 0xe8, 0x04, 0x51, 0xfb, 0x7f, 0x03, 0x7f, 0x03,
    0xad, 0x03, 0xad, 0x03, 0xda, 0x04, 0xcb, 0x04, 0xbc, 0x04, 0x6f, 0x04,
    0xf6, 0x03, 0xf6, 0x03, 0xea, 0x01, 0xe9, 0x01, 0xf7, 0x01, 0xe7, 0x01,
    0x8e, 0x03, 0xf5, 0x03, 0xd9, 0x03, 0x9d, 0x03, 0x5f, 0x03, 0x7e, 0x03,
    0xca, 0x03, 0xbb, 0x03, 0xf4, 0x03, 0x4f, 0x03, 0xc1, 0xfa, 0x3f, 0x03,
    0xf3, 0x02, 0xf3, 0x02, 0xd8, 0x03, 0x8d, 0x03, 0xac, 0x01, 0x6e, 0x01,
    0xf2, 0x02, 0x2f, 0x02, 0x91, 0xfa, 0xf0, 0x02, 0xe6, 0x01, 0xc9, 0x01,
    0x9c, 0x03, 0xe5, 0x03, 0xba, 0x02, 0xba, 0x02, 0xd7, 0x03, 0x7d, 0x03,
    0xe4, 0x02, 0xe4, 0x02, 0x8c, 0x03, 0x6d, 0x03, 0xe3, 0x02, 0xe3, 0x02,
    0x9b, 0x02, 0x9b, 0x02, 0xb9, 0x03, 0xaa, 0x03, 0xf1, 0x01, 0x1f, 0x01,
    0x0f, 0x01, 0x0f, 0x01, 0xab, 0x02, 0x5e, 0x02, 0x4e, 0x02, 0xc8, 0x02,
    0xd6, 0x02, 0x3e, 0x02, 0x2e, 0x01, 0x2e, 0x01, 0xe2, 0x02, 0xe0, 0x02,
    0xe1, 0x01, 0x1e, 0x01, 0x0e, 0x02, 0xd5, 0x02, 0x5d, 0x02, 0xc7, 0x02,
    0x7c, 0x02, 0xd4, 0x02, 0xb8, 0x02, 0x8b, 0x02, 0x4d, 0x02, 0xa9, 0x02,
    0x9a, 0x02, 0xc6, 0x02, 0x6c, 0x01, 0xd3, 0x01, 0x3d, 0x02, 0xb7, 0x02,
    0xd2, 0x01, 0xd2, 0x01, 0x2d, 0x01, 0xd1, 0x01, 0x7b, 0x01, 0x7b, 0x01,
    0xc5, 0x02, 0x5c, 0x02, 0x99, 0x02, 0xa7, 0x02, 0x3c, 0x01, 0x3c, 0x01,
    0x7a, 0x02, 0x79, 0x02, 0xb4, 0x01, 0xb4, 0x01, 0xd0, 0x01, 0x0d, 0x01,
    0xa8, 0x01, 0x8a, 0x01, 0xc4, 0x01, 0x4c, 0x01, 0xb6, 0x01, 0x6b, 0x01,
    0x5b, 0x01, 0x98, 0x01, 0x89, 0x01, 0xc0, 0x01, 0x4b, 0x01, 0xa6, 0x01,
    0x6a, 0x01, 0x97, 0x01, 0x88, 0x01, 0xa5, 0x01, 0x5a, 0x01, 0x96, 0x01,
    0x87, 0x01, 0x78, 0x01, 0x77, 0x01, 0x67, 0x01, 0xa1, 0x05, 0x1a, 0x05,
    0xc1, 0xf6, 0x0a, 0x05, 0xb1, 0xf6, 0x39, 0x05, 0xa1, 0xf6, 0x91, 0xf6,
    0x92, 0x05, 0x29, 0x05, 0x81, 0xf6, 0x83, 0x05, 0x38, 0x05, 0x71, 0xf6,
    0x61, 0xf6, 0x51, 0xf6, 0x91, 0x04, 0x91, 0x04, 0x19, 0x04, 0x19, 0x04,
    0x90, 0x05, 0x09, 0x05, 0x84, 0x05, 0x48, 0x05, 0x27, 0x05, 0x41, 0xf6,
    0x82, 0x04, 0x82, 0x04, 0x28, 0x04, 0x28, 0x04, 0x81, 0x04, 0x81, 0x04,
    0xa0, 0x01, 0x86, 0x01, 0x68, 0x01, 0x94, 0x01, 0x93, 0x01, 0x85, 0x01,
    0x58, 0x01, 0x76, 0x01, 0x75, 0x01, 0x57, 0x01, 0x66, 0x01, 0x74, 0x01,
    0x47, 0x01, 0x65, 0x01, 0x56, 0x01, 0x37, 0x01, 0x64, 0x01, 0x46, 0x01,
    0x73, 0x05, 0x72, 0x05, 0x71, 0x04, 0x71, 0x04, 0x17, 0x04, 0x17, 0x04,
    0x55, 0x05, 0x70, 0x05, 0x07, 0x05, 0x63, 0x05, 0x36, 0x05, 0x54, 0x05,
    0x45, 0x05, 0x62, 0x05, 0x26, 0x05, 0x53, 0x05, 0x18, 0x03, 0x18, 0x03,
    0x18, 0x03, 0x18, 0x03, 0x80, 0x04, 0x80, 0x04, 0x08, 0x04, 0x08, 0x04,
    0x61, 0x04, 0x61, 0x04, 0x16, 0x04, 0x16, 0x04, 0x60, 0x04, 0x60, 0x04,
    0x06, 0x04, 0x06, 0x04, 0xb1, 0xf4, 0x52, 0x04, 0x25, 0x04, 0x50, 0x04,
    0x51, 0x03, 0x51, 0x03, 0x15, 0x03, 0x15, 0x03, 0x43, 0x04, 0x34, 0x04,
    0x05, 0x04, 0x42, 0x04, 0x24, 0x04, 0x33, 0x04, 0x41, 0x03, 0x41, 0x03,
    0x35, 0x01, 0x44, 0x01, 0x14, 0x02, 0x14, 0x02, 0x40, 0x03, 0x04, 0x03,
    0x32, 0x03, 0x23, 0x03, 0x31, 0x02, 0x31, 0x02, 0x13, 0x02, 0x30, 0x02,
    0x03, 0x02, 0x22, 0x02, 0x21, 0x01, 0x12, 0x01, 0x20, 0x01, 0x02, 0x01,
    0x06, 0xff, 0x65, 0xfb, 0xd5, 0xf9, 0xd4, 0xf8, 0x34, 0xf8, 0xb4, 0xf7,
    0x33, 0xf7, 0xe3, 0xf6, 0x93, 0xf6, 0x53, 0xf6, 0x12, 0xf6, 0xf2, 0xf5,
    0xd1, 0xf5, 0xc2, 0xf5, 0xa1, 0xf5, 0x22, 0x05, 0x21, 0x05, 0x12, 0x05,
    0x20, 0x05, 0x02, 0x05, 0x11, 0x03, 0x11, 0x03, 0x11, 0x03, 0x11, 0x03,
    0x10, 0x04, 0x10, 0x04, 0x01, 0x04, 0x01, 0x04, 0x00, 0x03, 0x00, 0x03,
    0x00, 0x03, 0x00, 0x03, 0x02, 0xfd, 0xe2, 0xfc, 0xc2, 0xfc, 0xa2, 0xfc,
    0x81, 0xfc, 0x71, 0xfc, 0x61, 0xfc, 0x51, 0xfc, 0x41, 0xfc, 0x31, 0xfc,
    0x21, 0xfc, 0x11, 0xfc, 0x01, 0xfc, 0xf1, 0xfb, 0xe1, 0xfb, 0xd2, 0xfb,
    0xbc, 0x06, 0x6f, 0x06, 0xb1, 0xfb, 0xa1, 0xfb, 0x5f, 0x06, 0xe7, 0x06,
    0x7e, 0x06, 0xca, 0x06, 0xac, 0x06, 0xbb, 0x06, 0x91, 0xfb, 0xf4, 0x06,
    0x4f, 0x06, 0xf3, 0x06, 0x3f, 0x06, 0x8d, 0x06, 0x6e, 0x06, 0xf2, 0x06,
    0x2f, 0x06, 0x81, 0xfb, 0xf1, 0x06, 0x1f, 0x06, 0xc9, 0x06, 0x9c, 0x06,
    0xe5, 0x06, 0xba, 0x06, 0xab, 0x06, 0x5e, 0x06, 0xd7, 0x06, 0x7d, 0x06,
    0xe4, 0x06, 0x4e, 0x06, 0xc8, 0x06, 0x8c, 0x06, 0xe3, 0x06, 0xd6, 0x06,
    0x6d, 0x06, 0x3e, 0x06, 0xb9, 0x06, 0x9b, 0x06, 0xe2, 0x06, 0xaa, 0x06,
    0x2e, 0x06, 0xe1, 0x06, 0x1e, 0x06, 0x71, 0xfb, 0xd5, 0x06, 0x5d, 0x06,
    0xff, 0x02, 0xfe, 0x02, 0xef, 0x02, 0xfd, 0x02, 0xee, 0x01, 0xee, 0x01,
    0xdf, 0x02, 0xfc, 0x02, 0xcf, 0x02, 0xed, 0x02, 0xde, 0x02, 0xfb, 0x02,
    0xbf, 0x01, 0xbf, 0x01, 0xec, 0x02, 0xce, 0x02, 0xdd, 0x01, 0xfa, 0x01,
    0xaf, 0x01, 0xeb, 0x01, 0xbe, 0x01, 0xdc, 0x01, 0xcd, 0x01, 0xf9, 0x01,
    0x9f, 0x01, 0xae, 0x01, 0xdb, 0x01, 0xbd, 0x01, 0xf8, 0x01, 0x8f, 0x01,
    0xcc, 0x01, 0xe9, 0x01, 0x9e, 0x01, 0xf7, 0x01, 0x7f, 0x01, 0xda, 0x01,
    0xad, 0x01, 0xcb, 0x01, 0xf6, 0x01, 0xf6, 0x01, 0xea, 0x02, 0xf0, 0x02,
    0xe8, 0x01, 0x8e, 0x01, 0xf5, 0x01, 0xd9, 0x01, 0x9d, 0x01, 0xd8, 0x01,
    0xe6, 0x01, 0x0f, 0x01, 0xe0, 0x01, 0x0e, 0x01, 0x61, 0xfa, 0x51, 0xfa,
    0x4d, 0x05, 0x41, 0xfa, 0x31, 0xfa, 0x21, 0xfa, 0x3d, 0x05, 0x2d, 0x05,
    0x11, 0xfa, 0xd1, 0x05, 0xb7, 0x05, 0x7b, 0x05, 0x1d, 0x05, 0x01, 0xfa,
    0x5c, 0x05, 0xa8, 0x05, 0x8a, 0x05, 0xc4, 0x05, 0x4c, 0x05, 0xb6, 0x05,
    0x6b, 0x05, 0xf1, 0xf9, 0xc3, 0x05, 0x3c, 0x05, 0xa7, 0x05, 0x7a, 0x05,
    0x6a, 0x05, 0xe1, 0xf9, 0x2c, 0x04, 0x2c, 0x04, 0xc2, 0x05, 0xb5, 0x05,
    0xc7, 0x01, 0x7c, 0x01, 0xd4, 0x01, 0xb8, 0x01, 0x8b, 0x01, 0xa9, 0x01,
    0x9a, 0x01, 0xc6, 0x01, 0x6c, 0x01, 0xd3, 0x01, 0xd2, 0x01, 0xd0, 0x01,
    0xc5, 0x01, 0x0d, 0x01, 0x99, 0x01, 0xc0, 0x01, 0x0c, 0x01, 0xb0, 0x01,
    0x5b, 0x05, 0xc1, 0x05, 0x98, 0x05, 0x89, 0x05, 0x1c, 0x05, 0xb4, 0x05,
    0x4b, 0x05, 0xa6, 0x05, 0xb3, 0x05, 0x97, 0x05, 0x3b, 0x04, 0x3b, 0x04,
    0x79, 0x05, 0x88, 0x05, 0xb2, 0x05, 0xa5, 0x05, 0x2b, 0x04, 0x2b, 0x04,
    0x5a, 0x05, 0xb1, 0x05, 0x1b, 0x04, 0x1b, 0x04, 0x0b, 0x05, 0x96, 0x05,
    0x69, 0x05, 0xa4, 0x05, 0x4a, 0x05, 0x87, 0x05, 0x78, 0x05, 0xa3, 0x05,
    0x3a, 0x04, 0x3a, 0x04, 0x95, 0x04, 0x59, 0x04, 0xa2, 0x04, 0x2a, 0x04,
    0xa1, 0x04, 0x1a, 0x04, 0x51, 0xf8, 0x86, 0x04, 0x68, 0x04, 0x94, 0x04,
    0x49, 0x04, 0x93, 0x04, 0x39, 0x04, 0x41, 0xf8, 0x85, 0x04, 0x58, 0x04,
    0xa0, 0x01, 0x0a, 0x01, 0x77, 0x01, 0x90, 0x01, 0x92, 0x04, 0x76, 0x04,
    0x67, 0x04, 0x29, 0x04, 0x19, 0x03, 0x19, 0x03, 0x91, 0x04, 0x09, 0x04,
    0x84, 0x04, 0x48, 0x04, 0x75, 0x04, 0x57, 0x04, 0x83, 0x04, 0x38, 0x04,
    0x66, 0x04, 0x74, 0x04, 0x82, 0x03, 0x82, 0x03, 0x28, 0x03, 0x28, 0x03,
    0x81, 0x03, 0x81, 0x03, 0x18, 0x03, 0x18, 0x03, 0x47, 0x04, 0x80, 0x04,
    0x08, 0x04, 0x65, 0x04, 0x56, 0x04, 0x73, 0x04, 0x37, 0x04, 0x64, 0x04,
    0x72, 0x03, 0x27, 0x03, 0x46, 0x03, 0x71, 0x03, 0x55, 0x03, 0x17, 0x03,
    0xf1, 0xf6, 0x63, 0x03, 0x70, 0x01, 0x07, 0x01, 0x36, 0x03, 0x54, 0x03,
    0x45, 0x03, 0x62, 0x03, 0x26, 0x03, 0x61, 0x03, 0xa1, 0xf6, 0x53, 0x03,
    0x60, 0x01, 0x06, 0x01, 0x16, 0x02, 0x16, 0x02, 0x35, 0x03, 0x44, 0x03,
    0x52, 0x02, 0x52, 0x02, 0x25, 0x02, 0x25, 0x02, 0x51, 0x02, 0x51, 0x02,
    0x15, 0x02, 0x15, 0x02, 0x50, 0x03, 0x05, 0x03, 0x43, 0x02, 0x43, 0x02,
    0x34, 0x02, 0x42, 0x02, 0x24, 0x02, 0x33, 0x02, 0x14, 0x01, 0x14, 0x01,
    0x41, 0x02, 0x40, 0x02, 0x32, 0x01, 0x23, 0x01, 0x04, 0x02, 0x30, 0x02,
    0x31, 0x01, 0x31, 0x01, 0x13, 0x01, 0x03, 0x01, 0x05, 0xff, 0x84, 0xfc,
    0xf6, 0xf7, 0xc4, 0xf5, 0xf4, 0xf4, 0x73, 0xf4, 0x31, 0xf4, 0x21, 0xf4,
    0x11, 0x04, 0x11, 0x04, 0x10, 0x04, 0x10, 0x04, 0x01, 0x03, 0x01, 0x03,
    0x01, 0x03, 0x01, 0x03, 0x00, 0x01, 0x00, 0x01, 0x00, 0x01, 0x00, 0x01,
    0x00, 0x01, 0x00, 0x01, 0x00, 0x01, 0x00, 0x01, 0x00, 0x01, 0x00, 0x01,
    0x00, 0x01, 0x00, 0x01, 0x00, 0x01, 0x00, 0x01, 0x00, 0x01, 0x00, 0x01,
    0x01, 0xfe, 0xf1, 0xfd, 0xe1, 0xfd, 0xd1, 0xfd, 0xfa, 0x05, 0xc1, 0xfd,
    0xb1, 0xfd, 0xf8, 0x05, 0xf7, 0x05, 0x7f, 0x05, 0xf6, 0x05, 0x6f, 0x05,
    0xff, 0x03, 0xff, 0x03, 0xff, 0x03, 0xff, 0x03, 0xf5, 0x05, 0x5f, 0x05,
    0xf4, 0x04, 0xf4, 0x04, 0x4f, 0x04, 0x4f, 0x04, 0x3f, 0x04, 0x3f, 0x04,
    0x0f, 0x04, 0x0f, 0x04, 0xf3, 0x05, 0xa4, 0xfd, 0x2f, 0x03, 0x2f, 0x03,
    0x2f, 0x03, 0x2f, 0x03, 0xfe, 0x01, 0xef, 0x01, 0xfd, 0x01, 0xdf, 0x01,
    0xfc, 0x01, 0xcf, 0x01, 0xfb, 0x01, 0xbf, 0x01, 0xaf, 0x01, 0xf9, 0x01,
    0x9f, 0x01, 0x8f, 0x01, 0x22, 0xfd, 0xf2, 0xfc, 0xee, 0x04, 0xd1, 0xfc,
    0xeb, 0x04, 0xdc, 0x04, 0xc1, 0xfc, 0xea, 0x04, 0xcc, 0x04, 0xb1, 0xfc,
    0xa1, 0xfc, 0xac, 0x04, 0x91, 0xfc, 0xe5, 0x04, 0xdb, 0x03, 0xdb, 0x03,
    0xec, 0x02, 0x01, 0xfd, 0xed, 0x01, 0xed, 0x01, 0xce, 0x01, 0xdd, 0x01,
    0x9e, 0x01, 0x9e, 0x01, 0xae, 0x02, 0x9d, 0x02, 0xde, 0x01, 0xbe, 0x01,
    0xcd, 0x01, 0xbd, 0x01, 0xda, 0x01, 0xad, 0x01, 0xe7, 0x01, 0xca, 0x01,
    0x9c, 0x01, 0xd7, 0x01, 0xf2, 0x04, 0xf0, 0x04, 0xf1, 0x03, 0xf1, 0x03,
    0x1f, 0x03, 0x1f, 0x03, 0x05, 0xfc, 0x04, 0xfb, 0x54, 0xfa, 0xd3, 0xf9,
    0x73, 0xf9, 0x23, 0xf9, 0xe3, 0xf8, 0xa2, 0xf8, 0x73, 0xf8, 0x33, 0xf8,
    0xe9, 0x04, 0xe9, 0x04, 0xcb, 0x05, 0xbc, 0x05, 0xe8, 0x05, 0x8e, 0x05,
    0xd9, 0x05, 0x7e, 0x05, 0xbb, 0x05, 0xd8, 0x05, 0x8d, 0x05, 0xe6, 0x05,
    0x6e, 0x04, 0x6e, 0x04, 0xc9, 0x04, 0xc9, 0x04, 0xba, 0x05, 0xab, 0x05,
    0x5e, 0x05, 0x7d, 0x05, 0xe4, 0x04, 0xe4, 0x04, 0x4e, 0x05, 0xc8, 0x05,
    0x8c, 0x04, 0x8c, 0x04, 0xe3, 0x04, 0xe3, 0x04, 0xd6, 0x04, 0xd6, 0x04,
    0x6d, 0x05, 0xb9, 0x05, 0x81, 0xfa, 0x1e, 0x04, 0x4d, 0x04, 0x71, 0xfa,
    0xb7, 0x04, 0x61, 0xfa, 0x3e, 0x03, 0x3e, 0x03, 0xe0, 0x04, 0x0e, 0x04,
    0xd5, 0x04, 0x5d, 0x04, 0xc7, 0x04, 0x7c, 0x04, 0xd4, 0x04, 0xb8, 0x04,
    0x9b, 0x01, 0xaa, 0x01, 0x8b, 0x01, 0x9a, 0x01, 0x7b, 0x01, 0x0d, 0x01,
    0xa9, 0x04, 0xc6, 0x04, 0x6c, 0x04, 0xd3, 0x04, 0xc5, 0x04, 0x5c, 0x04,
    0xd0, 0x03, 0xd0, 0x03, 0xa8, 0x04, 0x8a, 0x04, 0x99, 0x04, 0xc4, 0x04,
    0x6b, 0x04, 0xa7, 0x04, 0xc3, 0x03, 0xc3, 0x03, 0x91, 0xf9, 0xc1, 0x03,
    0x0c, 0x03, 0x81, 0xf9, 0x2e, 0x02, 0x2e, 0x02, 0xe2, 0x03, 0xe1, 0x03,
    0xb5, 0x01, 0x98, 0x01, 0x89, 0x01, 0x97, 0x01, 0x3d, 0x03, 0xd2, 0x03,
    0x2d, 0x03, 0x1d, 0x03, 0xb3, 0x03, 0x31, 0xf9, 0xd1, 0x02, 0xd1, 0x02,
    0x79, 0x01, 0x88, 0x01, 0x4c, 0x03, 0xb6, 0x03, 0x3c, 0x03, 0x7a, 0x03,
    0xc2, 0x02, 0xc2, 0x02, 0x2c, 0x03, 0x5b, 0x03, 0x1c, 0x03, 0xc0, 0x03,
    0xb4, 0x03, 0x4b, 0x03, 0xa6, 0x03, 0x6a, 0x03, 0x3b, 0x02, 0x3b, 0x02,
    0x81, 0xf8, 0xb2, 0x02, 0x2b, 0x02, 0xb1, 0x02, 0xa5, 0x01, 0x5a, 0x01,
    0x1b, 0x02, 0x1b, 0x02, 0xb0, 0x03, 0x0b, 0x03, 0x96, 0x03, 0x69, 0x03,
    0xa4, 0x03, 0x4a, 0x03, 0x87, 0x03, 0x78, 0x03, 0x3a, 0x02, 0x3a, 0x02,
    0xa3, 0x03, 0x95, 0x03, 0xa2, 0x02, 0xa2, 0x02, 0xf1, 0xf5, 0x1a, 0x06,
    0xe1, 0xf5, 0x49, 0x06, 0xd1, 0xf5, 0x76, 0x06, 0x2a, 0x05, 0x2a, 0x05,
    0xa1, 0x05, 0xa1, 0x05, 0xa0, 0x06, 0x0a, 0x06, 0x93, 0x06, 0x39, 0x06,
    0x85, 0x06, 0x58, 0x06, 0x92, 0x05, 0x92, 0x05, 0x29, 0x05, 0x29, 0x05,
    0x67, 0x06, 0x90, 0x06, 0x91, 0x05, 0x91, 0x05, 0x19, 0x05, 0x19, 0x05,
    0x09, 0x06, 0x84, 0x06, 0x48, 0x06, 0x57, 0x06, 0x83, 0x06, 0x38, 0x06,
    0x66, 0x06, 0x82, 0x06, 0x28, 0x05, 0x28, 0x05, 0x74, 0x06, 0x47, 0x06,
    0x81, 0x05, 0x81, 0x05, 0x18, 0x05, 0x18, 0x05, 0x08, 0x05, 0x08, 0x05,
    0x80, 0x06, 0x65, 0x06, 0x73, 0x05, 0x73, 0x05, 0x37, 0x05, 0x37, 0x05,
    0x56, 0x06, 0x64, 0x06, 0x72, 0x05, 0x72, 0x05, 0x27, 0x05, 0x27, 0x05,
    0x46, 0x06, 0x55, 0x06, 0x70, 0x05, 0x70, 0x05, 0x71, 0x04, 0x71, 0x04,
    0x71, 0x04, 0x71, 0x04, 0x59, 0x01, 0x86, 0x01, 0x68, 0x01, 0x77, 0x01,
    0x94, 0x01, 0x75, 0x01, 0x17, 0x04, 0x41, 0xf5, 0x31, 0xf5, 0x21, 0xf5,
    0x26, 0x04, 0x61, 0x04, 0x16, 0x04, 0x11, 0xf5, 0x35, 0x04, 0x01, 0xf5,
    0x52, 0x04, 0x25, 0x04, 0x15, 0x03, 0x15, 0x03, 0x51, 0x04, 0x50, 0x04,
    0x07, 0x01, 0x63, 0x01, 0x36, 0x01, 0x54, 0x01, 0x45, 0x01, 0x62, 0x01,
    0x60, 0x01, 0x06, 0x01, 0x53, 0x01, 0x44, 0x01, 0x43, 0x04, 0x34, 0x04,
    0x05, 0x04, 0x42, 0x04, 0x24, 0x04, 0x33, 0x04, 0x41, 0x03, 0x41, 0x03,
    0x14, 0x03, 0x14, 0x03, 0x40, 0x04, 0x04, 0x04, 0x32, 0x03, 0x32, 0x03,
    0x23, 0x03, 0x23, 0x03, 0x31, 0x02, 0x31, 0x02, 0x13, 0x02, 0x13, 0x02,
    0x30, 0x03, 0x03, 0x03, 0x22, 0x02, 0x22, 0x02, 0x21, 0x01, 0x12, 0x01,
    0x20, 0x01, 0x02, 0x01, 0x03, 0xff, 0xc3, 0xfe, 0x83, 0xfe, 0x42, 0xfe,
    0x22, 0xfe, 0x03, 0xfe, 0xff, 0x04, 0xff, 0x04, 0xd5, 0xfc, 0x65, 0xfb,
    0x55, 0xfa, 0x24, 0xf9, 0x94, 0xf8, 0x14, 0xf8, 0x73, 0xf7, 0x33, 0xf7,
    0xe3, 0xf6, 0x92, 0xf6, 0x73, 0xf6, 0x31, 0xf6, 0x22, 0xf6, 0x21, 0x05,
    0x12, 0x05, 0x01, 0xf6, 0x11, 0x04, 0x11, 0x04, 0x10, 0x04, 0x10, 0x04,
    0x01, 0x04, 0x01, 0x04, 0x00, 0x04, 0x00, 0x04, 0xfe, 0x03, 0xef, 0x03,
    0xfd, 0x03, 0xdf, 0x03, 0xfc, 0x03, 0xcf, 0x03, 0xfb, 0x03, 0xbf, 0x03,
    0xaf, 0x02, 0xaf, 0x02, 0xfa, 0x03, 0xf9, 0x03, 0x9f, 0x02, 0x9f, 0x02,
    0x8f, 0x02, 0x8f, 0x02, 0xf8, 0x03, 0xf7, 0x03, 0x7f, 0x02, 0x7f, 0x02,
    0xf6, 0x02, 0xf6, 0x02, 0x6f, 0x02, 0x6f, 0x02, 0xf5, 0x02, 0x5f, 0x02,
    0xf4, 0x02, 0x4f, 0x02, 0xf3, 0x02, 0x3f, 0x02, 0xf2, 0x02, 0x2f, 0x02,
    0x1f, 0x02, 0x1f, 0x02, 0xf1, 0x03, 0x0f, 0x03, 0xc1, 0xfd, 0x93, 0xfd,
    0x53, 0xfd, 0x13, 0xfd, 0xf0, 0x01, 0xb2, 0xfd, 0xee, 0x02, 0xed, 0x02,
    0xde, 0x02, 0xec, 0x02, 0xce, 0x03, 0xdd, 0x03, 0xeb, 0x03, 0xbe, 0x03,
    0xdc, 0x03, 0xcd, 0x03, 0xea, 0x03, 0xae, 0x03, 0xdb, 0x03, 0xbd, 0x03,
    0xcc, 0x03, 0xe9, 0x03, 0x9e, 0x03, 0xda, 0x03, 0xad, 0x03, 0xcb, 0x03,
    0xbc, 0x03, 0xe8, 0x03, 0x8e, 0x03, 0xd9, 0x03, 0x9d, 0x03, 0xe7, 0x03,
    0x7e, 0x03, 0xca, 0x03, 0xd1, 0xfb, 0xc1, 0xfb, 0xb2, 0xfb, 0x6e, 0x05,
    0x91, 0xfb, 0x9c, 0x05, 0xe5, 0x05, 0xab, 0x05, 0x5e, 0x05, 0x81, 0xfb,
    0x7d, 0x05, 0x4e, 0x05, 0xc8, 0x05, 0x8c, 0x05, 0x71, 0xfb, 0xe3, 0x05,
    0xd6, 0x05, 0x6d, 0x05, 0x3e, 0x05, 0xb9, 0x05, 0x9b, 0x05, 0xaa, 0x05,
    0x2e, 0x05, 0xe1, 0x05, 0x1e, 0x05, 0xd5, 0x05, 0x5d, 0x05, 0xc7, 0x05,
    0x7c, 0x05, 0xd4, 0x05, 0xb8, 0x05, 0x8b, 0x05, 0xac, 0x01, 0xbb, 0x01,
    0xd8, 0x01, 0x8d, 0x01, 0xe0, 0x02, 0x0e, 0x02, 0xd0, 0x01, 0xd0, 0x01,
    0xe6, 0x01, 0xc9, 0x01, 0xba, 0x01, 0xd7, 0x01, 0xe4, 0x01, 0xe2, 0x01,
    0x4d, 0x05, 0xa9, 0x05, 0x9a, 0x05, 0xc6, 0x05, 0x6c, 0x05, 0xd3, 0x05,
    0x3d, 0x05, 0xd2, 0x05, 0x2d, 0x05, 0xd1, 0x05, 0xb7, 0x05, 0x7b, 0x05,
    0x1d, 0x05, 0xc5, 0x05, 0x5c, 0x05, 0xa8, 0x05, 0x8a, 0x05, 0x99, 0x05,
    0xc4, 0x05, 0x4c, 0x05, 0xb6, 0x05, 0x6b, 0x05, 0x61, 0xfa, 0xc3, 0x05,
    0x3c, 0x05, 0xa7, 0x05, 0x7a, 0x05, 0xc2, 0x05, 0x2c, 0x05, 0xb5, 0x05,
    0x5b, 0x05, 0xc1, 0x05, 0x0d, 0x01, 0xc0, 0x01, 0x98, 0x05, 0x89, 0x05,
    0x1c, 0x05, 0xb4, 0x05, 0x51, 0xf9, 0xb3, 0x05, 0x41, 0xf9, 0xa1, 0x05,
    0x4b, 0x04, 0x4b, 0x04, 0xa6, 0x05, 0x6a, 0x05, 0x97, 0x05, 0x79, 0x05,
    0x31, 0xf9, 0x09, 0x05, 0x3b, 0x04, 0x3b, 0x04, 0x88, 0x04, 0x88, 0x04,
    0xb2, 0x05, 0xa5, 0x05, 0x2b, 0x04, 0x2b, 0x04, 0x5a, 0x05, 0xb1, 0x05,
    0x1b, 0x05, 0x96, 0x05, 0x69, 0x04, 0x69, 0x04, 0x4a, 0x04, 0x4a, 0x04,
    0x0c, 0x01, 0xb0, 0x01, 0x0b, 0x01, 0xa0, 0x01, 0x0a, 0x01, 0x90, 0x01,
    0xa1, 0xf8, 0x78, 0x04, 0xa3, 0x04, 0x3a, 0x04, 0x95, 0x04, 0x59, 0x04,
    0xa2, 0x04, 0x2a, 0x04, 0x1a, 0x04, 0x86, 0x04, 0x68, 0x04, 0x77, 0x04,
    0x94, 0x04, 0x49, 0x04, 0x93, 0x04, 0x39, 0x04, 0xa4, 0x01, 0x87, 0x01,
    0x85, 0x04, 0x58, 0x04, 0x92, 0x04, 0x76, 0x04, 0x67, 0x04, 0x29, 0x04,
    0x91, 0x04, 0x19, 0x04, 0x84, 0x04, 0x48, 0x04, 0x75, 0x04, 0x57, 0x04,
    0x83, 0x04, 0x38, 0x04, 0x66, 0x04, 0x82, 0x04, 0x28, 0x04, 0x81, 0x04,
    0x74, 0x04, 0x47, 0x04, 0x18, 0x04, 0x91, 0xf7, 0x65, 0x04, 0x56, 0x04,
    0x71, 0x04, 0x81, 0xf7, 0x37, 0x03, 0x37, 0x03, 0x73, 0x04, 0x72, 0x04,
    0x27, 0x03, 0x27, 0x03, 0x80, 0x01, 0x08, 0x01, 0x70, 0x01, 0x07, 0x01,
    0x64, 0x03, 0x46, 0x03, 0x55, 0x03, 0x17, 0x03, 0x63, 0x03, 0x36, 0x03,
    0x54, 0x03, 0x45, 0x03, 0x62, 0x03, 0x26, 0x03, 0x61, 0x03, 0x16, 0x03,
    0xf1, 0xf6, 0x53, 0x03, 0x35, 0x03, 0x44, 0x03, 0x60, 0x01, 0x06, 0x01,
    0x52, 0x03, 0x25, 0x03, 0x51, 0x03, 0xa1, 0xf6, 0x15, 0x02, 0x15, 0x02,
    0x43, 0x03, 0x34, 0x03, 0x50, 0x01, 0x05, 0x01, 0x42, 0x02, 0x24, 0x02,
    0x33, 0x02, 0x41, 0x02, 0x14, 0x02, 0x14, 0x02, 0x40, 0x03, 0x04, 0x03,
    0x32, 0x02, 0x32, 0x02, 0x23, 0x02, 0x23, 0x02, 0x31, 0x01, 0x13, 0x01,
    0x30, 0x02, 0x03, 0x02, 0x22, 0x01, 0x22, 0x01, 0x20, 0x01, 0x02, 0x01,
    0x82, 0xa2, 0xc1, 0xd1, 0x2c, 0x1c, 0x4c, 0x8c, 0x09, 0x09, 0x09, 0x09,
    0x09, 0x09, 0x09, 0x09, 0xbe, 0xfe, 0xde, 0xee, 0x7e, 0x5e, 0x9d, 0x9d,
    0x6d, 0x3d, 0xad, 0xcd, 0x00, 0x00, 0x20, 0x00, 0x40, 0x00, 0x62, 0x00,
    0x00, 0x00, 0x84, 0x00, 0xb4, 0x00, 0xda, 0x00, 0x24, 0x01, 0x6c, 0x01,
    0xaa, 0x01, 0x1a, 0x02, 0x88, 0x02, 0xea, 0x02, 0x00, 0x00, 0x66, 0x04,
    0xb4, 0x05, 0xb4, 0x05, 0xb4, 0x05, 0xb4, 0x05, 0xb4, 0x05, 0xb4, 0x05,
    0xb4, 0x05, 0xb4, 0x05, 0x32, 0x07, 0x32, 0x07, 0x32, 0x07, 0x32, 0x07,
    0x32, 0x07, 0x32, 0x07, 0x32, 0x07, 0x32, 0x07, 0x00, 0x00, 0x00, 0x00,
    0x00, 0x00, 0x80, 0xbf, 0x17, 0x45, 0x21, 0xc0, 0xba, 0x74, 0x8a, 0xc0,
    0xf5, 0x2f, 0xcb, 0xc0, 0x4f, 0xcc, 0x08, 0xc1, 0x8f, 0x71, 0x2e, 0xc1,
    0x90, 0x3f, 0x56, 0xc1, 0x00, 0x00, 0x80, 0xc1, 0x1b, 0xc4, 0x95, 0xc1,
    0xd3, 0x5a, 0xac, 0xc1, 0xd3, 0xb5, 0xc3, 0xc1, 0xff, 0xc8, 0xdb, 0xc1,
    0xef, 0x89, 0xf4, 0xc1, 0xcd, 0xf7, 0x06, 0xc2, 0x04, 0xf9, 0x13, 0xc2,
    0x00, 0x00, 0x00, 0x00, 0x00, 0x00, 0x80, 0x3f, 0x17, 0x45, 0x21, 0x40,
    0xba, 0x74, 0x8a, 0x40, 0xf5, 0x2f, 0xcb, 0x40, 0x4f, 0xcc, 0x08, 0x41,
    0x8f, 0x71, 0x2e, 0x41, 0x90, 0x3f, 0x56, 0x41, 0x00, 0x00, 0x80, 0x41,
    0x1b, 0xc4, 0x95, 0x41, 0xd3, 0x5a, 0xac, 0x41, 0xd3, 0xb5, 0xc3, 0x41,
    0xff, 0xc8, 0xdb, 0x41, 0xef, 0x89, 0xf4, 0x41, 0xcd, 0xf7, 0x06, 0x42,
    0x04, 0xf9, 0x13, 0x42, 0x18, 0x45, 0x21, 0x42, 0xdf, 0xd8, 0x2e, 0x42,
    0x81, 0xb1, 0x3c, 0x42, 0x6c, 0xcc, 0x4a, 0x42, 0x46, 0x27, 0x59, 0x42,
    0xe8, 0xbf, 0x67, 0x42, 0x57, 0x94, 0x76, 0x42, 0x61, 0xd1, 0x82, 0x42,
    0xba, 0x74, 0x8a, 0x42, 0x6d, 0x33, 0x92, 0x42, 0xbf, 0x0c, 0x9a, 0x42,
    0x00, 0x00, 0xa2, 0x42, 0x8a, 0x0c, 0xaa, 0x42, 0xc3, 0x31, 0xb2, 0x42,
    0x17, 0x6f, 0xba, 0x42, 0xfe, 0xc3, 0xc2, 0x42, 0xf5, 0x2f, 0xcb, 0x42,
    0x80, 0xb2, 0xd3, 0x42, 0x2a, 0x4b, 0xdc, 0x42, 0x82, 0xf9, 0xe4, 0x42,
    0x20, 0xbd, 0xed, 0x42, 0x9c, 0x95, 0xf6, 0x42, 0x98, 0x82, 0xff, 0x42,
    0xdb, 0x41, 0x04, 0x43, 0x4f, 0xcc, 0x08, 0x43, 0x7d, 0x60, 0x0d, 0x43,
    0x3d, 0xfe, 0x11, 0x43, 0x68, 0xa5, 0x16, 0x43, 0xd8, 0x55, 0x1b, 0x43,
    0x69, 0x0f, 0x20, 0x43, 0xf9, 0xd1, 0x24, 0x43, 0x65, 0x9d, 0x29, 0x43,
    0x8e, 0x71, 0x2e, 0x43, 0x55, 0x4e, 0x33, 0x43, 0x9a, 0x33, 0x38, 0x43,
    0x42, 0x21, 0x3d, 0x43, 0x30, 0x17, 0x42, 0x43, 0x49, 0x15, 0x47, 0x43,
    0x72, 0x1b, 0x4c, 0x43, 0x92, 0x29, 0x51, 0x43, 0x90, 0x3f, 0x56, 0x43,
    0x54, 0x5d, 0x5b, 0x43, 0xc7, 0x82, 0x60, 0x43, 0xd1, 0xaf, 0x65, 0x43,
    0x5e, 0xe4, 0x6a, 0x43, 0x57, 0x20, 0x70, 0x43, 0xa8, 0x63, 0x75, 0x43,
    0x3c, 0xae, 0x7a, 0x43, 0x00, 0x00, 0x80, 0x43, 0x70, 0xac, 0x82, 0x43,
    0x65, 0x5c, 0x85, 0x43, 0xd6, 0x0f, 0x88, 0x43, 0xba, 0xc6, 0x8a, 0x43,
    0x08, 0x81, 0x8d, 0x43, 0xb7, 0x3e, 0x90, 0x43, 0xc0, 0xff, 0x92, 0x43,
    0x1b, 0xc4, 0x95, 0x43, 0xbf, 0x8b, 0x98, 0x43, 0xa5, 0x56, 0x9b, 0x43,
    0xc5, 0x24, 0x9e, 0x43, 0x17, 0xf6, 0xa0, 0x43, 0x96, 0xca, 0xa3, 0x43,
    0x39, 0xa2, 0xa6, 0x43, 0xfa, 0x7c, 0xa9, 0x43, 0xd3, 0x5a, 0xac, 0x43,
    0xbb, 0x3b, 0xaf, 0x43, 0xad, 0x1f, 0xb2, 0x43, 0xa4, 0x06, 0xb5, 0x43,
    0x97, 0xf0, 0xb7, 0x43, 0x82, 0xdd, 0xba, 0x43, 0x5e, 0xcd, 0xbd, 0x43,
    0x25, 0xc0, 0xc0, 0x43, 0xd3, 0xb5, 0xc3, 0x43, 0x60, 0xae, 0xc6, 0x43,
    0xc8, 0xa9, 0xc9, 0x43, 0x06, 0xa8, 0xcc, 0x43, 0x13, 0xa9, 0xcf, 0x43,
    0xea, 0xac, 0xd2, 0x43, 0x88, 0xb3, 0xd5, 0x43, 0xe5, 0xbc, 0xd8, 0x43,
    0xff, 0xc8, 0xdb, 0x43, 0xce, 0xd7, 0xde, 0x43, 0x50, 0xe9, 0xe1, 0x43,
    0x7f, 0xfd, 0xe4, 0x43, 0x56, 0x14, 0xe8, 0x43, 0xd2, 0x2d, 0xeb, 0x43,
    0xed, 0x49, 0xee, 0x43, 0xa2, 0x68, 0xf1, 0x43, 0xef, 0x89, 0xf4, 0x43,
    0xcf, 0xad, 0xf7, 0x43, 0x3c, 0xd4, 0xfa, 0x43, 0x34, 0xfd, 0xfd, 0x43,
    0x59, 0x94, 0x00, 0x44, 0x59, 0x2b, 0x02, 0x44, 0x99, 0xc3, 0x03, 0x44,
    0x15, 0x5d, 0x05, 0x44, 0xcd, 0xf7, 0x06, 0x44, 0xbe, 0x93, 0x08, 0x44,
    0xe6, 0x30, 0x0a, 0x44, 0x45, 0xcf, 0x0b, 0x44, 0xd7, 0x6e, 0x0d, 0x44,
    0x9c, 0x0f, 0x0f, 0x44, 0x90, 0xb1, 0x10, 0x44, 0xb4, 0x54, 0x12, 0x44,
    0x04, 0xf9, 0x13, 0x44, 0x80, 0x9e, 0x15, 0x44, 0x26, 0x45, 0x17, 0x44,
    0xf3, 0xec, 0x18, 0x44, 0xe7, 0x95, 0x1a, 0x44, 0x00, 0x40, 0x1c, 0x44,
    0x3c, 0xeb, 0x1d, 0x44, 0x9a, 0x97, 0x1f, 0x44, 0x18, 0x45, 0x21, 0x44,
    0x00, 0x00, 0x00, 0x00, 0x00, 0x00, 0x80, 0x3f, 0x8c, 0x65, 0x58, 0x3e,
    0x9d, 0xe6, 0x49, 0x3f, 0xae, 0x67, 0xbb, 0x3e, 0x29, 0x4c, 0x22, 0x3f,
    0x00, 0x00, 0x00, 0x3f, 0x00, 0x00, 0x00, 0x3f, 0x29, 0x4c, 0x22, 0x3f,
    0xae, 0x67, 0xbb, 0x3e, 0x9d, 0xe6, 0x49, 0x3f, 0x8c, 0x65, 0x58, 0x3e,
    0x00, 0x00, 0x80, 0x3f, 0x00, 0x00, 0x00, 0x00, 0xa8, 0x84, 0x5b, 0x3f,
    0xd8, 0xb9, 0x61, 0x3f, 0xdd, 0x1a, 0x73, 0x3f, 0x81, 0xba, 0x7b, 0x3f,
    0x41, 0xda, 0x7e, 0x3f, 0xfd, 0xc8, 0x7f, 0x3f, 0x65, 0xf9, 0x7f, 0x3f,
    0x8d, 0xff, 0x7f, 0x3f, 0xfe, 0xb5, 0x03, 0x3f, 0xda, 0x86, 0xf1, 0x3e,
    0x02, 0x73, 0xa0, 0x3e, 0x74, 0x47, 0x3a, 0x3e, 0x1d, 0xb0, 0xc1, 0x3d,
    0x86, 0xcb, 0x27, 0x3d, 0x14, 0xa1, 0x68, 0x3c, 0x32, 0x7b, 0x72, 0x3b,
    0xa0, 0xc1, 0x7f, 0x3f, 0x55, 0xcf, 0x7d, 0x3f, 0x89, 0xee, 0x79, 0x3f,
    0xcb, 0x26, 0x74, 0x3f, 0x5e, 0x83, 0x6c, 0x3f, 0x24, 0x13, 0x63, 0x3f,
    0x81, 0xe8, 0x57, 0x3f, 0x34, 0x19, 0x4b, 0x3f, 0x35, 0xbe, 0x3c, 0x3f,
    0x3c, 0xaa, 0x32, 0x3d, 0xa8, 0xa8, 0x05, 0x3e, 0x58, 0xa2, 0x5d, 0x3e,
    0x1c, 0xf6, 0x99, 0x3e, 0x15, 0xef, 0xc3, 0x3e, 0x50, 0x6a, 0xec, 0x3e,
    0x78, 0x8c, 0x09, 0x3f, 0xca, 0xd7, 0x1b, 0x3f, 0x7b, 0xf3, 0x2c, 0x3f,
    0x00, 0x00, 0x80, 0x3f, 0x00, 0x00, 0x80, 0x3f, 0x00, 0x00, 0x80, 0x3f,
    0x00, 0x00, 0x80, 0x3f, 0x00, 0x00, 0x80, 0x3f, 0x00, 0x00, 0x80, 0x3f,
    0x55, 0xcf, 0x7d, 0x3f, 0x5e, 0x83, 0x6c, 0x3f, 0x34, 0x19, 0x4b, 0x3f,
    0x00, 0x00, 0x00, 0x00, 0x00, 0x00, 0x00, 0x00, 0x00, 0x00, 0x00, 0x00,
    0x00, 0x00, 0x00, 0x00, 0x00, 0x00, 0x00, 0x00, 0x00, 0x00, 0x00, 0x00,
    0xa8, 0xa8, 0x05, 0x3e, 0x15, 0xef, 0xc3, 0x3e, 0xca, 0xd7, 0x1b, 0x3f,
    0x35, 0xbe, 0x3c, 0x3f, 0x34, 0x19, 0x4b, 0x3f, 0x81, 0xe8, 0x57, 0x3f,
    0x24, 0x13, 0x63, 0x3f, 0x5e, 0x83, 0x6c, 0x3f, 0xcb, 0x26, 0x74, 0x3f,
    0x89, 0xee, 0x79, 0x3f, 0x55, 0xcf, 0x7d, 0x3f, 0xa0, 0xc1, 0x7f, 0x3f,
    0x7b, 0xf3, 0x2c, 0x3f, 0xca, 0xd7, 0x1b, 0x3f, 0x78, 0x8c, 0x09, 0x3f,
    0x50, 0x6a, 0xec, 0x3e, 0x15, 0xef, 0xc3, 0x3e, 0x1c, 0xf6, 0x99, 0x3e,
    0x58, 0xa2, 0x5d, 0x3e, 0xa8, 0xa8, 0x05, 0x3e, 0x3c, 0xaa, 0x32, 0x3d,
    0x34, 0x19, 0x4b, 0x3f, 0x5e, 0x83, 0x6c, 0x3f, 0x55, 0xcf, 0x7d, 0x3f,
    0xca, 0xd7, 0x1b, 0x3f, 0x15, 0xef, 0xc3, 0x3e, 0xa8, 0xa8, 0x05, 0x3e,
    0x46, 0x0a, 0x23, 0x41, 0x85, 0x27, 0x00, 0x3f, 0x8d, 0x9e, 0x00, 0x3f,
    0x42, 0x16, 0x5a, 0x40, 0x8b, 0x66, 0x01, 0x3f, 0x78, 0xc2, 0x05, 0x3f,
    0xaf, 0xb2, 0x03, 0x40, 0x5b, 0xf4, 0x03, 0x3f, 0x3f, 0x23, 0x11, 0x3f,
    0x1b, 0xf9, 0xbd, 0x3f, 0x68, 0xf2, 0x07, 0x3f, 0x1d, 0x96, 0x25, 0x3f,
    0x35, 0xb0, 0x95, 0x3f, 0x38, 0x98, 0x0d, 0x3f, 0x80, 0xc4, 0x49, 0x3f,
    0x3b, 0xfa, 0x78, 0x3f, 0x3a, 0x3b, 0x15, 0x3f, 0x49, 0xc4, 0x87, 0x3f,
    0x9e, 0xdf, 0x56, 0x3f, 0x6e, 0x5c, 0x1f, 0x3f, 0x26, 0x79, 0xdc, 0x3f,
    0xee, 0x99, 0x3e, 0x3f, 0x3d, 0xc0, 0x2c, 0x3f, 0x9c, 0x3c, 0xa3, 0x40,
    0x00, 0x00, 0x80, 0xbf, 0x00, 0x00, 0xd0, 0x41, 0x00, 0x00, 0xf8, 0xc1,
    0x00, 0x00, 0x50, 0x43, 0x00, 0x00, 0x5a, 0x43, 0x00, 0x80, 0xc8, 0x43,
    0x00, 0xc0, 0x01, 0xc4, 0x00, 0xf0, 0x00, 0x45, 0x00, 0x00, 0xfa, 0x44,
    0x00, 0xa0, 0x95, 0x45, 0x00, 0x68, 0xac, 0xc5, 0x00, 0xf0, 0xde, 0x45,
    0x00, 0x38, 0xba, 0x45, 0x00, 0x38, 0x0b, 0x47, 0x00, 0xa8, 0x19, 0xc7,
    0x00, 0x78, 0x92, 0x47, 0x00, 0x00, 0x80, 0xbf, 0x00, 0x00, 0xc0, 0x41,
    0x00, 0x00, 0x0c, 0xc2, 0x00, 0x00, 0x4a, 0x43, 0x00, 0x00, 0x5e, 0x43,
    0x00, 0x80, 0xad, 0x43, 0x00, 0x40, 0x11, 0xc4, 0x00, 0x00, 0x02, 0x45,
    0x00, 0x00, 0xf4, 0x44, 0x00, 0x48, 0x8a, 0x45, 0x00, 0xb8, 0xb7, 0xc5,
    0x00, 0xc0, 0xee, 0x45, 0x00, 0x40, 0xa5, 0x45, 0x00, 0xff, 0x03, 0x47,
    0x00, 0xd8, 0x20, 0xc7, 0x00, 0x34, 0x92, 0x47, 0x00, 0x00, 0x80, 0xbf,
    0x00, 0x00, 0xa8, 0x41, 0x00, 0x00, 0x18, 0xc2, 0x00, 0x00, 0x44, 0x43,
    0x00, 0x00, 0x61, 0x43, 0x00, 0x00, 0x93, 0x43, 0x00, 0x40, 0x21, 0xc4,
    0x00, 0x70, 0x02, 0x45, 0x00, 0xa0, 0xec, 0x44, 0x00, 0xf0, 0x7d, 0x45,
    0x00, 0xe8, 0xc2, 0xc5, 0x00, 0xe0, 0xfc, 0x45, 0x00, 0x88, 0x8e, 0x45,
    0x00, 0x96, 0xf9, 0x46, 0x00, 0xfe, 0x27, 0xc7, 0x00, 0xc3, 0x91, 0x47,
    0x00, 0x00, 0x80, 0xbf, 0x00, 0x00, 0x98, 0x41, 0x00, 0x00, 0x24, 0xc2,
    0x00, 0x00, 0x3e, 0x43, 0x00, 0x00, 0x63, 0x43, 0x00, 0x00, 0x74, 0x43,
    0x00, 0xc0, 0x31, 0xc4, 0x00, 0x50, 0x02, 0x45, 0x00, 0xc0, 0xe3, 0x44,
    0x00, 0x90, 0x67, 0x45, 0x00, 0xe8, 0xcd, 0xc5, 0x00, 0xb0, 0x04, 0x46,
    0x00, 0x00, 0x6c, 0x45, 0x00, 0x40, 0xeb, 0x46, 0x00, 0x15, 0x2f, 0xc7,
    0x80, 0x24, 0x91, 0x47, 0x00, 0x00, 0x80, 0xbf, 0x00, 0x00, 0x88, 0x41,
    0x00, 0x00, 0x34, 0xc2, 0x00, 0x00, 0x37, 0x43, 0x00, 0x00, 0x64, 0x43,
    0x00, 0x00, 0x45, 0x43, 0x00, 0xc0, 0x42, 0xc4, 0x00, 0xb0, 0x01, 0x45,
    0x00, 0x60, 0xd9, 0x44, 0x00, 0x70, 0x51, 0x45, 0x00, 0xb8, 0xd8, 0xc5,
    0x00, 0x20, 0x0a, 0x46, 0x00, 0x70, 0x37, 0x45, 0x00, 0x02, 0xdd, 0x46,
    0x00, 0x19, 0x36, 0xc7, 0x00, 0x5a, 0x90, 0x47, 0x00, 0x00, 0x80, 0xbf,
    0x00, 0x00, 0x80, 0x41, 0x00, 0x00, 0x44, 0xc2, 0x00, 0x00, 0x30, 0x43,
    0x00, 0x00, 0x64, 0x43, 0x00, 0x00, 0x19, 0x43, 0x00, 0x00, 0x54, 0xc4,
    0x00, 0x90, 0x00, 0x45, 0x00, 0x80, 0xcd, 0x44, 0x00, 0xc0, 0x3b, 0x45,
    0x00, 0x38, 0xe3, 0xc5, 0x00, 0xcc, 0x0e, 0x46, 0x00, 0xa0, 0xfe, 0x44,
    0x00, 0xe4, 0xce, 0x46, 0x00, 0x06, 0x3d, 0xc7, 0x80, 0x63, 0x8f, 0x47,
    0x00, 0x00, 0x00, 0xc0, 0x00, 0x00, 0x60, 0x41, 0x00, 0x00, 0x54, 0xc2,
    0x00, 0x00, 0x29, 0x43, 0x00, 0x00, 0x63, 0x43, 0x00, 0x00, 0xde, 0x42,
    0x00, 0xc0, 0x65, 0xc4, 0x00, 0x00, 0xfe, 0x44, 0x00, 0xe0, 0xbf, 0x44,
    0x00, 0x70, 0x26, 0x45, 0x00, 0x68, 0xed, 0xc5, 0x00, 0xb4, 0x12, 0x46,
    0x00, 0x40, 0x87, 0x44, 0x00, 0xec, 0xc0, 0x46, 0x00, 0xd9, 0x43, 0xc7,
    0x80, 0x41, 0x8e, 0x47, 0x00, 0x00, 0x00, 0xc0, 0x00, 0x00, 0x50, 0x41,
    0x00, 0x00, 0x68, 0xc2, 0x00, 0x00, 0x21, 0x43, 0x00, 0x00, 0x60, 0x43,
    0x00, 0x00, 0x90, 0x42, 0x00, 0xc0, 0x77, 0xc4, 0x00, 0x20, 0xfa, 0x44,
    0x00, 0xc0, 0xb0, 0x44, 0x00, 0xa0, 0x11, 0x45, 0x00, 0x30, 0xf7, 0xc5,
    0x00, 0xe0, 0x15, 0x46, 0x00, 0x00, 0x8c, 0x42, 0x00, 0x22, 0xb3, 0x46,
    0x00, 0x8d, 0x4a, 0xc7, 0x80, 0xf4, 0x8c, 0x47, 0x00, 0x00, 0x00, 0xc0,
    0x00, 0x00, 0x30, 0x41, 0x00, 0x00, 0x7c, 0xc2, 0x00, 0x00, 0x1a, 0x43,
    0x00, 0x00, 0x5d, 0x43, 0x00, 0x00, 0x10, 0x42, 0x00, 0x00, 0x85, 0xc4,
    0x00, 0x40, 0xf5, 0x44, 0x00, 0x00, 0xa0, 0x44, 0x00, 0xc0, 0xfa, 0x44,
    0x00, 0x44, 0x00, 0xc6, 0x00, 0x58, 0x18, 0x46, 0x00, 0x80, 0x79, 0xc4,
    0x00, 0x8a, 0xa5, 0x46, 0x00, 0x1e, 0x51, 0xc7, 0x00, 0x7e, 0x8b, 0x47,
    0x00, 0x00, 0x00, 0xc0, 0x00, 0x00, 0x20, 0x41, 0x00, 0x00, 0x88, 0xc2,
    0x00, 0x00, 0x13, 0x43, 0x00, 0x00, 0x57, 0x43, 0x00, 0x00, 0x00, 0x40,
    0x00, 0x20, 0x8e, 0xc4, 0x00, 0xe0, 0xef, 0x44, 0x00, 0x60, 0x8d, 0x44,
    0x00, 0x80, 0xd3, 0x44, 0x00, 0xac, 0x04, 0xc6, 0x00, 0x1c, 0x1a, 0x46,
    0x00, 0xa0, 0x04, 0xc5, 0x00, 0x2c, 0x98, 0x46, 0x00, 0x8a, 0x57, 0xc7,
    0x00, 0xdf, 0x89, 0x47, 0x00, 0x00, 0x40, 0xc0, 0x00, 0x00, 0x10, 0x41,
    0x00, 0x00, 0x92, 0xc2, 0x00, 0x00, 0x0b, 0x43, 0x00, 0x00, 0x50, 0x43,
    0x00, 0x00, 0xe8, 0xc1, 0x00, 0x40, 0x97, 0xc4, 0x00, 0xc0, 0xe9, 0x44,
    0x00, 0x80, 0x72, 0x44, 0x00, 0x80, 0xad, 0x44, 0x00, 0xcc, 0x08, 0xc6,
    0x00, 0x3c, 0x1b, 0x46, 0x00, 0x40, 0x4e, 0xc5, 0x00, 0x0e, 0x8b, 0x46,
    0x00, 0xca, 0x5d, 0xc7, 0x80, 0x17, 0x88, 0x47, 0x00, 0x00, 0x40, 0xc0,
    0x00, 0x00, 0x00, 0x41, 0x00, 0x00, 0x9e, 0xc2, 0x00, 0x00, 0x04, 0x43,
    0x00, 0x00, 0x48, 0x43, 0x00, 0x00, 0x64, 0xc2, 0x00, 0x60, 0xa0, 0xc4,
    0x00, 0x20, 0xe3, 0x44, 0x00, 0x80, 0x46, 0x44, 0x00, 0xe0, 0x88, 0x44,
    0x00, 0x98, 0x0c, 0xc6, 0x00, 0xb8, 0x1b, 0x46, 0x00, 0xa8, 0x8d, 0xc5,
    0x00, 0x6c, 0x7c, 0x46, 0x00, 0xdd, 0x63, 0xc7, 0x00, 0x2a, 0x86, 0x47,
    0x00, 0x00, 0x80, 0xc0, 0x00, 0x00, 0xe0, 0x40, 0x00, 0x00, 0xaa, 0xc2,
    0x00, 0x00, 0xfa, 0x42, 0x00, 0x00, 0x3d, 0x43, 0x00, 0x00, 0xa6, 0xc2,
    0x00, 0x80, 0xa9, 0xc4, 0x00, 0xe0, 0xdb, 0x44, 0x00, 0x40, 0x17, 0x44,
    0x00, 0x80, 0x4b, 0x44, 0x00, 0x0c, 0x10, 0xc6, 0x00, 0x9c, 0x1b, 0x46,
    0x00, 0xd0, 0xb5, 0xc5, 0x00, 0x50, 0x63, 0x46, 0x00, 0xbe, 0x69, 0xc7,
    0x80, 0x16, 0x84, 0x47, 0x00, 0x00, 0x80, 0xc0, 0x00, 0x00, 0xe0, 0x40,
    0x00, 0x00, 0xb6, 0xc2, 0x00, 0x00, 0xea, 0x42, 0x00, 0x00, 0x31, 0x43,
    0x00, 0x00, 0xd4, 0xc2, 0x00, 0x80, 0xb2, 0xc4, 0x00, 0x40, 0xd4, 0x44,
    0x00, 0x00, 0xc9, 0x43, 0x00, 0x40, 0x08, 0x44, 0x00, 0x20, 0x13, 0xc6,
    0x00, 0xf0, 0x1a, 0x46, 0x00, 0x90, 0xdf, 0xc5, 0x00, 0xd0, 0x4a, 0x46,
    0x00, 0x69, 0x6f, 0xc7, 0x00, 0xdf, 0x81, 0x47, 0x00, 0x00, 0xa0, 0xc0,
    0x00, 0x00, 0xc0, 0x40, 0x00, 0x00, 0xc2, 0xc2, 0x00, 0x00, 0xde, 0x42,
    0x00, 0x00, 0x23, 0x43, 0x00, 0x00, 0xfe, 0xc2, 0x00, 0x40, 0xbb, 0xc4,
    0x00, 0x40, 0xcc, 0x44, 0x00, 0x00, 0x39, 0x43, 0x00, 0x00, 0x90, 0x43,
    0x00, 0xc4, 0x15, 0xc6, 0x00, 0xb8, 0x19, 0x46, 0x00, 0x70, 0x05, 0xc6,
    0x00, 0xfc, 0x32, 0x46, 0x00, 0xdc, 0x74, 0xc7, 0x00, 0x0a, 0x7f, 0x47,
    0x00, 0x01, 0x02, 0x03, 0x0c, 0x05, 0x06, 0x07, 0x09, 0x0a, 0x0b, 0x0d,
    0x0e, 0x0f, 0x12, 0x13, 0x00, 0x00, 0x80, 0x30, 0xfd, 0x44, 0x57, 0x30,
    0xf3, 0x04, 0x35, 0x30, 0xf0, 0x37, 0x18, 0x30, 0xfc, 0xec, 0xdc, 0xcc,
    0xbc, 0xac, 0x9c, 0x8c, 0x7c, 0x6c, 0x5c, 0x4c, 0x3c, 0x2c, 0x1c, 0x0c,
    0x00, 0x00, 0x00, 0x00, 0x00, 0x00, 0x00, 0x00, 0x00, 0x00, 0x00, 0x00,
    0x00, 0x00, 0x00, 0x00, 0x01, 0x02, 0x03, 0x04, 0x06, 0x08, 0x0a, 0x0d,
    0x04, 0x05, 0x06, 0x07, 0x08, 0x09, 0x0b, 0x0d, 0x00, 0x00, 0x00, 0x00,
    0x00, 0x00, 0x00, 0x00, 0x00, 0x00, 0x00, 0x00, 0x00, 0x00, 0x00, 0x00,
    0x00, 0x00, 0x00, 0x00, 0xa2, 0x8c, 0xd6, 0x92, 0x00, 0x00, 0x00, 0x00,
    0x00, 0x00, 0x00, 0x00, 0x00, 0x00, 0x00, 0x00, 0x00, 0x00, 0x00, 0x00,
    0xff, 0xff, 0xff, 0xff, 0x00, 0x00, 0x00, 0x00, 0x00, 0x00, 0x00, 0x00,
    0x00, 0x00, 0x00, 0x00, 0x00, 0x00, 0x00, 0x00, 0x00, 0x00, 0x00, 0x00,
    0x00, 0x00, 0x00, 0x00, 0x00, 0x00, 0x00, 0x00, 0x00, 0x00, 0x00, 0x00,
    0x00, 0x00, 0x00, 0x00, 0x00, 0x00, 0x00, 0x00, 0x00, 0x00, 0x00, 0x00,
    0x00, 0x00, 0x00, 0x00, 0x00, 0x00, 0x00, 0x00, 0x00, 0x00, 0x00, 0x00,
    0x00, 0x00, 0x00, 0x00, 0x00, 0x00, 0x00, 0x00, 0x00, 0x00, 0x00, 0x00,
    0x00, 0x00, 0x00, 0x00, 0x00, 0x00, 0x00, 0x00, 0x00, 0x00, 0x00, 0x00,
    0x00, 0x00, 0x00, 0x00, 0x00, 0x00, 0x00, 0x00, 0x00, 0x00, 0x00, 0x00,
    0x00, 0x00, 0x00, 0x00, 0x00, 0x00, 0x00, 0x00, 0x00, 0x00, 0x00, 0x00,
    0x00, 0x00, 0x00, 0x00, 0x00, 0x00, 0x00, 0x00, 0x00, 0x00, 0x00, 0x00,
    0x00, 0x00, 0x00, 0x00, 0x00, 0x00, 0x00, 0x00, 0x00, 0x00, 0x00, 0x00,
    0x00, 0x00, 0x00, 0x00, 0x00, 0x00, 0x00, 0x00, 0x00, 0x00, 0x00, 0x00,
    0x00, 0x00, 0x00, 0x00, 0x00, 0x00, 0x00, 0x00, 0x00, 0x00, 0x00, 0x00,
    0x00, 0x00, 0x00, 0x00, 0x00, 0x00, 0x00, 0x00, 0x00, 0x00, 0x00, 0x00,
    0x00, 0x00, 0x00, 0x00, 0x00, 0x00, 0x00, 0x00, 0x00, 0x00, 0x00, 0x00,
    0x00, 0x00, 0x00, 0x00, 0x00, 0x00, 0x00, 0x00, 0x00, 0x00, 0x00, 0x00,
    0x00, 0x00, 0x00, 0x00, 0x00, 0x00, 0x00, 0x00, 0x00, 0x00, 0x00, 0x00,
    0x00, 0x00, 0x00, 0x00, 0x00, 0x00, 0x00, 0x00, 0x00, 0x00, 0x00, 0x00,
    0x00, 0x00, 0x00, 0x00, 0x00, 0x00, 0x00, 0x00, 0x00, 0x00, 0x00, 0x00,
    0x00, 0x00, 0x00, 0x00, 0x00, 0x00, 0x00, 0x00, 0x00, 0x00, 0x00, 0x00,
    0x00, 0x00, 0x00, 0x00, 0x00, 0x00, 0x00, 0x00, 0x00, 0x00, 0x00, 0x00,
    0x00, 0x00, 0x00, 0x00, 0x00, 0x00, 0x00, 0x00, 0x00, 0x00, 0x00, 0x00,
    0x00, 0x00, 0x00, 0x00, 0x00, 0x00, 0x00, 0x00, 0x00, 0x00, 0x00, 0x00,
    0x00, 0x00, 0x00, 0x00, 0x00, 0x00, 0x00, 0x00, 0x00, 0x00, 0x00, 0x00,
    0x00, 0x00, 0x00, 0x00, 0x00, 0x00, 0x00, 0x00, 0x00, 0x00, 0x00, 0x00,
    0x00, 0x00, 0x00, 0x00, 0x00, 0x00, 0x00, 0x00, 0x00, 0x00, 0x00, 0x00,
    0x00, 0x00, 0x00, 0x00, 0x00, 0x00, 0x00, 0x00, 0x00, 0x00, 0x00, 0x00,
    0x00, 0x00, 0x00, 0x00, 0x00, 0x00, 0x00, 0x00, 0x00, 0x00, 0x00, 0x00,
    0x00, 0x00, 0x00, 0x00, 0x00, 0x00, 0x00, 0x00, 0x00, 0x00, 0x00, 0x00,
    0x00, 0x00, 0x00, 0x00, 0x00, 0x00, 0x00, 0x00, 0x00, 0x00, 0x00, 0x00,
    0x00, 0x00, 0x00, 0x00, 0x00, 0x00, 0x00, 0x00, 0x00, 0x00, 0x00, 0x00,
    0x00, 0x00, 0x00, 0x00, 0x00, 0x00, 0x00, 0x00, 0x00, 0x00, 0x00, 0x00,
    0x00, 0x00, 0x00, 0x00, 0x00, 0x00, 0x00, 0x00, 0x00, 0x00, 0x00, 0x00,
    0x00, 0x00, 0x00, 0x00, 0x00, 0x00, 0x00, 0x00, 0x00, 0x00, 0x00, 0x00,
    0x00, 0x00, 0x00, 0x00, 0x00, 0x00, 0x00, 0x00, 0x00, 0x00, 0x00, 0x00,
    0x00, 0x00, 0x00, 0x00, 0x00, 0x00, 0x00, 0x00, 0x00, 0x00, 0x00, 0x00,
    0x00, 0x00, 0x00, 0x00, 0x00, 0x00, 0x00, 0x00, 0x00, 0x00, 0x00, 0x00,
    0x00, 0x00, 0x00, 0x00, 0x00, 0x00, 0x00, 0x00, 0x00, 0x00, 0x00, 0x00,
    0x00, 0x00, 0x00, 0x00, 0x00, 0x00, 0x00, 0x00, 0x00, 0x00, 0x00, 0x00,
    0x00, 0x00, 0x00, 0x00, 0x00, 0x00, 0x00, 0x00, 0x00, 0x00, 0x00, 0x00,
    0x00, 0x00, 0x00, 0x00, 0x00, 0x00, 0x00, 0x00, 0x00, 0x00, 0x00, 0x00,
    0x00, 0x00, 0x00, 0x00, 0x00, 0x00, 0x00, 0x00, 0x00, 0x00, 0x00, 0x00,
    0x00, 0x00, 0x00, 0x00, 0x00, 0x00, 0x00, 0x00, 0x00, 0x00, 0x00, 0x00,
    0x00, 0x00, 0x00, 0x00, 0x00, 0x00, 0x00, 0x00, 0x00, 0x00, 0x00, 0x00,
    0x00, 0x00, 0x00, 0x00, 0x00, 0x00, 0x00, 0x00, 0x00, 0x00, 0x00, 0x00,
    0x00, 0x00, 0x00, 0x00, 0x00, 0x00, 0x00, 0x00, 0x00, 0x00, 0x00, 0x00,
    0x00, 0x00, 0x00, 0x00, 0x00, 0x00, 0x00, 0x00, 0x00, 0x00, 0x00, 0x00,
    0x00, 0x00, 0x00, 0x00, 0x00, 0x00, 0x00, 0x00, 0x00, 0x00, 0x00, 0x00,
    0x00, 0x00, 0x00, 0x00, 0x00, 0x00, 0x00, 0x00, 0x00, 0x00, 0x00, 0x00,
    0x00, 0x00, 0x00, 0x00, 0x00, 0x00, 0x00, 0x00, 0x00, 0x00, 0x00, 0x00,
    0x00, 0x00, 0x00, 0x00, 0x00, 0x00, 0x00, 0x00, 0x00, 0x00, 0x00, 0x00,
    0x00, 0x00, 0x00, 0x00, 0x00, 0x00, 0x00, 0x00, 0x00, 0x00, 0x00, 0x00,
    0x00, 0x00, 0x00, 0x00, 0x00, 0x00, 0x00, 0x00, 0x00, 0x00, 0x00, 0x00,
    0x00, 0x00, 0x00, 0x00, 0x00, 0x00, 0x00, 0x00, 0x00, 0x00, 0x00, 0x00,
    0x00, 0x00, 0x00, 0x00, 0x00, 0x00, 0x00, 0x00, 0x00, 0x00, 0x00, 0x00,
    0x00, 0x00, 0x00, 0x00, 0x00, 0x00, 0x00, 0x00, 0x00, 0x00, 0x00, 0x00,
    0x00, 0x00, 0x00, 0x00, 0x00, 0x00, 0x00, 0x00, 0x00, 0x00, 0x00, 0x00,
    0x00, 0x00, 0x00, 0x00, 0x00, 0x00, 0x00, 0x00, 0x00, 0x00, 0x00, 0x00,
    0x00, 0x00, 0x00, 0x00, 0x00, 0x00, 0x00, 0x00, 0x00, 0x00, 0x00, 0x00,
    0x00, 0x00, 0x00, 0x00, 0x00, 0x00, 0x00, 0x00, 0x00, 0x00, 0x00, 0x00,
    0x00, 0x00, 0x00, 0x00, 0x00, 0x00, 0x00, 0x00, 0x00, 0x00, 0x00, 0x00,
    0x00, 0x00, 0x00, 0x00, 0x00, 0x00, 0x00, 0x00, 0x00, 0x00, 0x00, 0x00,
    0x00, 0x00, 0x00, 0x00, 0x00, 0x00, 0x00, 0x00, 0x00, 0x00, 0x00, 0x00,
    0x00, 0x00, 0x00, 0x00, 0x00, 0x00, 0x00, 0x00, 0x00, 0x00, 0x00, 0x00,
    0x00, 0x00, 0x00, 0x00, 0x00, 0x00, 0x00, 0x00, 0x00, 0x00, 0x00, 0x00,
    0x00, 0x00, 0x00, 0x00, 0x00, 0x00, 0x00, 0x00, 0x00, 0x00, 0x00, 0x00,
    0x00, 0x00, 0x00, 0x00, 0x00, 0x00, 0x00, 0x00, 0x00, 0x00, 0x00, 0x00,
    0x00, 0x00, 0x00, 0x00, 0x00, 0x00, 0x00, 0x00, 0x00, 0x00, 0x00, 0x00,
    0x00, 0x00, 0x00, 0x00, 0x00, 0x00, 0x00, 0x00, 0x00, 0x00, 0x00, 0x00,
    0x00, 0x00, 0x00, 0x00, 0x00, 0x00, 0x00, 0x00, 0x00, 0x00, 0x00, 0x00,
    0x00, 0x00, 0x00, 0x00, 0x00, 0x00, 0x00, 0x00, 0x00, 0x00, 0x00, 0x00,
    0x00, 0x00, 0x00, 0x00, 0x00, 0x00, 0x00, 0x00, 0x00, 0x00, 0x00, 0x00,
    0x00, 0x00, 0x00, 0x00, 0x00, 0x00, 0x00, 0x00, 0x00, 0x00, 0x00, 0x00,
    0x00, 0x00, 0x00, 0x00, 0x00, 0x00, 0x00, 0x00, 0x00, 0x00, 0x00, 0x00,
    0x00, 0x00, 0x00, 0x00, 0x00, 0x00, 0x00, 0x00, 0x00, 0x00, 0x00, 0x00,
    0x00, 0x00, 0x00, 0x00, 0x00, 0x00, 0x00, 0x00, 0x00, 0x00, 0x00, 0x00,
    0x00, 0x00, 0x00, 0x00, 0x00, 0x00, 0x00, 0x00, 0x00, 0x00, 0x00, 0x00,
    0x00, 0x00, 0x00, 0x00, 0x00, 0x00, 0x00, 0x00, 0x00, 0x00, 0x00, 0x00,
    0x00, 0x00, 0x00, 0x00, 0x00, 0x00, 0x00, 0x00, 0x00, 0x00, 0x00, 0x00,
    0x00, 0x00, 0x00, 0x00, 0x00, 0x00, 0x00, 0x00, 0x00, 0x00, 0x00, 0x00,
    0x00, 0x00, 0x00, 0x00, 0x00, 0x00, 0x00, 0x00, 0x00, 0x00, 0x00, 0x00,
    0x00, 0x00, 0x00, 0x00, 0x00, 0x00, 0x00, 0x00, 0x00, 0x00, 0x00, 0x00,
    0x00, 0x00, 0x00, 0x00, 0x00, 0x00, 0x00, 0x00, 0x00, 0x00, 0x00, 0x00,
    0x00, 0x00, 0x00, 0x00, 0x00, 0x00, 0x00, 0x00, 0x00, 0x00, 0x00, 0x00,
    0x00, 0x00, 0x00, 0x00, 0x00, 0x00, 0x00, 0x00, 0x00, 0x00, 0x00, 0x00,
    0x00, 0x00, 0x00, 0x00, 0x00, 0x00, 0x00, 0x00, 0x00, 0x00, 0x00, 0x00,
    0x00, 0x00, 0x00, 0x00, 0x00, 0x00, 0x00, 0x00, 0x00, 0x00, 0x00, 0x00,
    0x00, 0x00, 0x00, 0x00, 0x00, 0x00, 0x00, 0x00, 0x00, 0x00, 0x00, 0x00,
    0x00, 0x00, 0x00, 0x00, 0x00, 0x00, 0x00, 0x00, 0x00, 0x00, 0x00, 0x00,
    0x00, 0x00, 0x00, 0x00, 0x00, 0x00, 0x00, 0x00, 0x00, 0x00, 0x00, 0x00,
    0x00, 0x00, 0x00, 0x00, 0x00, 0x00, 0x00, 0x00, 0x00, 0x00, 0x00, 0x00,
    0x00, 0x00, 0x00, 0x00, 0x00, 0x00, 0x00, 0x00, 0x00, 0x00, 0x00, 0x00,
    0x00, 0x00, 0x00, 0x00, 0x00, 0x00, 0x00, 0x00, 0x00, 0x00, 0x00, 0x00,
    0x00, 0x00, 0x00, 0x00, 0x00, 0x00, 0x00, 0x00, 0x00, 0x00, 0x00, 0x00,
    0x00, 0x00, 0x00, 0x00, 0x00, 0x00, 0x00, 0x00, 0x00, 0x00, 0x00, 0x00,
    0x00, 0x00, 0x00, 0x00, 0x00, 0x00, 0x00, 0x00, 0x00, 0x00, 0x00, 0x00,
    0x00, 0x00, 0x00, 0x00, 0x00, 0x00, 0x00, 0x00, 0x00, 0x00, 0x00, 0x00,
    0x00, 0x00, 0x00, 0x00, 0x00, 0x00, 0x00, 0x00, 0x00, 0x00, 0x00, 0x00,
    0x00, 0x00, 0x00, 0x00, 0x00, 0x00, 0x00, 0x00, 0x00, 0x00, 0x00, 0x00,
    0x00, 0x00, 0x00, 0x00, 0x00, 0x00, 0x00, 0x00, 0x00, 0x00, 0x00, 0x00,
    0x00, 0x00, 0x00, 0x00, 0x00, 0x00, 0x00, 0x00, 0x00, 0x00, 0x00, 0x00,
    0x00, 0x00, 0x00, 0x00, 0x00, 0x00, 0x00, 0x00, 0x00, 0x00, 0x00, 0x00,
    0x00, 0x00, 0x00, 0x00, 0x00, 0x00, 0x00, 0x00, 0x00, 0x00, 0x00, 0x00,
    0x00, 0x00, 0x00, 0x00, 0x00, 0x00, 0x00, 0x00, 0x00, 0x00, 0x00, 0x00,
    0x00, 0x00, 0x00, 0x00, 0x00, 0x00, 0x00, 0x00, 0x00, 0x00, 0x00, 0x00,
    0x00, 0x00, 0x00, 0x00, 0x00, 0x00, 0x00, 0x00, 0x00, 0x00, 0x00, 0x00,
    0x00, 0x00, 0x00, 0x00, 0x00, 0x00, 0x00, 0x00, 0x00, 0x00, 0x00, 0x00,
    0x00, 0x00, 0x00, 0x00, 0x00, 0x00, 0x00, 0x00, 0x00, 0x00, 0x00, 0x00,
    0x00, 0x00, 0x00, 0x00, 0x00, 0x00, 0x00, 0x00, 0x00, 0x00, 0x00, 0x00,
    0x00, 0x00, 0x00, 0x00, 0x00, 0x00, 0x00, 0x00, 0x00, 0x00, 0x00, 0x00,
    0x00, 0x00, 0x00, 0x00, 0x00, 0x00, 0x00, 0x00, 0x00, 0x00, 0x00, 0x00,
    0x00, 0x00, 0x00, 0x00, 0x00, 0x00, 0x00, 0x00, 0x00, 0x00, 0x00, 0x00,
    0x00, 0x00, 0x00, 0x00, 0x00, 0x00, 0x00, 0x00, 0x00, 0x00, 0x00, 0x00,
    0x00, 0x00, 0x00, 0x00, 0x00, 0x00, 0x00, 0x00, 0x00, 0x00, 0x00, 0x00,
    0x00, 0x00, 0x00, 0x00, 0x00, 0x00, 0x00, 0x00, 0x00, 0x00, 0x00, 0x00,
    0x00, 0x00, 0x00, 0x00, 0x00, 0x00, 0x00, 0x00, 0x00, 0x00, 0x00, 0x00,
    0x00, 0x00, 0x00, 0x00, 0x00, 0x00, 0x00, 0x00, 0x00, 0x00, 0x00, 0x00,
    0x00, 0x00, 0x00, 0x00, 0x00, 0x00, 0x00, 0x00, 0x00, 0x00, 0x00, 0x00,
    0x00, 0x00, 0x00, 0x00, 0x00, 0x00, 0x00, 0x00, 0x00, 0x00, 0x00, 0x00,
    0x00, 0x00, 0x00, 0x00, 0x00, 0x00, 0x00, 0x00, 0x00, 0x00, 0x00, 0x00,
    0x00, 0x00, 0x00, 0x00, 0x00, 0x00, 0x00, 0x00, 0x00, 0x00, 0x00, 0x00,
    0x00, 0x00, 0x00, 0x00, 0x00, 0x00, 0x00, 0x00, 0x00, 0x00, 0x00, 0x00,
    0x00, 0x00, 0x00, 0x00, 0x00, 0x00, 0x00, 0x00, 0x00, 0x00, 0x00, 0x00,
    0x00, 0x00, 0x00, 0x00, 0x00, 0x00, 0x00, 0x00, 0x00, 0x00, 0x00, 0x00,
    0x00, 0x00, 0x00, 0x00, 0x00, 0x00, 0x00, 0x00, 0x00, 0x00, 0x00, 0x00,
    0x00, 0x00, 0x00, 0x00, 0x00, 0x00, 0x00, 0x00, 0x00, 0x00, 0x00, 0x00,
    0x00, 0x00, 0x00, 0x00, 0x00, 0x00, 0x00, 0x00, 0x00, 0x00, 0x00, 0x00,
    0x00, 0x00, 0x00, 0x00, 0x00, 0x00, 0x00, 0x00, 0x00, 0x00, 0x00, 0x00,
    0x00, 0x00, 0x00, 0x00, 0x00, 0x00, 0x00, 0x00, 0x00, 0x00, 0x00, 0x00,
    0x00, 0x00, 0x00, 0x00, 0x00, 0x00, 0x00, 0x00, 0x00, 0x00, 0x00, 0x00,
    0x00, 0x00, 0x00, 0x00, 0x00, 0x00, 0x00, 0x00, 0x00, 0x00, 0x00, 0x00,
    0x00, 0x00, 0x00, 0x00, 0x00, 0x00, 0x00, 0x00, 0x00, 0x00, 0x00, 0x00,
    0x00, 0x00, 0x00, 0x00, 0x00, 0x00, 0x00, 0x00, 0x00, 0x00, 0x00, 0x00,
    0x00, 0x00, 0x00, 0x00, 0x00, 0x00, 0x00, 0x00, 0x00, 0x00, 0x00, 0x00,
    0x00, 0x00, 0x00, 0x00, 0x00, 0x00, 0x00, 0x00, 0x00, 0x00, 0x00, 0x00,
    0x00, 0x00, 0x00, 0x00, 0x00, 0x00, 0x00, 0x00, 0x00, 0x00, 0x00, 0x00,
    0x00, 0x00, 0x00, 0x00, 0x00, 0x00, 0x00, 0x00, 0x00, 0x00, 0x00, 0x00,
    0x00, 0x00, 0x00, 0x00, 0x00, 0x00, 0x00, 0x00, 0x00, 0x00, 0x00, 0x00,
    0x00, 0x00, 0x00, 0x00, 0x00, 0x00, 0x00, 0x00, 0x00, 0x00, 0x00, 0x00,
    0x00, 0x00, 0x00, 0x00, 0x00, 0x00, 0x00, 0x00, 0x00, 0x00, 0x00, 0x00,
    0x00, 0x00, 0x00, 0x00, 0x00, 0x00, 0x00, 0x00, 0x00, 0x00, 0x00, 0x00,
    0x00, 0x00, 0x00, 0x00, 0x00, 0x00, 0x00, 0x00, 0x00, 0x00, 0x00, 0x00,
    0x00, 0x00, 0x00, 0x00, 0x00, 0x00, 0x00, 0x00, 0x00, 0x00, 0x00, 0x00,
    0x00, 0x00, 0x00, 0x00, 0x00, 0x00, 0x00, 0x00, 0x00, 0x00, 0x00, 0x00,
    0x00, 0x00, 0x00, 0x00, 0x00, 0x00, 0x00, 0x00, 0x00, 0x00, 0x00, 0x00,
    0x00, 0x00, 0x00, 0x00, 0x00, 0x00, 0x00, 0x00, 0x00, 0x00, 0x00, 0x00,
    0x00, 0x00, 0x00, 0x00, 0x00, 0x00, 0x00, 0x00, 0x00, 0x00, 0x00, 0x00,
    0x00, 0x00, 0x00, 0x00, 0x00, 0x00, 0x00, 0x00, 0x00, 0x00, 0x00, 0x00,
    0x00, 0x00, 0x00, 0x00, 0x00, 0x00, 0x00, 0x00, 0x00, 0x00, 0x00, 0x00,
    0x00, 0x00, 0x00, 0x00, 0x00, 0x00, 0x00, 0x00, 0x00, 0x00, 0x00, 0x00,
    0x00, 0x00, 0x00, 0x00, 0x00, 0x00, 0x00, 0x00, 0x00, 0x00, 0x00, 0x00,
    0x00, 0x00, 0x00, 0x00, 0x00, 0x00, 0x00, 0x00, 0x00, 0x00, 0x00, 0x00,
    0x00, 0x00, 0x00, 0x00, 0x00, 0x00, 0x00, 0x00, 0x00, 0x00, 0x00, 0x00,
    0x00, 0x00, 0x00, 0x00, 0x00, 0x00, 0x00, 0x00, 0x00, 0x00, 0x00, 0x00,
    0x00, 0x00, 0x00, 0x00, 0x00, 0x00, 0x00, 0x00, 0x00, 0x00, 0x00, 0x00,
    0x00, 0x00, 0x00, 0x00, 0x00, 0x00, 0x00, 0x00, 0x00, 0x00, 0x00, 0x00,
    0x00, 0x00, 0x00, 0x00, 0x00, 0x00, 0x00, 0x00, 0x00, 0x00, 0x00, 0x00,
    0x00, 0x00, 0x00, 0x00, 0x00, 0x00, 0x00, 0x00, 0x00, 0x00, 0x00, 0x00,
    0x00, 0x00, 0x00, 0x00, 0x00, 0x00, 0x00, 0x00, 0x00, 0x00, 0x00, 0x00,
    0x00, 0x00, 0x00, 0x00, 0x00, 0x00, 0x00, 0x00, 0x00, 0x00, 0x00, 0x00,
    0x00, 0x00, 0x00, 0x00, 0x00, 0x00, 0x00, 0x00, 0x00, 0x00, 0x00, 0x00,
    0x00, 0x00, 0x00, 0x00, 0x00, 0x00, 0x00, 0x00, 0x00, 0x00, 0x00, 0x00,
    0x00, 0x00, 0x00, 0x00, 0x00, 0x00, 0x00, 0x00, 0x00, 0x00, 0x00, 0x00,
    0x00, 0x00, 0x00, 0x00, 0x00, 0x00, 0x00, 0x00, 0x00, 0x00, 0x00, 0x00,
    0x00, 0x00, 0x00, 0x00, 0x00, 0x00, 0x00, 0x00, 0x00, 0x00, 0x00, 0x00,
    0x00, 0x00, 0x00, 0x00, 0x00, 0x00, 0x00, 0x00, 0x00, 0x00, 0x00, 0x00,
    0x00, 0x00, 0x00, 0x00, 0x00, 0x00, 0x00, 0x00, 0x00, 0x00, 0x00, 0x00,
    0x00, 0x00, 0x00, 0x00, 0x00, 0x00, 0x00, 0x00, 0x00, 0x00, 0x00, 0x00,
    0x00, 0x00, 0x00, 0x00, 0x00, 0x00, 0x00, 0x00, 0x00, 0x00, 0x00, 0x00,
    0x00, 0x00, 0x00, 0x00, 0x00, 0x00, 0x00, 0x00, 0x00, 0x00, 0x00, 0x00,
    0x00, 0x00, 0x00, 0x00, 0x00, 0x00, 0x00, 0x00, 0x00, 0x00, 0x00, 0x00,
    0x00, 0x00, 0x00, 0x00, 0x00, 0x00, 0x00, 0x00, 0x00, 0x00, 0x00, 0x00,
    0x00, 0x00, 0x00, 0x00, 0x00, 0x00, 0x00, 0x00, 0x00, 0x00, 0x00, 0x00,
    0x00, 0x00, 0x00, 0x00, 0x00, 0x00, 0x00, 0x00, 0x00, 0x00, 0x00, 0x00,
    0x00, 0x00, 0x00, 0x00, 0x00, 0x00, 0x00, 0x00, 0x00, 0x00, 0x00, 0x00,
    0x00, 0x00, 0x00, 0x00, 0x00, 0x00, 0x00, 0x00, 0x00, 0x00, 0x00, 0x00,
    0x00, 0x00, 0x00, 0x00, 0x00, 0x00, 0x00, 0x00, 0x00, 0x00, 0x00, 0x00,
    0x00, 0x00, 0x00, 0x00, 0x00, 0x00, 0x00, 0x00, 0x00, 0x00, 0x00, 0x00,
    0x00, 0x00, 0x00, 0x00, 0x00, 0x00, 0x00, 0x00, 0x00, 0x00, 0x00, 0x00,
    0x00, 0x00, 0x00, 0x00, 0x00, 0x00, 0x00, 0x00, 0x00, 0x00, 0x00, 0x00,
    0x00, 0x00, 0x00, 0x00, 0x00, 0x00, 0x00, 0x00, 0x00, 0x00, 0x00, 0x00,
    0x00, 0x00, 0x00, 0x00, 0x00, 0x00, 0x00, 0x00, 0x00, 0x00, 0x00, 0x00,
    0x00, 0x00, 0x00, 0x00, 0x00, 0x00, 0x00, 0x00, 0x00, 0x00, 0x00, 0x00,
    0x00, 0x00, 0x00, 0x00, 0x00, 0x00, 0x00, 0x00, 0x00, 0x00, 0x00, 0x00,
    0x00, 0x00, 0x00, 0x00, 0x00, 0x00, 0x00, 0x00, 0x00, 0x00, 0x00, 0x00,
    0x00, 0x00, 0x00, 0x00, 0x00, 0x00, 0x00, 0x00, 0x00, 0x00, 0x00, 0x00,
    0x00, 0x00, 0x00, 0x00, 0x00, 0x00, 0x00, 0x00, 0x00, 0x00, 0x00, 0x00,
    0x00, 0x00, 0x00, 0x00, 0x00, 0x00, 0x00, 0x00, 0x00, 0x00, 0x00, 0x00,
    0x00, 0x00, 0x00, 0x00, 0x00, 0x00, 0x00, 0x00, 0x00, 0x00, 0x00, 0x00,
    0x00, 0x00, 0x00, 0x00, 0x00, 0x00, 0x00, 0x00, 0x00, 0x00, 0x00, 0x00,
    0x00, 0x00, 0x00, 0x00, 0x00, 0x00, 0x00, 0x00, 0x00, 0x00, 0x00, 0x00,
    0x00, 0x00, 0x00, 0x00, 0x00, 0x00, 0x00, 0x00, 0x00, 0x00, 0x00, 0x00,
    0x00, 0x00, 0x00, 0x00, 0x00, 0x00, 0x00, 0x00, 0x00, 0x00, 0x00, 0x00,
    0x00, 0x00, 0x00, 0x00, 0x00, 0x00, 0x00, 0x00, 0x00, 0x00, 0x00, 0x00,
    0x00, 0x00, 0x00, 0x00, 0x00, 0x00, 0x00, 0x00, 0x00, 0x00, 0x00, 0x00,
    0x00, 0x00, 0x00, 0x00, 0x00, 0x00, 0x00, 0x00, 0x00, 0x00, 0x00, 0x00,
    0x00, 0x00, 0x00, 0x00, 0x00, 0x00, 0x00, 0x00, 0x00, 0x00, 0x00, 0x00,
    0x00, 0x00, 0x00, 0x00, 0x00, 0x00, 0x00, 0x00, 0x00, 0x00, 0x00, 0x00,
    0x00, 0x00, 0x00, 0x00, 0x00, 0x00, 0x00, 0x00, 0x00, 0x00, 0x00, 0x00,
    0x00, 0x00, 0x00, 0x00, 0x00, 0x00, 0x00, 0x00, 0x00, 0x00, 0x00, 0x00,
    0x00, 0x00, 0x00, 0x00, 0x00, 0x00, 0x00, 0x00, 0x00, 0x00, 0x00, 0x00,
    0x00, 0x00, 0x00, 0x00, 0x00, 0x00, 0x00, 0x00, 0x00, 0x00, 0x00, 0x00,
    0x00, 0x00, 0x00, 0x00, 0x00, 0x00, 0x00, 0x00, 0x00, 0x00, 0x00, 0x00,
    0x00, 0x00, 0x00, 0x00, 0x00, 0x00, 0x00, 0x00, 0x00, 0x00, 0x00, 0x00,
    0x00, 0x00, 0x00, 0x00, 0x00, 0x00, 0x00, 0x00, 0x00, 0x00, 0x00, 0x00,
    0x00, 0x00, 0x00, 0x00, 0x00, 0x00, 0x00, 0x00, 0x00, 0x00, 0x00, 0x00,
    0x00, 0x00, 0x00, 0x00, 0x00, 0x00, 0x00, 0x00, 0x00, 0x00, 0x00, 0x00,
    0x00, 0x00, 0x00, 0x00, 0x00, 0x00, 0x00, 0x00, 0x00, 0x00, 0x00, 0x00,
    0x00, 0x00, 0x00, 0x00, 0x00, 0x00, 0x00, 0x00, 0x00, 0x00, 0x00, 0x00,
    0x00, 0x00, 0x00, 0x00, 0x00, 0x00, 0x00, 0x00, 0x00, 0x00, 0x00, 0x00,
    0x00, 0x00, 0x00, 0x00, 0x00, 0x00, 0x00, 0x00, 0x00, 0x00, 0x00, 0x00,
    0x00, 0x00, 0x00, 0x00, 0x00, 0x00, 0x00, 0x00, 0x00, 0x00, 0x00, 0x00,
    0x00, 0x00, 0x00, 0x00, 0x00, 0x00, 0x00, 0x00, 0x00, 0x00, 0x00, 0x00,
    0x00, 0x00, 0x00, 0x00, 0x00, 0x00, 0x00, 0x00, 0x00, 0x00, 0x00, 0x00,
    0x00, 0x00, 0x00, 0x00, 0x00, 0x00, 0x00, 0x00, 0x00, 0x00, 0x00, 0x00,
    0x00, 0x00, 0x00, 0x00, 0x00, 0x00, 0x00, 0x00, 0x00, 0x00, 0x00, 0x00,
    0x00, 0x00, 0x00, 0x00, 0x00, 0x00, 0x00, 0x00, 0x00, 0x00, 0x00, 0x00,
    0x00, 0x00, 0x00, 0x00, 0x00, 0x00, 0x00, 0x00, 0x00, 0x00, 0x00, 0x00,
    0x00, 0x00, 0x00, 0x00, 0x00, 0x00, 0x00, 0x00, 0x00, 0x00, 0x00, 0x00,
    0x00, 0x00, 0x00, 0x00, 0x00, 0x00, 0x00, 0x00, 0x00, 0x00, 0x00, 0x00,
    0x00, 0x00, 0x00, 0x00, 0x00, 0x00, 0x00, 0x00, 0x00, 0x00, 0x00, 0x00,
    0x00, 0x00, 0x00, 0x00, 0x00, 0x00, 0x00, 0x00, 0x00, 0x00, 0x00, 0x00,
    0x00, 0x00, 0x00, 0x00, 0x00, 0x00, 0x00, 0x00, 0x00, 0x00, 0x00, 0x00,
    0x00, 0x00, 0x00, 0x00, 0x00, 0x00, 0x00, 0x00, 0x00, 0x00, 0x00, 0x00,
    0x00, 0x00, 0x00, 0x00, 0x00, 0x00, 0x00, 0x00, 0x00, 0x00, 0x00, 0x00,
    0x00, 0x00, 0x00, 0x00, 0x00, 0x00, 0x00, 0x00, 0x00, 0x00, 0x00, 0x00,
    0x00, 0x00, 0x00, 0x00, 0x00, 0x00, 0x00, 0x00, 0x00, 0x00, 0x00, 0x00,
    0x00, 0x00, 0x00, 0x00, 0x00, 0x00, 0x00, 0x00, 0x00, 0x00, 0x00, 0x00,
    0x00, 0x00, 0x00, 0x00, 0x00, 0x00, 0x00, 0x00, 0x00, 0x00, 0x00, 0x00,
    0x00, 0x00, 0x00, 0x00, 0x00, 0x00, 0x00, 0x00, 0x00, 0x00, 0x00, 0x00,
    0x00, 0x00, 0x00, 0x00, 0x00, 0x00, 0x00, 0x00, 0x00, 0x00, 0x00, 0x00,
    0x00, 0x00, 0x00, 0x00, 0x00, 0x00, 0x00, 0x00, 0x00, 0x00, 0x00, 0x00,
    0x00, 0x00, 0x00, 0x00, 0x00, 0x00, 0x00, 0x00, 0x00, 0x00, 0x00, 0x00,
    0x00, 0x00, 0x00, 0x00, 0x00, 0x00, 0x00, 0x00, 0x00, 0x00, 0x00, 0x00,
    0x00, 0x00, 0x00, 0x00, 0x00, 0x00, 0x00, 0x00, 0x00, 0x00, 0x00, 0x00,
    0x00, 0x00, 0x00, 0x00, 0x00, 0x00, 0x00, 0x00, 0x00, 0x00, 0x00, 0x00,
    0x00, 0x00, 0x00, 0x00, 0x00, 0x00, 0x00, 0x00, 0x00, 0x00, 0x00, 0x00,
    0x00, 0x00, 0x00, 0x00, 0x00, 0x00, 0x00, 0x00, 0x00, 0x00, 0x00, 0x00,
    0x00, 0x00, 0x00, 0x00, 0x00, 0x00, 0x00, 0x00, 0x00, 0x00, 0x00, 0x00,
    0x00, 0x00, 0x00, 0x00, 0x00, 0x00, 0x00, 0x00, 0x00, 0x00, 0x00, 0x00,
    0x00, 0x00, 0x00, 0x00, 0x00, 0x00, 0x00, 0x00, 0x00, 0x00, 0x00, 0x00,
    0x00, 0x00, 0x00, 0x00, 0x00, 0x00, 0x00, 0x00, 0x00, 0x00, 0x00, 0x00,
    0x00, 0x00, 0x00, 0x00, 0x00, 0x00, 0x00, 0x00, 0x00, 0x00, 0x00, 0x00,
    0x00, 0x00, 0x00, 0x00, 0x00, 0x00, 0x00, 0x00, 0x00, 0x00, 0x00, 0x00,
    0x00, 0x00, 0x00, 0x00, 0x00, 0x00, 0x00, 0x00, 0x00, 0x00, 0x00, 0x00,
    0x00, 0x00, 0x00, 0x00, 0x00, 0x00, 0x00, 0x00, 0x00, 0x00, 0x00, 0x00,
    0x00, 0x00, 0x00, 0x00, 0x00, 0x00, 0x00, 0x00, 0x00, 0x00, 0x00, 0x00,
    0x00, 0x00, 0x00, 0x00, 0x00, 0x00, 0x00, 0x00, 0x00, 0x00, 0x00, 0x00,
    0x00, 0x00, 0x00, 0x00, 0x00, 0x00, 0x00, 0x00, 0x00, 0x00, 0x00, 0x00,
    0x00, 0x00, 0x00, 0x00, 0x00, 0x00, 0x00, 0x00, 0x00, 0x00, 0x00, 0x00,
    0x00, 0x00, 0x00, 0x00, 0x00, 0x00, 0x00, 0x00, 0x00, 0x00, 0x00, 0x00,
    0x00, 0x00, 0x00, 0x00, 0x00, 0x00, 0x00, 0x00, 0x00, 0x00, 0x00, 0x00,
    0x00, 0x00, 0x00, 0x00, 0x00, 0x00, 0x00, 0x00, 0x00, 0x00, 0x00, 0x00,
    0x00, 0x00, 0x00, 0x00, 0x00, 0x00, 0x00, 0x00, 0x00, 0x00, 0x00, 0x00,
    0x00, 0x00, 0x00, 0x00, 0x00, 0x00, 0x00, 0x00, 0x00, 0x00, 0x00, 0x00,
    0x00, 0x00, 0x00, 0x00, 0x00, 0x00, 0x00, 0x00, 0x00, 0x00, 0x00, 0x00,
    0x00, 0x00, 0x00, 0x00, 0x00, 0x00, 0x00, 0x00, 0x00, 0x00, 0x00, 0x00,
    0x00, 0x00, 0x00, 0x00, 0x00, 0x00, 0x00, 0x00, 0x00, 0x00, 0x00, 0x00,
    0x00, 0x00, 0x00, 0x00, 0x00, 0x00, 0x00, 0x00, 0x00, 0x00, 0x00, 0x00,
    0x00, 0x00, 0x00, 0x00, 0x00, 0x00, 0x00, 0x00, 0x00, 0x00, 0x00, 0x00,
    0x00, 0x00, 0x00, 0x00, 0x00, 0x00, 0x00, 0x00, 0x00, 0x00, 0x00, 0x00,
    0x00, 0x00, 0x00, 0x00, 0x00, 0x00, 0x00, 0x00, 0x00, 0x00, 0x00, 0x00,
    0x00, 0x00, 0x00, 0x00, 0x00, 0x00, 0x00, 0x00, 0x00, 0x00, 0x00, 0x00,
    0x00, 0x00, 0x00, 0x00, 0x00, 0x00, 0x00, 0x00, 0x00, 0x00, 0x00, 0x00,
    0x00, 0x00, 0x00, 0x00, 0x00, 0x00, 0x00, 0x00, 0x00, 0x00, 0x00, 0x00,
    0x00, 0x00, 0x00, 0x00, 0x00, 0x00, 0x00, 0x00, 0x00, 0x00, 0x00, 0x00,
    0x00, 0x00, 0x00, 0x00, 0x00, 0x00, 0x00, 0x00, 0x00, 0x00, 0x00, 0x00,
    0x00, 0x00, 0x00, 0x00, 0x00, 0x00, 0x00, 0x00, 0x00, 0x00, 0x00, 0x00,
    0x00, 0x00, 0x00, 0x00, 0x00, 0x00, 0x00, 0x00, 0x00, 0x00, 0x00, 0x00,
    0x00, 0x00, 0x00, 0x00, 0x00, 0x00, 0x00, 0x00, 0x00, 0x00, 0x00, 0x00,
    0x00, 0x00, 0x00, 0x00, 0x00, 0x00, 0x00, 0x00, 0x00, 0x00, 0x00, 0x00,
    0x00, 0x00, 0x00, 0x00, 0x00, 0x00, 0x00, 0x00, 0x00, 0x00, 0x00, 0x00,
    0x00, 0x00, 0x00, 0x00, 0x00, 0x00, 0x00, 0x00, 0x00, 0x00, 0x00, 0x00,
    0x00, 0x00, 0x00, 0x00, 0x00, 0x00, 0x00, 0x00, 0x00, 0x00, 0x00, 0x00,
    0x00, 0x00, 0x00, 0x00, 0x00, 0x00, 0x00, 0x00, 0x00, 0x00, 0x00, 0x00,
    0x00, 0x00, 0x00, 0x00, 0x00, 0x00, 0x00, 0x00, 0x00, 0x00, 0x00, 0x00,
    0x00, 0x00, 0x00, 0x00, 0x00, 0x00, 0x00, 0x00, 0x00, 0x00, 0x00, 0x00,
    0x00, 0x00, 0x00, 0x00, 0x00, 0x00, 0x00, 0x00, 0x00, 0x00, 0x00, 0x00,
    0x00, 0x00, 0x00, 0x00, 0x00, 0x00, 0x00, 0x00, 0x00, 0x00, 0x00, 0x00,
    0x00, 0x00, 0x00, 0x00, 0x00, 0x00, 0x00, 0x00, 0x00, 0x00, 0x00, 0x00,
    0x00, 0x00, 0x00, 0x00, 0x00, 0x00, 0x00, 0x00, 0x00, 0x00, 0x00, 0x00,
    0x00, 0x00, 0x00, 0x00, 0x00, 0x00, 0x00, 0x00, 0x00, 0x00, 0x00, 0x00,
    0x00, 0x00, 0x00, 0x00, 0x00, 0x00, 0x00, 0x00, 0x00, 0x00, 0x00, 0x00,
    0x00, 0x00, 0x00, 0x00, 0x00, 0x00, 0x00, 0x00, 0x00, 0x00, 0x00, 0x00,
    0x00, 0x00, 0x00, 0x00, 0x00, 0x00, 0x00, 0x00, 0x00, 0x00, 0x00, 0x00,
    0x00, 0x00, 0x00, 0x00, 0x00, 0x00, 0x00, 0x00, 0x00, 0x00, 0x00, 0x00,
    0x00, 0x00, 0x00, 0x00, 0x00, 0x00, 0x00, 0x00, 0x00, 0x00, 0x00, 0x00,
    0x00, 0x00, 0x00, 0x00, 0x00, 0x00, 0x00, 0x00, 0x00, 0x00, 0x00, 0x00,
    0x00, 0x00, 0x00, 0x00, 0x00, 0x00, 0x00, 0x00, 0x00, 0x00, 0x00, 0x00,
    0x00, 0x00, 0x00, 0x00, 0x00, 0x00, 0x00, 0x00, 0x00, 0x00, 0x00, 0x00,
    0x00, 0x00, 0x00, 0x00, 0x00, 0x00, 0x00, 0x00, 0x00, 0x00, 0x00, 0x00,
    0x00, 0x00, 0x00, 0x00, 0x00, 0x00, 0x00, 0x00, 0x00, 0x00, 0x00, 0x00,
    0x00, 0x00, 0x00, 0x00, 0x00, 0x00, 0x00, 0x00, 0x00, 0x00, 0x00, 0x00,
    0x00, 0x00, 0x00, 0x00, 0x00, 0x00, 0x00, 0x00, 0x00, 0x00, 0x00, 0x00,
    0x00, 0x00, 0x00, 0x00, 0x00, 0x00, 0x00, 0x00, 0x00, 0x00, 0x00, 0x00,
    0x00, 0x00, 0x00, 0x00, 0x00, 0x00, 0x00, 0x00, 0x00, 0x00, 0x00, 0x00,
    0x00, 0x00, 0x00, 0x00, 0x00, 0x00, 0x00, 0x00, 0x00, 0x00, 0x00, 0x00,
    0x00, 0x00, 0x00, 0x00, 0x00, 0x00, 0x00, 0x00, 0x00, 0x00, 0x00, 0x00,
    0x00, 0x00, 0x00, 0x00, 0x00, 0x00, 0x00, 0x00, 0x00, 0x00, 0x00, 0x00,
    0x00, 0x00, 0x00, 0x00, 0x00, 0x00, 0x00, 0x00, 0x00, 0x00, 0x00, 0x00,
    0x00, 0x00, 0x00, 0x00, 0x00, 0x00, 0x00, 0x00, 0x00, 0x00, 0x00, 0x00,
    0x00, 0x00, 0x00, 0x00, 0x00, 0x00, 0x00, 0x00, 0x00, 0x00, 0x00, 0x00,
    0x00, 0x00, 0x00, 0x00, 0x00, 0x00, 0x00, 0x00, 0x00, 0x00, 0x00, 0x00,
    0x00, 0x00, 0x00, 0x00, 0x00, 0x00, 0x00, 0x00, 0x00, 0x00, 0x00, 0x00,
    0x00, 0x00, 0x00, 0x00, 0x00, 0x00, 0x00, 0x00, 0x00, 0x00, 0x00, 0x00,
    0x00, 0x00, 0x00, 0x00, 0x00, 0x00, 0x00, 0x00, 0x00, 0x00, 0x00, 0x00,
    0x00, 0x00, 0x00, 0x00, 0x00, 0x00, 0x00, 0x00, 0x00, 0x00, 0x00, 0x00,
    0x00, 0x00, 0x00, 0x00, 0x00, 0x00, 0x00, 0x00, 0x00, 0x00, 0x00, 0x00,
    0x00, 0x00, 0x00, 0x00, 0x00, 0x00, 0x00, 0x00, 0x00, 0x00, 0x00, 0x00,
    0x00, 0x00, 0x00, 0x00, 0x00, 0x00, 0x00, 0x00, 0x00, 0x00, 0x00, 0x00,
    0x00, 0x00, 0x00, 0x00, 0x00, 0x00, 0x00, 0x00, 0x00, 0x00, 0x00, 0x00,
    0x00, 0x00, 0x00, 0x00, 0x00, 0x00, 0x00, 0x00, 0x00, 0x00, 0x00, 0x00,
    0x00, 0x00, 0x00, 0x00, 0x00, 0x00, 0x00, 0x00, 0x00, 0x00, 0x00, 0x00,
    0x00, 0x00, 0x00, 0x00, 0x00, 0x00, 0x00, 0x00, 0x00, 0x00, 0x00, 0x00,
    0x00, 0x00, 0x00, 0x00, 0x00, 0x00, 0x00, 0x00, 0x00, 0x00, 0x00, 0x00,
    0x00, 0x00, 0x00, 0x00, 0x00, 0x00, 0x00, 0x00, 0x00, 0x00, 0x00, 0x00,
    0x00, 0x00, 0x00, 0x00, 0x00, 0x00, 0x00, 0x00, 0x00, 0x00, 0x00, 0x00,
    0x00, 0x00, 0x00, 0x00, 0x00, 0x00, 0x00, 0x00, 0x00, 0x00, 0x00, 0x00,
    0x00, 0x00, 0x00, 0x00, 0x00, 0x00, 0x00, 0x00, 0x00, 0x00, 0x00, 0x00,
    0x00, 0x00, 0x00, 0x00, 0x00, 0x00, 0x00, 0x00, 0x00, 0x00, 0x00, 0x00,
    0x00, 0x00, 0x00, 0x00, 0x00, 0x00, 0x00, 0x00, 0x00, 0x00, 0x00, 0x00,
    0x00, 0x00, 0x00, 0x00, 0x00, 0x00, 0x00, 0x00, 0x00, 0x00, 0x00, 0x00,
    0x00, 0x00, 0x00, 0x00, 0x00, 0x00, 0x00, 0x00, 0x00, 0x00, 0x00, 0x00,
    0x00, 0x00, 0x00, 0x00, 0x00, 0x00, 0x00, 0x00, 0x00, 0x00, 0x00, 0x00,
    0x00, 0x00, 0x00, 0x00, 0x00, 0x00, 0x00, 0x00, 0x00, 0x00, 0x00, 0x00,
    0x00, 0x00, 0x00, 0x00, 0x00, 0x00, 0x00, 0x00, 0x00, 0x00, 0x00, 0x00,
    0x00, 0x00, 0x00, 0x00, 0x00, 0x00, 0x00, 0x00, 0x00, 0x00, 0x00, 0x00,
    0x00, 0x00, 0x00, 0x00, 0x00, 0x00, 0x00, 0x00, 0x00, 0x00, 0x00, 0x00,
    0x00, 0x00, 0x00, 0x00, 0x00, 0x00, 0x00, 0x00, 0x00, 0x00, 0x00, 0x00,
    0x00, 0x00, 0x00, 0x00, 0x00, 0x00, 0x00, 0x00, 0x00, 0x00, 0x00, 0x00,
    0x00, 0x00, 0x00, 0x00, 0x00, 0x00, 0x00, 0x00, 0x00, 0x00, 0x00, 0x00,
    0x00, 0x00, 0x00, 0x00, 0x00, 0x00, 0x00, 0x00, 0x00, 0x00, 0x00, 0x00,
    0x00, 0x00, 0x00, 0x00, 0x00, 0x00, 0x00, 0x00, 0x00, 0x00, 0x00, 0x00,
    0x00, 0x00, 0x00, 0x00, 0x00, 0x00, 0x00, 0x00, 0x00, 0x00, 0x00, 0x00,
    0x00, 0x00, 0x00, 0x00, 0x00, 0x00, 0x00, 0x00, 0x00, 0x00, 0x00, 0x00,
    0x00, 0x00, 0x00, 0x00, 0x00, 0x00, 0x00, 0x00, 0x00, 0x00, 0x00, 0x00,
    0x00, 0x00, 0x00, 0x00, 0x00, 0x00, 0x00, 0x00, 0x00, 0x00, 0x00, 0x00,
    0x00, 0x00, 0x00, 0x00, 0x00, 0x00, 0x00, 0x00, 0x00, 0x00, 0x00, 0x00,
    0x00, 0x00, 0x00, 0x00, 0x00, 0x00, 0x00, 0x00, 0x00, 0x00, 0x00, 0x00,
    0x00, 0x00, 0x00, 0x00, 0x00, 0x00, 0x00, 0x00, 0x00, 0x00, 0x00, 0x00,
    0x00, 0x00, 0x00, 0x00, 0x00, 0x00, 0x00, 0x00, 0x00, 0x00, 0x00, 0x00,
    0x00, 0x00, 0x00, 0x00, 0x00, 0x00, 0x00, 0x00, 0x00, 0x00, 0x00, 0x00,
    0x00, 0x00, 0x00, 0x00, 0x00, 0x00, 0x00, 0x00, 0x00, 0x00, 0x00, 0x00,
    0x00, 0x00, 0x00, 0x00, 0x00, 0x00, 0x00, 0x00, 0x00, 0x00, 0x00, 0x00,
    0x00, 0x00, 0x00, 0x00, 0x00, 0x00, 0x00, 0x00, 0x00, 0x00, 0x00, 0x00,
    0x00, 0x00, 0x00, 0x00, 0x00, 0x00, 0x00, 0x00, 0x00, 0x00, 0x00, 0x00,
    0x00, 0x00, 0x00, 0x00, 0x00, 0x00, 0x00, 0x00, 0x00, 0x00, 0x00, 0x00,
    0x00, 0x00, 0x00, 0x00, 0x00, 0x00, 0x00, 0x00, 0x00, 0x00, 0x00, 0x00,
    0x00, 0x00, 0x00, 0x00, 0x00, 0x00, 0x00, 0x00, 0x00, 0x00, 0x00, 0x00,
    0x00, 0x00, 0x00, 0x00, 0x00, 0x00, 0x00, 0x00, 0x00, 0x00, 0x00, 0x00,
    0x00, 0x00, 0x00, 0x00, 0x00, 0x00, 0x00, 0x00, 0x00, 0x00, 0x00, 0x00,
    0x00, 0x00, 0x00, 0x00, 0x00, 0x00, 0x00, 0x00, 0x00, 0x00, 0x00, 0x00,
    0x00, 0x00, 0x00, 0x00, 0x00, 0x00, 0x00, 0x00, 0x00, 0x00, 0x00, 0x00,
    0x00, 0x00, 0x00, 0x00, 0x00, 0x00, 0x00, 0x00, 0x00, 0x00, 0x00, 0x00,
    0x00, 0x00, 0x00, 0x00, 0x00, 0x00, 0x00, 0x00, 0x00, 0x00, 0x00, 0x00,
    0x00, 0x00, 0x00, 0x00, 0x00, 0x00, 0x00, 0x00, 0x00, 0x00, 0x00, 0x00,
    0x00, 0x00, 0x00, 0x00, 0x00, 0x00, 0x00, 0x00, 0x00, 0x00, 0x00, 0x00,
    0x00, 0x00, 0x00, 0x00, 0x00, 0x00, 0x00, 0x00, 0x00, 0x00, 0x00, 0x00,
    0x00, 0x00, 0x00, 0x00, 0x00, 0x00, 0x00, 0x00, 0x00, 0x00, 0x00, 0x00,
    0x00, 0x00, 0x00, 0x00, 0x00, 0x00, 0x00, 0x00, 0x00, 0x00, 0x00, 0x00,
    0x00, 0x00, 0x00, 0x00, 0x00, 0x00, 0x00, 0x00, 0x00, 0x00, 0x00, 0x00,
    0x00, 0x00, 0x00, 0x00, 0x00, 0x00, 0x00, 0x00, 0x00, 0x00, 0x00, 0x00,
    0x00, 0x00, 0x00, 0x00, 0x00, 0x00, 0x00, 0x00, 0x00, 0x00, 0x00, 0x00,
    0x00, 0x00, 0x00, 0x00, 0x00, 0x00, 0x00, 0x00, 0x00, 0x00, 0x00, 0x00,
    0x00, 0x00, 0x00, 0x00, 0x00, 0x00, 0x00, 0x00, 0x00, 0x00, 0x00, 0x00,
    0x00, 0x00, 0x00, 0x00, 0x00, 0x00, 0x00, 0x00, 0x00, 0x00, 0x00, 0x00,
    0x00, 0x00, 0x00, 0x00, 0x00, 0x00, 0x00, 0x00, 0x00, 0x00, 0x00, 0x00,
    0x00, 0x00, 0x00, 0x00, 0x00, 0x00, 0x00, 0x00, 0x00, 0x00, 0x00, 0x00,
    0x00, 0x00, 0x00, 0x00, 0x00, 0x00, 0x00, 0x00, 0x00, 0x00, 0x00, 0x00,
    0x00, 0x00, 0x00, 0x00, 0x00, 0x00, 0x00, 0x00, 0x00, 0x00, 0x00, 0x00,
    0x00, 0x00, 0x00, 0x00, 0x00, 0x00, 0x00, 0x00, 0x00, 0x00, 0x00, 0x00,
    0x00, 0x00, 0x00, 0x00, 0x00, 0x00, 0x00, 0x00, 0x00, 0x00, 0x00, 0x00,
    0x00, 0x00, 0x00, 0x00, 0x00, 0x00, 0x00, 0x00, 0x00, 0x00, 0x00, 0x00,
    0x00, 0x00, 0x00, 0x00, 0x00, 0x00, 0x00, 0x00, 0x00, 0x00, 0x00, 0x00,
    0x00, 0x00, 0x00, 0x00, 0x00, 0x00, 0x00, 0x00, 0x00, 0x00, 0x00, 0x00,
    0x00, 0x00, 0x00, 0x00, 0x00, 0x00, 0x00, 0x00, 0x00, 0x00, 0x00, 0x00,
    0x00, 0x00, 0x00, 0x00, 0x00, 0x00, 0x00, 0x00, 0x00, 0x00, 0x00, 0x00,
    0x00, 0x00, 0x00, 0x00, 0x00, 0x00, 0x00, 0x00, 0x00, 0x00, 0x00, 0x00,
    0x00, 0x00, 0x00, 0x00, 0x00, 0x00, 0x00, 0x00, 0x00, 0x00, 0x00, 0x00,
    0x00, 0x00, 0x00, 0x00, 0x00, 0x00, 0x00, 0x00, 0x00, 0x00, 0x00, 0x00,
    0x00, 0x00, 0x00, 0x00, 0x00, 0x00, 0x00, 0x00, 0x00, 0x00, 0x00, 0x00,
    0x00, 0x00, 0x00, 0x00, 0x00, 0x00, 0x00, 0x00, 0x00, 0x00, 0x00, 0x00,
    0x00, 0x00, 0x00, 0x00, 0x00, 0x00, 0x00, 0x00, 0x00, 0x00, 0x00, 0x00,
    0x00, 0x00, 0x00, 0x00, 0x00, 0x00, 0x00, 0x00, 0x00, 0x00, 0x00, 0x00,
    0x00, 0x00, 0x00, 0x00, 0x00, 0x00, 0x00, 0x00, 0x00, 0x00, 0x00, 0x00,
    0x00, 0x00, 0x00, 0x00, 0x00, 0x00, 0x00, 0x00, 0x00, 0x00, 0x00, 0x00,
    0x00, 0x00, 0x00, 0x00, 0x00, 0x00, 0x00, 0x00, 0x00, 0x00, 0x00, 0x00,
    0x00, 0x00, 0x00, 0x00, 0x00, 0x00, 0x00, 0x00, 0x00, 0x00, 0x00, 0x00,
    0x00, 0x00, 0x00, 0x00, 0x00, 0x00, 0x00, 0x00, 0x00, 0x00, 0x00, 0x00,
    0x00, 0x00, 0x00, 0x00, 0x00, 0x00, 0x00, 0x00, 0x00, 0x00, 0x00, 0x00,
    0x00, 0x00, 0x00, 0x00, 0x00, 0x00, 0x00, 0x00, 0x00, 0x00, 0x00, 0x00,
    0x00, 0x00, 0x00, 0x00, 0x00, 0x00, 0x00, 0x00, 0x00, 0x00, 0x00, 0x00,
    0x00, 0x00, 0x00, 0x00, 0x00, 0x00, 0x00, 0x00, 0x00, 0x00, 0x00, 0x00,
    0x00, 0x00, 0x00, 0x00, 0x00, 0x00, 0x00, 0x00, 0x00, 0x00, 0x00, 0x00,
    0x00, 0x00, 0x00, 0x00, 0x00, 0x00, 0x00, 0x00, 0x00, 0x00, 0x00, 0x00,
    0x00, 0x00, 0x00, 0x00, 0x00, 0x00, 0x00, 0x00, 0x00, 0x00, 0x00, 0x00,
    0x00, 0x00, 0x00, 0x00, 0x00, 0x00, 0x00, 0x00, 0x00, 0x00, 0x00, 0x00,
    0x00, 0x00, 0x00, 0x00, 0x00, 0x00, 0x00, 0x00, 0x00, 0x00, 0x00, 0x00,
    0x00, 0x00, 0x00, 0x00, 0x00, 0x00, 0x00, 0x00, 0x00, 0x00, 0x00, 0x00,
    0x00, 0x00, 0x00, 0x00, 0x00, 0x00, 0x00, 0x00, 0x00, 0x00, 0x00, 0x00,
    0x00, 0x00, 0x00, 0x00, 0x00, 0x00, 0x00, 0x00, 0x00, 0x00, 0x00, 0x00,
    0x00, 0x00, 0x00, 0x00, 0x00, 0x00, 0x00, 0x00, 0x00, 0x00, 0x00, 0x00,
    0x00, 0x00, 0x00, 0x00, 0x00, 0x00, 0x00, 0x00, 0x00, 0x00, 0x00, 0x00,
    0x00, 0x00, 0x00, 0x00, 0x00, 0x00, 0x00, 0x00, 0x00, 0x00, 0x00, 0x00,
    0x00, 0x00, 0x00, 0x00, 0x00, 0x00, 0x00, 0x00, 0x00, 0x00, 0x00, 0x00,
    0x00, 0x00, 0x00, 0x00, 0x00, 0x00, 0x00, 0x00, 0x00, 0x00, 0x00, 0x00,
    0x00, 0x00, 0x00, 0x00, 0x00, 0x00, 0x00, 0x00, 0x00, 0x00, 0x00, 0x00,
    0x00, 0x00, 0x00, 0x00, 0x00, 0x00, 0x00, 0x00, 0x00, 0x00, 0x00, 0x00,
    0x00, 0x00, 0x00, 0x00, 0x00, 0x00, 0x00, 0x00, 0x00, 0x00, 0x00, 0x00,
    0x00, 0x00, 0x00, 0x00, 0x00, 0x00, 0x00, 0x00, 0x00, 0x00, 0x00, 0x00,
    0x00, 0x00, 0x00, 0x00, 0x00, 0x00, 0x00, 0x00, 0x00, 0x00, 0x00, 0x00,
    0x00, 0x00, 0x00, 0x00, 0x00, 0x00, 0x00, 0x00, 0x00, 0x00, 0x00, 0x00,
    0x00, 0x00, 0x00, 0x00, 0x00, 0x00, 0x00, 0x00, 0x00, 0x00, 0x00, 0x00,
    0x00, 0x00, 0x00, 0x00, 0x00, 0x00, 0x00, 0x00, 0x00, 0x00, 0x00, 0x00,
    0x00, 0x00, 0x00, 0x00, 0x00, 0x00, 0x00, 0x00, 0x00, 0x00, 0x00, 0x00,
    0x00, 0x00, 0x00, 0x00, 0x00, 0x00, 0x00, 0x00, 0x00, 0x00, 0x00, 0x00,
    0x00, 0x00, 0x00, 0x00, 0x00, 0x00, 0x00, 0x00, 0x00, 0x00, 0x00, 0x00,
    0x00, 0x00, 0x00, 0x00, 0x00, 0x00, 0x00, 0x00, 0x00, 0x00, 0x00, 0x00,
    0x00, 0x00, 0x00, 0x00, 0x00, 0x00, 0x00, 0x00, 0x00, 0x00, 0x00, 0x00,
    0x00, 0x00, 0x00, 0x00, 0x00, 0x00, 0x00, 0x00, 0x00, 0x00, 0x00, 0x00,
    0x00, 0x00, 0x00, 0x00, 0x00, 0x00, 0x00, 0x00, 0x00, 0x00, 0x00, 0x00,
    0x00, 0x00, 0x00, 0x00, 0x00, 0x00, 0x00, 0x00, 0x00, 0x00, 0x00, 0x00,
    0x00, 0x00, 0x00, 0x00, 0x00, 0x00, 0x00, 0x00, 0x00, 0x00, 0x00, 0x00,
    0x00, 0x00, 0x00, 0x00, 0x00, 0x00, 0x00, 0x00, 0x00, 0x00, 0x00, 0x00,
    0x00, 0x00, 0x00, 0x00, 0x00, 0x00, 0x00, 0x00, 0x00, 0x00, 0x00, 0x00,
    0x00, 0x00, 0x00, 0x00, 0x00, 0x00, 0x00, 0x00, 0x00, 0x00, 0x00, 0x00,
    0x00, 0x00, 0x00, 0x00, 0x00, 0x00, 0x00, 0x00, 0x00, 0x00, 0x00, 0x00,
    0x00, 0x00, 0x00, 0x00, 0x00, 0x00, 0x00, 0x00, 0x00, 0x00, 0x00, 0x00,
    0x00, 0x00, 0x00, 0x00, 0x00, 0x00, 0x00, 0x00, 0x00, 0x00, 0x00, 0x00,
    0x00, 0x00, 0x00, 0x00, 0x00, 0x00, 0x00, 0x00, 0x00, 0x00, 0x00, 0x00,
    0x00, 0x00, 0x00, 0x00, 0x00, 0x00, 0x00, 0x00, 0x00, 0x00, 0x00, 0x00,
    0x00, 0x00, 0x00, 0x00, 0x00, 0x00, 0x00, 0x00, 0x00, 0x00, 0x00, 0x00,
    0x00, 0x00, 0x00, 0x00, 0x00, 0x00, 0x00, 0x00, 0x00, 0x00, 0x00, 0x00,
    0x00, 0x00, 0x00, 0x00, 0x00, 0x00, 0x00, 0x00, 0x00, 0x00, 0x00, 0x00,
    0x00, 0x00, 0x00, 0x00, 0x00, 0x00, 0x00, 0x00, 0x00, 0x00, 0x00, 0x00,
    0x00, 0x00, 0x00, 0x00, 0x00, 0x00, 0x00, 0x00, 0x00, 0x00, 0x00, 0x00,
    0x00, 0x00, 0x00, 0x00, 0x00, 0x00, 0x00, 0x00, 0x00, 0x00, 0x00, 0x00,
    0x00, 0x00, 0x00, 0x00, 0x00, 0x00, 0x00, 0x00, 0x00, 0x00, 0x00, 0x00,
    0x64, 0x00, 0x00, 0x00, 0x00, 0x00, 0x00, 0x00, 0x00, 0x00, 0x00, 0x00,
    0x00, 0x00, 0x00, 0x00, 0x00, 0x00, 0x00, 0x00, 0x00, 0x00, 0x00, 0x00,
    0x00, 0x00, 0x00, 0x00, 0x00, 0x00, 0x00, 0x00, 0x00, 0x00, 0x00, 0x00,
    0x00, 0x00, 0x00, 0x00, 0x00, 0x00, 0x00, 0x00, 0x00, 0x00, 0x00, 0x00,
    0x00, 0x00, 0x00, 0x00, 0x00, 0x00, 0x00, 0x00, 0x00, 0x00, 0x00, 0x00,
    0x00, 0x00, 0x00, 0x00, 0x00, 0x00, 0x00, 0x00, 0x00, 0x00, 0x00, 0x00,
    0x00, 0x00, 0x00, 0x00, 0x00, 0x00, 0x00, 0x00, 0x00, 0x00, 0x00, 0x00,
    0x00, 0x00, 0x00, 0x00, 0x00, 0x00, 0x00, 0x00, 0x00, 0x00, 0x00, 0x00,
    0x00, 0x00, 0x00, 0x00, 0x00, 0x00, 0x00, 0x00, 0x00, 0x00, 0x00, 0x00,
    0x00, 0x00, 0x00, 0x00, 0x00, 0x00, 0x00, 0x00, 0x00, 0x00, 0x00, 0x00,
    0x00, 0x00, 0x00, 0x00, 0x00, 0x00, 0x00, 0x00, 0x00, 0x00, 0x00, 0x00,
    0x00, 0x00, 0x00, 0x00, 0x00, 0x00, 0x00, 0x00, 0x00, 0x00, 0x00, 0x00,
    0x00, 0x00, 0x00, 0x00, 0x00, 0x00, 0x00, 0x00, 0x00, 0x00, 0x00, 0x00,
    0x00, 0x00, 0x00, 0x00, 0x00, 0x00, 0x00, 0x00, 0x00, 0x00, 0x00, 0x00,
    0x00, 0x00, 0x00, 0x00, 0x00, 0x00, 0x00, 0x00, 0x00, 0x00, 0x00, 0x00,
    0x00, 0x00, 0x00, 0x00, 0x00, 0x00, 0x00, 0x00, 0x00, 0x00, 0x00, 0x00,
    0x00, 0x00, 0x00, 0x00, 0x00, 0x00, 0x00, 0x00, 0x00, 0x00, 0x00, 0x00,
    0x00, 0x00, 0x00, 0x00, 0x00, 0x00, 0x00, 0x00, 0x00, 0x00, 0x00, 0x00,
    0x00, 0x00, 0x00, 0x00, 0x00, 0x00, 0x00, 0x00, 0x00, 0x00, 0x00, 0x00,
    0x00, 0x00, 0x00, 0x00, 0x00, 0x00, 0x00, 0x00, 0x00, 0x00, 0x00, 0x00,
    0x00, 0x00, 0x00, 0x00, 0x00, 0x00, 0x00, 0x00, 0x00, 0x00, 0x00, 0x00,
    0x00, 0x00, 0x00, 0x00, 0x00, 0x00, 0x00, 0x00, 0x00, 0x00, 0x00, 0x00,
    0x00, 0x00, 0x00, 0x00, 0x00, 0x00, 0x00, 0x00, 0x00, 0x00, 0x00, 0x00,
    0x00, 0x00, 0x00, 0x00, 0x00, 0x00, 0x00, 0x00, 0x00, 0x00, 0x00, 0x00,
    0x00, 0x00, 0x00, 0x00, 0x00, 0x00, 0x00, 0x00, 0x00, 0x00, 0x00, 0x00,
    0x00, 0x00, 0x00, 0x00, 0x00, 0x00, 0x00, 0x00, 0x00, 0x00, 0x00, 0x00,
    0x00, 0x00, 0x00, 0x00, 0x00, 0x00, 0x00, 0x00, 0x00, 0x00, 0x00, 0x00,
    0x00, 0x00, 0x00, 0x00, 0x00, 0x00, 0x00, 0x00, 0x00, 0x00, 0x00, 0x00,
    0x00, 0x00, 0x00, 0x00, 0x00, 0x00, 0x00, 0x00, 0x00, 0x00, 0x00, 0x00,
    0x00, 0x00, 0x00, 0x00, 0x00, 0x00, 0x00, 0x00, 0x00, 0x00, 0x00, 0x00,
    0x00, 0x00, 0x00, 0x00, 0x00, 0x00, 0x00, 0x00, 0x00, 0x00, 0x00, 0x00,
    0x00, 0x00, 0x00, 0x00, 0x00, 0x00, 0x00, 0x00, 0x00, 0x00, 0x00, 0x00,
    0x00, 0x00, 0x00, 0x00, 0x00, 0x00, 0x00, 0x00, 0x00, 0x00, 0x00, 0x00,
    0x00, 0x00, 0x00, 0x00, 0x00, 0x00, 0x00, 0x00, 0x00, 0x00, 0x00, 0x00,
    0x00, 0x00, 0x00, 0x00, 0x00, 0x00, 0x00, 0x00, 0x00, 0x00, 0x00, 0x00,
    0x00, 0x00, 0x00, 0x00, 0x00, 0x00, 0x00, 0x00, 0x00, 0x00, 0x00, 0x00,
    0x00, 0x00, 0x00, 0x00, 0x00, 0x00, 0x00, 0x00, 0x00, 0x00, 0x00, 0x00,
    0x00, 0x00, 0x00, 0x00, 0x00, 0x00, 0x00, 0x00, 0x00, 0x00, 0x00, 0x00,
    0x00, 0x00, 0x00, 0x00, 0x00, 0x00, 0x00, 0x00, 0x00, 0x00, 0x00, 0x00,
    0x00, 0x00, 0x00, 0x00, 0x00, 0x00, 0x00, 0x00, 0x00, 0x00, 0x00, 0x00,
    0x00, 0x00, 0x00, 0x00, 0x00, 0x00, 0x00, 0x00, 0x00, 0x00, 0x00, 0x00,
    0x00, 0x00, 0x00, 0x00, 0x00, 0x00, 0x00, 0x00, 0x00, 0x00, 0x00, 0x00,
    0x00, 0x00, 0x00, 0x00, 0x00, 0x00, 0x00, 0x00, 0x00, 0x00, 0x00, 0x00,
    0x00, 0x00, 0x00, 0x00, 0x00, 0x00, 0x00, 0x00, 0x00, 0x00, 0x00, 0x00,
    0x00, 0x00, 0x00, 0x00, 0x00, 0x00, 0x00, 0x00, 0x00, 0x00, 0x00, 0x00,
    0x00, 0x00, 0x00, 0x00, 0x00, 0x00, 0x00, 0x00, 0x00, 0x00, 0x00, 0x00,
    0x00, 0x00, 0x00, 0x00, 0x00, 0x00, 0x00, 0x00, 0x00, 0x00, 0x00, 0x00,
    0x00, 0x00, 0x00, 0x00, 0x00, 0x00, 0x00, 0x00, 0x00, 0x00, 0x00, 0x00,
    0x00, 0x00, 0x00, 0x00, 0x00, 0x00, 0x00, 0x00, 0x00, 0x00, 0x00, 0x00,
    0x00, 0x00, 0x00, 0x00, 0x00, 0x00, 0x00, 0x00, 0x00, 0x00, 0x00, 0x00,
    0x00, 0x00, 0x00, 0x00, 0x00, 0x00, 0x00, 0x00, 0x00, 0x00, 0x00, 0x00,
    0x00, 0x00, 0x00, 0x00, 0x00, 0x00, 0x00, 0x00, 0x00, 0x00, 0x00, 0x00,
    0x00, 0x00, 0x00, 0x00, 0x00, 0x00, 0x00, 0x00, 0x00, 0x00, 0x00, 0x00,
    0x00, 0x00, 0x00, 0x00, 0x00, 0x00, 0x00, 0x00, 0x00, 0x00, 0x00, 0x00,
    0x00, 0x00, 0x00, 0x00, 0x00, 0x00, 0x00, 0x00, 0x00, 0x00, 0x00, 0x00,
    0x00, 0x00, 0x00, 0x00, 0x00, 0x00, 0x00, 0x00, 0x00, 0x00, 0x00, 0x00,
    0x00, 0x00, 0x00, 0x00, 0x00, 0x00, 0x00, 0x00, 0x00, 0x00, 0x00, 0x00,
    0x00, 0x00, 0x00, 0x00, 0x00, 0x00, 0x00, 0x00, 0x00, 0x00, 0x00, 0x00,
    0x00, 0x00, 0x00, 0x00, 0x00, 0x00, 0x00, 0x00, 0x00, 0x00, 0x00, 0x00,
    0x00, 0x00, 0x00, 0x00, 0x00, 0x00, 0x00, 0x00, 0x00, 0x00, 0x00, 0x00,
    0x00, 0x00, 0x00, 0x00, 0x00, 0x00, 0x00, 0x00, 0x00, 0x00, 0x00, 0x00,
    0x00, 0x00, 0x00, 0x00, 0x00, 0x00, 0x00, 0x00, 0x00, 0x00, 0x00, 0x00,
    0x00, 0x00, 0x00, 0x00, 0x00, 0x00, 0x00, 0x00, 0x00, 0x00, 0x00, 0x00,
    0x00, 0x00, 0x00, 0x00, 0x00, 0x00, 0x00, 0x00, 0x00, 0x00, 0x00, 0x00,
    0x00, 0x00, 0x00, 0x00, 0x00, 0x00, 0x00, 0x00, 0x00, 0x00, 0x00, 0x00,
    0x00, 0x00, 0x00, 0x00, 0x00, 0x00, 0x00, 0x00, 0x00, 0x00, 0x00, 0x00,
    0x00, 0x00, 0x00, 0x00, 0x00, 0x00, 0x00, 0x00, 0x00, 0x00, 0x00, 0x00,
    0x00, 0x00, 0x00, 0x00, 0x00, 0x00, 0x00, 0x00, 0x00, 0x00, 0x00, 0x00,
    0x00, 0x00, 0x00, 0x00, 0x00, 0x00, 0x00, 0x00, 0x00, 0x00, 0x00, 0x00,
    0x00, 0x00, 0x00, 0x00, 0x00, 0x00, 0x00, 0x00, 0x00, 0x00, 0x00, 0x00,
    0x00, 0x00, 0x00, 0x00, 0x00, 0x00, 0x00, 0x00, 0x00, 0x00, 0x00, 0x00,
    0x00, 0x00, 0x00, 0x00, 0x00, 0x00, 0x00, 0x00, 0x00, 0x00, 0x00, 0x00,
    0x00, 0x00, 0x00, 0x00, 0x00, 0x00, 0x00, 0x00, 0x00, 0x00, 0x00, 0x00,
    0x00, 0x00, 0x00, 0x00, 0x00, 0x00, 0x00, 0x00, 0x00, 0x00, 0x00, 0x00,
    0x00, 0x00, 0x00, 0x00, 0x00, 0x00, 0x00, 0x00, 0x00, 0x00, 0x00, 0x00,
    0x00, 0x00, 0x00, 0x00, 0x00, 0x00, 0x00, 0x00, 0x00, 0x00, 0x00, 0x00,
    0x00, 0x00, 0x00, 0x00, 0x00, 0x00, 0x00, 0x00, 0x00, 0x00, 0x00, 0x00,
    0x00, 0x00, 0x00, 0x00, 0x00, 0x00, 0x00, 0x00, 0x00, 0x00, 0x00, 0x00,
    0x00, 0x00, 0x00, 0x00, 0x00, 0x00, 0x00, 0x00, 0x00, 0x00, 0x00, 0x00,
    0x00, 0x00, 0x00, 0x00, 0x00, 0x00, 0x00, 0x00, 0x00, 0x00, 0x00, 0x00,
    0x00, 0x00, 0x00, 0x00, 0x00, 0x00, 0x00, 0x00, 0x00, 0x00, 0x00, 0x00,
    0x00, 0x00, 0x00, 0x00, 0x00, 0x00, 0x00, 0x00, 0x00, 0x00, 0x00, 0x00,
    0x00, 0x00, 0x00, 0x00, 0x00, 0x00, 0x00, 0x00, 0x00, 0x00, 0x00, 0x00,
    0x00, 0x00, 0x00, 0x00, 0x00, 0x00, 0x00, 0x00, 0x00, 0x00, 0x00, 0x00,
    0x00, 0x00, 0x00, 0x00, 0x00, 0x00, 0x00, 0x00, 0x00, 0x00, 0x00, 0x00,
    0x00, 0x00, 0x00, 0x00, 0x00, 0x00, 0x00, 0x00, 0x00, 0x00, 0x00, 0x00,
    0x00, 0x00, 0x00, 0x00, 0x00, 0x00, 0x00, 0x00, 0x00, 0x00, 0x00, 0x00,
    0x00, 0x00, 0x00, 0x00, 0x00, 0x00, 0x00, 0x00, 0x00, 0x00, 0x00, 0x00,
    0x00, 0x00, 0x00, 0x00, 0x00, 0x00, 0x00, 0x00, 0x00, 0x00, 0x00, 0x00,
    0x00, 0x00, 0x00, 0x00, 0x00, 0x00, 0x00, 0x00, 0x00, 0x00, 0x00, 0x00,
    0x00, 0x00, 0x00, 0x00, 0x00, 0x00, 0x00, 0x00, 0x00, 0x00, 0x00, 0x00,
    0x00, 0x00, 0x00, 0x00, 0x00, 0x00, 0x00, 0x00, 0x00, 0x00, 0x00, 0x00,
    0x00, 0x00, 0x00, 0x00, 0x00, 0x00, 0x00, 0x00, 0x00, 0x00, 0x00, 0x00,
    0x00, 0x00, 0x00, 0x00, 0x00, 0x00, 0x00, 0x00, 0x00, 0x00, 0x00, 0x00,
    0x00, 0x00, 0x00, 0x00, 0x00, 0x00, 0x00, 0x00, 0x00, 0x00, 0x00, 0x00,
    0x00, 0x00, 0x00, 0x00, 0x00, 0x00, 0x00, 0x00, 0x00, 0x00, 0x00, 0x00,
    0x00, 0x00, 0x00, 0x00, 0x00, 0x00, 0x00, 0x00, 0x00, 0x00, 0x00, 0x00,
    0x00, 0x00, 0x00, 0x00, 0x00, 0x00, 0x00, 0x00, 0x00, 0x00, 0x00, 0x00,
    0x00, 0x00, 0x00, 0x00, 0x00, 0x00, 0x00, 0x00, 0x00, 0x00, 0x00, 0x00,
    0x00, 0x00, 0x00, 0x00, 0x00, 0x00, 0x00, 0x00, 0x00, 0x00, 0x00, 0x00,
    0x00, 0x00, 0x00, 0x00, 0x00, 0x00, 0x00, 0x00, 0x00, 0x00, 0x00, 0x00,
    0x00, 0x00, 0x00, 0x00, 0x00, 0x00, 0x00, 0x00, 0x00, 0x00, 0x00, 0x00,
    0x00, 0x00, 0x00, 0x00, 0x00, 0x00, 0x00, 0x00, 0x00, 0x00, 0x00, 0x00,
    0x00, 0x00, 0x00, 0x00, 0x00, 0x00, 0x00, 0x00, 0x00, 0x00, 0x00, 0x00,
    0x00, 0x00, 0x00, 0x00, 0x00, 0x00, 0x00, 0x00, 0x00, 0x00, 0x00, 0x00,
    0x00, 0x00, 0x00, 0x00, 0x00, 0x00, 0x00, 0x00, 0x00, 0x00, 0x00, 0x00,
    0x00, 0x00, 0x00, 0x00, 0x00, 0x00, 0x00, 0x00, 0x00, 0x00, 0x00, 0x00,
    0x00, 0x00, 0x00, 0x00, 0x00, 0x00, 0x00, 0x00, 0x00, 0x00, 0x00, 0x00,
    0x00, 0x00, 0x00, 0x00, 0x00, 0x00, 0x00, 0x00, 0x00, 0x00, 0x00, 0x00,
    0x00, 0x00, 0x00, 0x00, 0x00, 0x00, 0x00, 0x00, 0x00, 0x00, 0x00, 0x00,
    0x00, 0x00, 0x00, 0x00, 0x00, 0x00, 0x00, 0x00, 0x00, 0x00, 0x00, 0x00,
    0x00, 0x00, 0x00, 0x00, 0x00, 0x00, 0x00, 0x00, 0x00, 0x00, 0x00, 0x00,
    0x00, 0x00, 0x00, 0x00, 0x00, 0x00, 0x00, 0x00, 0x00, 0x00, 0x00, 0x00,
    0x00, 0x00, 0x00, 0x00, 0x00, 0x00, 0x00, 0x00, 0x00, 0x00, 0x00, 0x00,
    0x00, 0x00, 0x00, 0x00, 0x00, 0x00, 0x00, 0x00, 0x00, 0x00, 0x00, 0x00,
    0x00, 0x00, 0x00, 0x00, 0x00, 0x00, 0x00, 0x00, 0x00, 0x00, 0x00, 0x00,
    0x00, 0x00, 0x00, 0x00, 0x00, 0x00, 0x00, 0x00, 0x00, 0x00, 0x00, 0x00,
    0x00, 0x00, 0x00, 0x00, 0x00, 0x00, 0x00, 0x00, 0x00, 0x00, 0x00, 0x00,
    0x00, 0x00, 0x00, 0x00, 0x00, 0x00, 0x00, 0x00, 0x00, 0x00, 0x00, 0x00,
    0x00, 0x00, 0x00, 0x00, 0x00, 0x00, 0x00, 0x00, 0x00, 0x00, 0x00, 0x00,
    0x00, 0x00, 0x00, 0x00, 0x00, 0x00, 0x00, 0x00, 0x00, 0x00, 0x00, 0x00,
    0x00, 0x00, 0x00, 0x00, 0x00, 0x00, 0x00, 0x00, 0x00, 0x00, 0x00, 0x00,
    0x00, 0x00, 0x00, 0x00, 0x00, 0x00, 0x00, 0x00, 0x00, 0x00, 0x00, 0x00,
    0x00, 0x00, 0x00, 0x00, 0x00, 0x00, 0x00, 0x00, 0x00, 0x00, 0x00, 0x00,
    0x00, 0x00, 0x00, 0x00, 0x00, 0x00, 0x00, 0x00, 0x00, 0x00, 0x00, 0x00,
    0x00, 0x00, 0x00, 0x00, 0x00, 0x00, 0x00, 0x00, 0x00, 0x00, 0x00, 0x00,
    0x00, 0x00, 0x00, 0x00, 0x00, 0x00, 0x00, 0x00, 0x00, 0x00, 0x00, 0x00,
    0x00, 0x00, 0x00, 0x00, 0x00, 0x00, 0x00, 0x00, 0x00, 0x00, 0x00, 0x00,
    0x00, 0x00, 0x00, 0x00, 0x00, 0x00, 0x00, 0x00, 0x00, 0x00, 0x00, 0x00,
    0x00, 0x00, 0x00, 0x00, 0x00, 0x00, 0x00, 0x00, 0x00, 0x00, 0x00, 0x00,
    0x00, 0x00, 0x00, 0x00, 0x00, 0x00, 0x00, 0x00, 0x00, 0x00, 0x00, 0x00,
    0x00, 0x00, 0x00, 0x00, 0x00, 0x00, 0x00, 0x00, 0x00, 0x00, 0x00, 0x00,
    0x00, 0x00, 0x00, 0x00, 0x00, 0x00, 0x00, 0x00, 0x00, 0x00, 0x00, 0x00,
    0x00, 0x00, 0x00, 0x00, 0x00, 0x00, 0x00, 0x00, 0x00, 0x00, 0x00, 0x00,
    0x00, 0x00, 0x00, 0x00, 0x00, 0x00, 0x00, 0x00, 0x00, 0x00, 0x00, 0x00,
    0x00, 0x00, 0x00, 0x00, 0x00, 0x00, 0x00, 0x00, 0x00, 0x00, 0x00, 0x00,
    0x00, 0x00, 0x00, 0x00, 0x00, 0x00, 0x00, 0x00, 0x00, 0x00, 0x00, 0x00,
    0x00, 0x00, 0x00, 0x00, 0x00, 0x00, 0x00, 0x00, 0x00, 0x00, 0x00, 0x00,
    0x00, 0x00, 0x00, 0x00, 0x00, 0x00, 0x00, 0x00, 0x00, 0x00, 0x00, 0x00,
    0x00, 0x00, 0x00, 0x00, 0x00, 0x00, 0x00, 0x00, 0x00, 0x00, 0x00, 0x00,
    0x00, 0x00, 0x00, 0x00, 0x00, 0x00, 0x00, 0x00, 0x00, 0x00, 0x00, 0x00,
    0x00, 0x00, 0x00, 0x00, 0x00, 0x00, 0x00, 0x00, 0x00, 0x00, 0x00, 0x00,
    0x00, 0x00, 0x00, 0x00, 0x00, 0x00, 0x00, 0x00, 0x00, 0x00, 0x00, 0x00,
    0x00, 0x00, 0x00, 0x00, 0x00, 0x00, 0x00, 0x00, 0x00, 0x00, 0x00, 0x00,
    0x00, 0x00, 0x00, 0x00, 0x00, 0x00, 0x00, 0x00, 0x00, 0x00, 0x00, 0x00,
    0x00, 0x00, 0x00, 0x00, 0x00, 0x00, 0x00, 0x00, 0x00, 0x00, 0x00, 0x00,
    0x00, 0x00, 0x00, 0x00, 0x00, 0x00, 0x00, 0x00, 0x00, 0x00, 0x00, 0x00,
    0x00, 0x00, 0x00, 0x00, 0x00, 0x00, 0x00, 0x00, 0x00, 0x00, 0x00, 0x00,
    0x00, 0x00, 0x00, 0x00, 0x00, 0x00, 0x00, 0x00, 0x00, 0x00, 0x00, 0x00,
    0x00, 0x00, 0x00, 0x00, 0x00, 0x00, 0x00, 0x00, 0x00, 0x00, 0x00, 0x00,
    0x00, 0x00, 0x00, 0x00, 0x00, 0x00, 0x00, 0x00, 0x00, 0x00, 0x00, 0x00,
    0x00, 0x00, 0x00, 0x00, 0x00, 0x00, 0x00, 0x00, 0x00, 0x00, 0x00, 0x00,
    0x00, 0x00, 0x00, 0x00, 0x00, 0x00, 0x00, 0x00, 0x00, 0x00, 0x00, 0x00,
    0x00, 0x00, 0x00, 0x00, 0x00, 0x00, 0x00, 0x00, 0x00, 0x00, 0x00, 0x00,
    0x00, 0x00, 0x00, 0x00, 0x00, 0x00, 0x00, 0x00, 0x00, 0x00, 0x00, 0x00,
    0x00, 0x00, 0x00, 0x00, 0x00, 0x00, 0x00, 0x00, 0x00, 0x00, 0x00, 0x00,
    0x00, 0x00, 0x00, 0x00, 0x00, 0x00, 0x00, 0x00, 0x00, 0x00, 0x00, 0x00,
    0x00, 0x00, 0x00, 0x00, 0x00, 0x00, 0x00, 0x00, 0x00, 0x00, 0x00, 0x00,
    0x00, 0x00, 0x00, 0x00, 0x00, 0x00, 0x00, 0x00, 0x00, 0x00, 0x00, 0x00,
    0x00, 0x00, 0x00, 0x00, 0x00, 0x00, 0x00, 0x00, 0x00, 0x00, 0x00, 0x00,
    0x00, 0x00, 0x00, 0x00, 0x00, 0x00, 0x00, 0x00, 0x00, 0x00, 0x00, 0x00,
    0x00, 0x00, 0x00, 0x00, 0x00, 0x00, 0x00, 0x00, 0x00, 0x00, 0x00, 0x00,
    0x00, 0x00, 0x00, 0x00, 0x00, 0x00, 0x00, 0x00, 0x00, 0x00, 0x00, 0x00,
    0x00, 0x00, 0x00, 0x00, 0x00, 0x00, 0x00, 0x00, 0x00, 0x00, 0x00, 0x00,
    0x00, 0x00, 0x00, 0x00, 0x00, 0x00, 0x00, 0x00, 0x00, 0x00, 0x00, 0x00,
    0x00, 0x00, 0x00, 0x00, 0x00, 0x00, 0x00, 0x00, 0x00, 0x00, 0x00, 0x00,
    0x00, 0x00, 0x00, 0x00, 0x00, 0x00, 0x00, 0x00, 0x00, 0x00, 0x00, 0x00,
    0x00, 0x00, 0x00, 0x00, 0x00, 0x00, 0x00, 0x00, 0x00, 0x00, 0x00, 0x00,
    0x00, 0x00, 0x00, 0x00, 0x00, 0x00, 0x00, 0x00, 0x00, 0x00, 0x00, 0x00,
    0x00, 0x00, 0x00, 0x00, 0x00, 0x00, 0x00, 0x00, 0x00, 0x00, 0x00, 0x00,
    0x00, 0x00, 0x00, 0x00, 0x00, 0x00, 0x00, 0x00, 0x00, 0x00, 0x00, 0x00,
    0x00, 0x00, 0x00, 0x00, 0x00, 0x00, 0x00, 0x00, 0x00, 0x00, 0x00, 0x00,
    0x00, 0x00, 0x00, 0x00, 0x00, 0x00, 0x00, 0x00, 0x00, 0x00, 0x00, 0x00,
    0x00, 0x00, 0x00, 0x00, 0x00, 0x00, 0x00, 0x00, 0x00, 0x00, 0x00, 0x00,
    0x00, 0x00, 0x00, 0x00, 0x00, 0x00, 0x00, 0x00, 0x00, 0x00, 0x00, 0x00,
    0x00, 0x00, 0x00, 0x00, 0x00, 0x00, 0x00, 0x00, 0x00, 0x00, 0x00, 0x00,
    0x00, 0x00, 0x00, 0x00, 0x00, 0x00, 0x00, 0x00, 0x00, 0x00, 0x00, 0x00,
    0x00, 0x00, 0x00, 0x00, 0x00, 0x00, 0x00, 0x00, 0x00, 0x00, 0x00, 0x00,
    0x00, 0x00, 0x00, 0x00, 0x00, 0x00, 0x00, 0x00, 0x00, 0x00, 0x00, 0x00,
    0x00, 0x00, 0x00, 0x00, 0x00, 0x00, 0x00, 0x00, 0x00, 0x00, 0x00, 0x00,
    0x00, 0x00, 0x00, 0x00, 0x00, 0x00, 0x00, 0x00, 0x00, 0x00, 0x00, 0x00,
    0x00, 0x00, 0x00, 0x00, 0x00, 0x00, 0x00, 0x00, 0x00, 0x00, 0x00, 0x00,
    0x00, 0x00, 0x00, 0x00, 0x00, 0x00, 0x00, 0x00, 0x00, 0x00, 0x00, 0x00,
    0x00, 0x00, 0x00, 0x00, 0x00, 0x00, 0x00, 0x00, 0x00, 0x00, 0x00, 0x00,
    0x00, 0x00, 0x00, 0x00, 0x00, 0x00, 0x00, 0x00, 0x00, 0x00, 0x00, 0x00,
    0x00, 0x00, 0x00, 0x00, 0x00, 0x00, 0x00, 0x00, 0x00, 0x00, 0x00, 0x00,
    0x00, 0x00, 0x00, 0x00, 0x00, 0x00, 0x00, 0x00, 0x00, 0x00, 0x00, 0x00,
    0x00, 0x00, 0x00, 0x00, 0x00, 0x00, 0x00, 0x00, 0x00, 0x00, 0x00, 0x00,
    0x00, 0x00, 0x00, 0x00, 0x00, 0x00, 0x00, 0x00, 0x00, 0x00, 0x00, 0x00,
    0x00, 0x00, 0x00, 0x00, 0x00, 0x00, 0x00, 0x00, 0x00, 0x00, 0x00, 0x00,
    0x00, 0x00, 0x00, 0x00, 0x00, 0x00, 0x00, 0x00, 0x00, 0x00, 0x00, 0x00,
    0x00, 0x00, 0x00, 0x00, 0x00, 0x00, 0x00, 0x00, 0x00, 0x00, 0x00, 0x00,
    0x00, 0x00, 0x00, 0x00, 0x00, 0x00, 0x00, 0x00, 0x00, 0x00, 0x00, 0x00,
    0x00, 0x00, 0x00, 0x00, 0x00, 0x00, 0x00, 0x00, 0x00, 0x00, 0x00, 0x00,
    0x00, 0x00, 0x00, 0x00, 0x00, 0x00, 0x00, 0x00, 0x00, 0x00, 0x00, 0x00,
    0x00, 0x00, 0x00, 0x00, 0x00, 0x00, 0x00, 0x00, 0x00, 0x00, 0x00, 0x00,
    0x00, 0x00, 0x00, 0x00, 0x00, 0x00, 0x00, 0x00, 0x00, 0x00, 0x00, 0x00,
    0x00, 0x00, 0x00, 0x00, 0x00, 0x00, 0x00, 0x00, 0x00, 0x00, 0x00, 0x00,
    0x00, 0x00, 0x00, 0x00, 0x00, 0x00, 0x00, 0x00, 0x00, 0x00, 0x00, 0x00,
    0x00, 0x00, 0x00, 0x00, 0x00, 0x00, 0x00, 0x00, 0x00, 0x00, 0x00, 0x00,
    0x00, 0x00, 0x00, 0x00, 0x00, 0x00, 0x00, 0x00, 0x00, 0x00, 0x00, 0x00,
    0x00, 0x00, 0x00, 0x00, 0x00, 0x00, 0x00, 0x00, 0x00, 0x00, 0x00, 0x00,
    0x00, 0x00, 0x00, 0x00, 0x00, 0x00, 0x00, 0x00, 0x00, 0x00, 0x00, 0x00,
    0x00, 0x00, 0x00, 0x00, 0x00, 0x00, 0x00, 0x00, 0x00, 0x00, 0x00, 0x00,
    0x00, 0x00, 0x00, 0x00, 0x00, 0x00, 0x00, 0x00, 0x00, 0x00, 0x00, 0x00,
    0x00, 0x00, 0x00, 0x00, 0x00, 0x00, 0x00, 0x00, 0x00, 0x00, 0x00, 0x00,
    0x00, 0x00, 0x00, 0x00, 0x00, 0x00, 0x00, 0x00, 0x00, 0x00, 0x00, 0x00,
    0x00, 0x00, 0x00, 0x00, 0x00, 0x00, 0x00, 0x00, 0x00, 0x00, 0x00, 0x00,
    0x00, 0x00, 0x00, 0x00, 0x00, 0x00, 0x00, 0x00, 0x00, 0x00, 0x00, 0x00,
    0x00, 0x00, 0x00, 0x00, 0x00, 0x00, 0x00, 0x00, 0x00, 0x00, 0x00, 0x00,
    0x00, 0x00, 0x00, 0x00, 0x00, 0x00, 0x00, 0x00, 0x00, 0x00, 0x00, 0x00,
    0x00, 0x00, 0x00, 0x00, 0x00, 0x00, 0x00, 0x00, 0x00, 0x00, 0x00, 0x00,
    0x00, 0x00, 0x00, 0x00, 0x00, 0x00, 0x00, 0x00, 0x00, 0x00, 0x00, 0x00,
    0x00, 0x00, 0x00, 0x00, 0x00, 0x00, 0x00, 0x00, 0x00, 0x00, 0x00, 0x00,
    0x00, 0x00, 0x00, 0x00, 0x00, 0x00, 0x00, 0x00, 0x00, 0x00, 0x00, 0x00,
    0x00, 0x00, 0x00, 0x00, 0x00, 0x00, 0x00, 0x00, 0x00, 0x00, 0x00, 0x00,
    0x00, 0x00, 0x00, 0x00, 0x00, 0x00, 0x00, 0x00, 0x00, 0x00, 0x00, 0x00,
    0x00, 0x00, 0x00, 0x00, 0x00, 0x00, 0x00, 0x00, 0x00, 0x00, 0x00, 0x00,
    0x00, 0x00, 0x00, 0x00, 0x00, 0x00, 0x00, 0x00, 0x00, 0x00, 0x00, 0x00,
    0x00, 0x00, 0x00, 0x00, 0x00, 0x00, 0x00, 0x00, 0x00, 0x00, 0x00, 0x00,
    0x00, 0x00, 0x00, 0x00, 0x00, 0x00, 0x00, 0x00, 0x00, 0x00, 0x00, 0x00,
    0x00, 0x00, 0x00, 0x00, 0x00, 0x00, 0x00, 0x00, 0x00, 0x00, 0x00, 0x00,
    0x00, 0x00, 0x00, 0x00, 0x00, 0x00, 0x00, 0x00, 0x00, 0x00, 0x00, 0x00,
    0x00, 0x00, 0x00, 0x00, 0x00, 0x00, 0x00, 0x00, 0x00, 0x00, 0x00, 0x00,
    0x00, 0x00, 0x00, 0x00, 0x00, 0x00, 0x00, 0x00, 0x00, 0x00, 0x00, 0x00,
    0x00, 0x00, 0x00, 0x00, 0x00, 0x00, 0x00, 0x00, 0x00, 0x00, 0x00, 0x00,
    0x00, 0x00, 0x00, 0x00, 0x00, 0x00, 0x00, 0x00, 0x00, 0x00, 0x00, 0x00,
    0x00, 0x00, 0x00, 0x00, 0x00, 0x00, 0x00, 0x00, 0x00, 0x00, 0x00, 0x00,
    0x00, 0x00, 0x00, 0x00, 0x00, 0x00, 0x00, 0x00, 0x00, 0x00, 0x00, 0x00,
    0x00, 0x00, 0x00, 0x00, 0x00, 0x00, 0x00, 0x00, 0x00, 0x00, 0x00, 0x00,
    0x00, 0x00, 0x00, 0x00, 0x00, 0x00, 0x00, 0x00, 0x00, 0x00, 0x00, 0x00,
    0x00, 0x00, 0x00, 0x00, 0x00, 0x00, 0x00, 0x00, 0x00, 0x00, 0x00, 0x00,
    0x00, 0x00, 0x00, 0x00, 0x00, 0x00, 0x00, 0x00, 0x00, 0x00, 0x00, 0x00,
    0x00, 0x00, 0x00, 0x00, 0x00, 0x00, 0x00, 0x00, 0x00, 0x00, 0x00, 0x00,
    0x00, 0x00, 0x00, 0x00, 0x00, 0x00, 0x00, 0x00, 0x00, 0x00, 0x00, 0x00,
    0x00, 0x00, 0x00, 0x00, 0x00, 0x00, 0x00, 0x00, 0x00, 0x00, 0x00, 0x00,
    0x00, 0x00, 0x00, 0x00, 0x00, 0x00, 0x00, 0x00, 0x00, 0x00, 0x00, 0x00,
    0x00, 0x00, 0x00, 0x00, 0x00, 0x00, 0x00, 0x00, 0x00, 0x00, 0x00, 0x00,
    0x00, 0x00, 0x00, 0x00, 0x00, 0x00, 0x00, 0x00, 0x00, 0x00, 0x00, 0x00,
    0x00, 0x00, 0x00, 0x00, 0x00, 0x00, 0x00, 0x00, 0x00, 0x00, 0x00, 0x00,
    0x00, 0x00, 0x00, 0x00, 0x00, 0x00, 0x00, 0x00, 0x00, 0x00, 0x00, 0x00,
    0x00, 0x00, 0x00, 0x00, 0x00, 0x00, 0x00, 0x00, 0x00, 0x00, 0x00, 0x00,
    0x00, 0x00, 0x00, 0x00, 0x00, 0x00, 0x00, 0x00, 0x00, 0x00, 0x00, 0x00,
    0x00, 0x00, 0x00, 0x00, 0x00, 0x00, 0x00, 0x00, 0x00, 0x00, 0x00, 0x00,
    0x00, 0x00, 0x00, 0x00, 0x00, 0x00, 0x00, 0x00, 0x00, 0x00, 0x00, 0x00,
    0x00, 0x00, 0x00, 0x00, 0x00, 0x00, 0x00, 0x00, 0x00, 0x00, 0x00, 0x00,
    0x00, 0x00, 0x00, 0x00, 0x00, 0x00, 0x00, 0x00, 0x00, 0x00, 0x00, 0x00,
    0x00, 0x00, 0x00, 0x00, 0x00, 0x00, 0x00, 0x00, 0x00, 0x00, 0x00, 0x00,
    0x00, 0x00, 0x00, 0x00, 0x00, 0x00, 0x00, 0x00, 0x00, 0x00, 0x00, 0x00,
    0x00, 0x00, 0x00, 0x00, 0x00, 0x00, 0x00, 0x00, 0x00, 0x00, 0x00, 0x00,
    0x00, 0x00, 0x00, 0x00, 0x00, 0x00, 0x00, 0x00, 0x00, 0x00, 0x00, 0x00,
    0x00, 0x00, 0x00, 0x00, 0x00, 0x00, 0x00, 0x00, 0x00, 0x00, 0x00, 0x00,
    0x00, 0x00, 0x00, 0x00, 0x00, 0x00, 0x00, 0x00, 0x00, 0x00, 0x00, 0x00,
    0x00, 0x00, 0x00, 0x00, 0x00, 0x00, 0x00, 0x00, 0x00, 0x00, 0x00, 0x00,
    0x00, 0x00, 0x00, 0x00, 0x00, 0x00, 0x00, 0x00, 0x00, 0x00, 0x00, 0x00,
    0x00, 0x00, 0x00, 0x00, 0x00, 0x00, 0x00, 0x00, 0x00, 0x00, 0x00, 0x00,
    0x00, 0x00, 0x00, 0x00, 0x00, 0x00, 0x00, 0x00, 0x00, 0x00, 0x00, 0x00,
    0x00, 0x00, 0x00, 0x00, 0x00, 0x00, 0x00, 0x00, 0x00, 0x00, 0x00, 0x00,
    0x00, 0x00, 0x00, 0x00, 0x00, 0x00, 0x00, 0x00, 0x00, 0x00, 0x00, 0x00,
    0x00, 0x00, 0x00, 0x00, 0x00, 0x00, 0x00, 0x00, 0x00, 0x00, 0x00, 0x00,
    0x00, 0x00, 0x00, 0x00, 0x00, 0x00, 0x00, 0x00, 0x00, 0x00, 0x00, 0x00,
    0x00, 0x00, 0x00, 0x00, 0x00, 0x00, 0x00, 0x00, 0x00, 0x00, 0x00, 0x00,
    0x00, 0x00, 0x00, 0x00, 0x00, 0x00, 0x00, 0x00, 0x00, 0x00, 0x00, 0x00,
    0x00, 0x00, 0x00, 0x00, 0x00, 0x00, 0x00, 0x00, 0x00, 0x00, 0x00, 0x00,
    0x00, 0x00, 0x00, 0x00, 0x00, 0x00, 0x00, 0x00, 0x00, 0x00, 0x00, 0x00,
    0x00, 0x00, 0x00, 0x00, 0x00, 0x00, 0x00, 0x00, 0x00, 0x00, 0x00, 0x00,
    0x00, 0x00, 0x00, 0x00, 0x00, 0x00, 0x00, 0x00, 0x00, 0x00, 0x00, 0x00,
    0x00, 0x00, 0x00, 0x00, 0x00, 0x00, 0x00, 0x00, 0x00, 0x00, 0x00, 0x00,
    0x00, 0x00, 0x00, 0x00, 0x00, 0x00, 0x00, 0x00, 0x00, 0x00, 0x00, 0x00,
    0x00, 0x00, 0x00, 0x00, 0x00, 0x00, 0x00, 0x00, 0x00, 0x00, 0x00, 0x00,
    0x00, 0x00, 0x00, 0x00, 0x00, 0x00, 0x00, 0x00, 0x00, 0x00, 0x00, 0x00,
    0x00, 0x00, 0x00, 0x00, 0x00, 0x00, 0x00, 0x00, 0x00, 0x00, 0x00, 0x00,
    0x00, 0x00, 0x00, 0x00, 0x00, 0x00, 0x00, 0x00, 0x00, 0x00, 0x00, 0x00,
    0x00, 0x00, 0x00, 0x00, 0x00, 0x00, 0x00, 0x00, 0x00, 0x00, 0x00, 0x00,
    0x00, 0x00, 0x00, 0x00, 0x00, 0x00, 0x00, 0x00, 0x00, 0x00, 0x00, 0x00,
    0x00, 0x00, 0x00, 0x00, 0x00, 0x00, 0x00, 0x00, 0x00, 0x00, 0x00, 0x00,
    0x00, 0x00, 0x00, 0x00, 0x00, 0x00, 0x00, 0x00, 0x00, 0x00, 0x00, 0x00,
    0x00, 0x00, 0x00, 0x00, 0x00, 0x00, 0x00, 0x00, 0x00, 0x00, 0x00, 0x00,
    0x00, 0x00, 0x00, 0x00, 0x00, 0x00, 0x00, 0x00, 0x00, 0x00, 0x00, 0x00,
    0x00, 0x00, 0x00, 0x00, 0x00, 0x00, 0x00, 0x00, 0x00, 0x00, 0x00, 0x00,
    0x00, 0x00, 0x00, 0x00, 0x00, 0x00, 0x00, 0x00, 0x00, 0x00, 0x00, 0x00,
    0x00, 0x00, 0x00, 0x00, 0x00, 0x00, 0x00, 0x00, 0x00, 0x00, 0x00, 0x00,
    0x00, 0x00, 0x00, 0x00, 0x00, 0x00, 0x00, 0x00, 0x00, 0x00, 0x00, 0x00,
    0x00, 0x00, 0x00, 0x00, 0x00, 0x00, 0x00, 0x00, 0x00, 0x00, 0x00, 0x00,
    0x00, 0x00, 0x00, 0x00, 0x00, 0x00, 0x00, 0x00, 0x00, 0x00, 0x00, 0x00,
    0x00, 0x00, 0x00, 0x00, 0x00, 0x00, 0x00, 0x00, 0x00, 0x00, 0x00, 0x00,
    0x00, 0x00, 0x00, 0x00, 0x00, 0x00, 0x00, 0x00, 0x00, 0x00, 0x00, 0x00,
    0x00, 0x00, 0x00, 0x00, 0x00, 0x00, 0x00, 0x00, 0x00, 0x00, 0x00, 0x00,
    0x00, 0x00, 0x00, 0x00, 0x00, 0x00, 0x00, 0x00, 0x00, 0x00, 0x00, 0x00,
    0x00, 0x00, 0x00, 0x00, 0x00, 0x00, 0x00, 0x00, 0x00, 0x00, 0x00, 0x00,
    0x00, 0x00, 0x00, 0x00, 0x00, 0x00, 0x00, 0x00, 0x00, 0x00, 0x00, 0x00,
    0x00, 0x00, 0x00, 0x00, 0x00, 0x00, 0x00, 0x00, 0x00, 0x00, 0x00, 0x00,
    0x00, 0x00, 0x00, 0x00, 0x00, 0x00, 0x00, 0x00, 0x00, 0x00, 0x00, 0x00,
    0x00, 0x00, 0x00, 0x00, 0x00, 0x00, 0x00, 0x00, 0x00, 0x00, 0x00, 0x00,
    0x00, 0x00, 0x00, 0x00, 0x00, 0x00, 0x00, 0x00, 0x00, 0x00, 0x00, 0x00,
    0x00, 0x00, 0x00, 0x00, 0x00, 0x00, 0x00, 0x00, 0x00, 0x00, 0x00, 0x00,
    0x00, 0x00, 0x00, 0x00, 0x00, 0x00, 0x00, 0x00, 0x00, 0x00, 0x00, 0x00,
    0x00, 0x00, 0x00, 0x00, 0x00, 0x00, 0x00, 0x00, 0x00, 0x00, 0x00, 0x00,
    0x00, 0x00, 0x00, 0x00, 0x00, 0x00, 0x00, 0x00, 0x00, 0x00, 0x00, 0x00,
    0x00, 0x00, 0x00, 0x00, 0x00, 0x00, 0x00, 0x00, 0x00, 0x00, 0x00, 0x00,
    0x00, 0x00, 0x00, 0x00, 0x00, 0x00, 0x00, 0x00, 0x00, 0x00, 0x00, 0x00,
    0x00, 0x00, 0x00, 0x00, 0x00, 0x00, 0x00, 0x00, 0x00, 0x00, 0x00, 0x00,
    0x00, 0x00, 0x00, 0x00, 0x00, 0x00, 0x00, 0x00, 0x00, 0x00, 0x00, 0x00,
    0x00, 0x00, 0x00, 0x00, 0x00, 0x00, 0x00, 0x00, 0x00, 0x00, 0x00, 0x00,
    0x00, 0x00, 0x00, 0x00, 0x00, 0x00, 0x00, 0x00, 0x00, 0x00, 0x00, 0x00,
    0x00, 0x00, 0x00, 0x00, 0x00, 0x00, 0x00, 0x00, 0x00, 0x00, 0x00, 0x00,
    0x00, 0x00, 0x00, 0x00, 0x00, 0x00, 0x00, 0x00, 0x00, 0x00, 0x00, 0x00,
    0x00, 0x00, 0x00, 0x00, 0x00, 0x00, 0x00, 0x00, 0x00, 0x00, 0x00, 0x00,
    0x00, 0x00, 0x00, 0x00, 0x00, 0x00, 0x00, 0x00, 0x00, 0x00, 0x00, 0x00,
    0x00, 0x00, 0x00, 0x00, 0x00, 0x00, 0x00, 0x00, 0x00, 0x00, 0x00, 0x00,
    0x00, 0x00, 0x00, 0x00, 0x00, 0x00, 0x00, 0x00, 0x00, 0x00, 0x00, 0x00,
    0x00, 0x00, 0x00, 0x00, 0x00, 0x00, 0x00, 0x00, 0x00, 0x00, 0x00, 0x00,
    0x00, 0x00, 0x00, 0x00, 0x00, 0x00, 0x00, 0x00, 0x00, 0x00, 0x00, 0x00,
    0x00, 0x00, 0x00, 0x00, 0x00, 0x00, 0x00, 0x00, 0x00, 0x00, 0x00, 0x00,
    0x00, 0x00, 0x00, 0x00, 0x00, 0x00, 0x00, 0x00, 0x00, 0x00, 0x00, 0x00,
    0x00, 0x00, 0x00, 0x00, 0x00, 0x00, 0x00, 0x00, 0x00, 0x00, 0x00, 0x00,
    0x00, 0x00, 0x00, 0x00, 0x00, 0x00, 0x00, 0x00, 0x00, 0x00, 0x00, 0x00,
    0x00, 0x00, 0x00, 0x00, 0x00, 0x00, 0x00, 0x00, 0x00, 0x00, 0x00, 0x00,
    0x00, 0x00, 0x00, 0x00, 0x00, 0x00, 0x00, 0x00, 0x00, 0x00, 0x00, 0x00,
    0x00, 0x00, 0x00, 0x00, 0x00, 0x00, 0x00, 0x00, 0x00, 0x00, 0x00, 0x00,
    0x00, 0x00, 0x00, 0x00, 0x00, 0x00, 0x00, 0x00, 0x00, 0x00, 0x00, 0x00,
    0x00, 0x00, 0x00, 0x00, 0x00, 0x00, 0x00, 0x00, 0x00, 0x00, 0x00, 0x00,
    0x00, 0x00, 0x00, 0x00, 0x00, 0x00, 0x00, 0x00, 0x00, 0x00, 0x00, 0x00,
    0x00, 0x00, 0x00, 0x00, 0x00, 0x00, 0x00, 0x00, 0x00, 0x00, 0x00, 0x00,
    0x00, 0x00, 0x00, 0x00, 0x00, 0x00, 0x00, 0x00, 0x00, 0x00, 0x00, 0x00,
    0x00, 0x00, 0x00, 0x00, 0x00, 0x00, 0x00, 0x00, 0x00, 0x00, 0x00, 0x00,
    0x00, 0x00, 0x00, 0x00, 0x00, 0x00, 0x00, 0x00, 0x00, 0x00, 0x00, 0x00,
    0x00, 0x00, 0x00, 0x00, 0x00, 0x00, 0x00, 0x00, 0x00, 0x00, 0x00, 0x00,
    0x00, 0x00, 0x00, 0x00, 0x00, 0x00, 0x00, 0x00, 0x00, 0x00, 0x00, 0x00,
    0x00, 0x00, 0x00, 0x00, 0x00, 0x00, 0x00, 0x00, 0x00, 0x00, 0x00, 0x00,
    0x00, 0x00, 0x00, 0x00, 0x00, 0x00, 0x00, 0x00, 0x00, 0x00, 0x00, 0x00,
    0x00, 0x00, 0x00, 0x00, 0x00, 0x00, 0x00, 0x00, 0x00, 0x00, 0x00, 0x00,
    0x00, 0x00, 0x00, 0x00, 0x00, 0x00, 0x00, 0x00, 0x00, 0x00, 0x00, 0x00,
    0x00, 0x00, 0x00, 0x00, 0x00, 0x00, 0x00, 0x00, 0x00, 0x00, 0x00, 0x00,
    0x00, 0x00, 0x00, 0x00, 0x00, 0x00, 0x00, 0x00, 0x00, 0x00, 0x00, 0x00,
    0x00, 0x00, 0x00, 0x00, 0x00, 0x00, 0x00, 0x00, 0x00, 0x00, 0x00, 0x00,
    0x00, 0x00, 0x00, 0x00, 0x00, 0x00, 0x00, 0x00, 0x00, 0x00, 0x00, 0x00,
    0x00, 0x00, 0x00, 0x00, 0x00, 0x00, 0x00, 0x00, 0x00, 0x00, 0x00, 0x00,
    0x00, 0x00, 0x00, 0x00, 0x00, 0x00, 0x00, 0x00, 0x00, 0x00, 0x00, 0x00,
    0x00, 0x00, 0x00, 0x00, 0x00, 0x00, 0x00, 0x00, 0x00, 0x00, 0x00, 0x00,
    0x00, 0x00, 0x00, 0x00, 0x00, 0x00, 0x00, 0x00, 0x00, 0x00, 0x00, 0x00,
    0x00, 0x00, 0x00, 0x00, 0x00, 0x00, 0x00, 0x00, 0x00, 0x00, 0x00, 0x00,
    0x00, 0x00, 0x00, 0x00, 0x00, 0x00, 0x00, 0x00, 0x00, 0x00, 0x00, 0x00,
    0x00, 0x00, 0x00, 0x00, 0x00, 0x00, 0x00, 0x00, 0x00, 0x00, 0x00, 0x00,
    0x00, 0x00, 0x00, 0x00, 0x00, 0x00, 0x00, 0x00, 0x00, 0x00, 0x00, 0x00,
    0x00, 0x00, 0x00, 0x00, 0x00, 0x00, 0x00, 0x00, 0x00, 0x00, 0x00, 0x00,
    0x00, 0x00, 0x00, 0x00, 0x00, 0x00, 0x00, 0x00, 0x00, 0x00, 0x00, 0x00,
    0x00, 0x00, 0x00, 0x00, 0x00, 0x00, 0x00, 0x00, 0x00, 0x00, 0x00, 0x00,
    0x00, 0x00, 0x00, 0x00, 0x00, 0x00, 0x00, 0x00, 0x00, 0x00, 0x00, 0x00,
    0x00, 0x00, 0x00, 0x00, 0x00, 0x00, 0x00, 0x00, 0x00, 0x00, 0x00, 0x00,
    0x00, 0x00, 0x00, 0x00, 0x00, 0x00, 0x00, 0x00, 0x00, 0x00, 0x00, 0x00,
    0x00, 0x00, 0x00, 0x00, 0x00, 0x00, 0x00, 0x00, 0x00, 0x00, 0x00, 0x00,
    0x00, 0x00, 0x00, 0x00, 0x00, 0x00, 0x00, 0x00, 0x00, 0x00, 0x00, 0x00,
    0x00, 0x00, 0x00, 0x00, 0x00, 0x00, 0x00, 0x00, 0x00, 0x00, 0x00, 0x00,
    0x00, 0x00, 0x00, 0x00, 0x00, 0x00, 0x00, 0x00, 0x00, 0x00, 0x00, 0x00,
    0x00, 0x00, 0x00, 0x00, 0x00, 0x00, 0x00, 0x00, 0x00, 0x00, 0x00, 0x00,
    0x00, 0x00, 0x00, 0x00, 0x00, 0x00, 0x00, 0x00, 0x00, 0x00, 0x00, 0x00,
    0x00, 0x00, 0x00, 0x00, 0x00, 0x00, 0x00, 0x00, 0x00, 0x00, 0x00, 0x00,
    0x00, 0x00, 0x00, 0x00, 0x00, 0x00, 0x00, 0x00, 0x00, 0x00, 0x00, 0x00,
    0x00, 0x00, 0x00, 0x00, 0x00, 0x00, 0x00, 0x00, 0x00, 0x00, 0x00, 0x00,
    0x00, 0x00, 0x00, 0x00, 0x00, 0x00, 0x00, 0x00, 0x00, 0x00, 0x00, 0x00,
    0x00, 0x00, 0x00, 0x00, 0x00, 0x00, 0x00, 0x00, 0x00, 0x00, 0x00, 0x00,
    0x00, 0x00, 0x00, 0x00, 0x00, 0x00, 0x00, 0x00, 0x00, 0x00, 0x00, 0x00,
    0x00, 0x00, 0x00, 0x00, 0x00, 0x00, 0x00, 0x00, 0x00, 0x00, 0x00, 0x00,
    0x00, 0x00, 0x00, 0x00, 0x00, 0x00, 0x00, 0x00, 0x00, 0x00, 0x00, 0x00,
    0x00, 0x00, 0x00, 0x00, 0x00, 0x00, 0x00, 0x00, 0x00, 0x00, 0x00, 0x00,
    0x00, 0x00, 0x00, 0x00, 0x00, 0x00, 0x00, 0x00, 0x00, 0x00, 0x00, 0x00,
    0x00, 0x00, 0x00, 0x00, 0x00, 0x00, 0x00, 0x00, 0x00, 0x00, 0x00, 0x00,
    0x00, 0x00, 0x00, 0x00, 0x00, 0x00, 0x00, 0x00, 0x00, 0x00, 0x00, 0x00,
    0x00, 0x00, 0x00, 0x00, 0x00, 0x00, 0x00, 0x00, 0x00, 0x00, 0x00, 0x00,
    0x00, 0x00, 0x00, 0x00, 0x00, 0x00, 0x00, 0x00, 0x00, 0x00, 0x00, 0x00,
    0x00, 0x00, 0x00, 0x00, 0x00, 0x00, 0x00, 0x00, 0x00, 0x00, 0x00, 0x00,
    0x00, 0x00, 0x00, 0x00, 0x00, 0x00, 0x00, 0x00, 0x00, 0x00, 0x00, 0x00,
    0x00, 0x00, 0x00, 0x00, 0x00, 0x00, 0x00, 0x00, 0x00, 0x00, 0x00, 0x00,
    0x00, 0x00, 0x00, 0x00, 0x00, 0x00, 0x00, 0x00, 0x00, 0x00, 0x00, 0x00,
    0x00, 0x00, 0x00, 0x00, 0x00, 0x00, 0x00, 0x00, 0x00, 0x00, 0x00, 0x00,
    0x00, 0x00, 0x00, 0x00, 0x00, 0x00, 0x00, 0x00, 0x00, 0x00, 0x00, 0x00,
    0x00, 0x00, 0x00, 0x00, 0x00, 0x00, 0x00, 0x00, 0x00, 0x00, 0x00, 0x00,
    0x00, 0x00, 0x00, 0x00, 0x00, 0x00, 0x00, 0x00, 0x00, 0x00, 0x00, 0x00,
    0x00, 0x00, 0x00, 0x00, 0x00, 0x00, 0x00, 0x00, 0x00, 0x00, 0x00, 0x00,
    0x00, 0x00, 0x00, 0x00, 0x00, 0x00, 0x00, 0x00, 0x00, 0x00, 0x00, 0x00,
    0x00, 0x00, 0x00, 0x00, 0x00, 0x00, 0x00, 0x00, 0x00, 0x00, 0x00, 0x00,
    0x00, 0x00, 0x00, 0x00, 0x00, 0x00, 0x00, 0x00, 0x00, 0x00, 0x00, 0x00,
    0x00, 0x00, 0x00, 0x00, 0x00, 0x00, 0x00, 0x00, 0x00, 0x00, 0x00, 0x00,
    0x00, 0x00, 0x00, 0x00, 0x00, 0x00, 0x00, 0x00, 0x00, 0x00, 0x00, 0x00,
    0x00, 0x00, 0x00, 0x00, 0x00, 0x00, 0x00, 0x00, 0x00, 0x00, 0x00, 0x00,
    0x00, 0x00, 0x00, 0x00, 0x00, 0x00, 0x00, 0x00, 0x00, 0x00, 0x00, 0x00,
    0x00, 0x00, 0x00, 0x00, 0x00, 0x00, 0x00, 0x00, 0x00, 0x00, 0x00, 0x00,
    0x00, 0x00, 0x00, 0x00, 0x00, 0x00, 0x00, 0x00, 0x00, 0x00, 0x00, 0x00,
    0x00, 0x00, 0x00, 0x00, 0x00, 0x00, 0x00, 0x00, 0x00, 0x00, 0x00, 0x00,
    0x00, 0x00, 0x00, 0x00, 0x00, 0x00, 0x00, 0x00, 0x00, 0x00, 0x00, 0x00,
    0x00, 0x00, 0x00, 0x00, 0x00, 0x00, 0x00, 0x00, 0x00, 0x00, 0x00, 0x00,
    0x00, 0x00, 0x00, 0x00, 0x00, 0x00, 0x00, 0x00, 0x00, 0x00, 0x00, 0x00,
    0x00, 0x00, 0x00, 0x00, 0x00, 0x00, 0x00, 0x00, 0x00, 0x00, 0x00, 0x00,
    0x00, 0x00, 0x00, 0x00, 0x00, 0x00, 0x00, 0x00, 0x00, 0x00, 0x00, 0x00,
    0x00, 0x00, 0x00, 0x00, 0x00, 0x00, 0x00, 0x00, 0x00, 0x00, 0x00, 0x00,
    0x00, 0x00, 0x00, 0x00, 0x00, 0x00, 0x00, 0x00, 0x00, 0x00, 0x00, 0x00,
    0x00, 0x00, 0x00, 0x00, 0x00, 0x00, 0x00, 0x00, 0x00, 0x00, 0x00, 0x00,
    0x00, 0x00, 0x00, 0x00, 0x00, 0x00, 0x00, 0x00, 0x00, 0x00, 0x00, 0x00,
    0x00, 0x00, 0x00, 0x00, 0x00, 0x00, 0x00, 0x00, 0x00, 0x00, 0x00, 0x00,
    0x00, 0x00, 0x00, 0x00, 0x00, 0x00, 0x00, 0x00, 0x00, 0x00, 0x00, 0x00,
    0x00, 0x00, 0x00, 0x00, 0x00, 0x00, 0x00, 0x00, 0x00, 0x00, 0x00, 0x00,
    0x00, 0x00, 0x00, 0x00, 0x00, 0x00, 0x00, 0x00, 0x00, 0x00, 0x00, 0x00,
    0x00, 0x00, 0x00, 0x00, 0x00, 0x00, 0x00, 0x00, 0x00, 0x00, 0x00, 0x00,
    0x00, 0x00, 0x00, 0x00, 0x00, 0x00, 0x00, 0x00, 0x00, 0x00, 0x00, 0x00,
    0x00, 0x00, 0x00, 0x00, 0x00, 0x00, 0x00, 0x00, 0x00, 0x00, 0x00, 0x00,
    0x00, 0x00, 0x00, 0x00, 0x00, 0x00, 0x00, 0x00, 0x00, 0x00, 0x00, 0x00,
    0x00, 0x00, 0x00, 0x00, 0x00, 0x00, 0x00, 0x00, 0x00, 0x00, 0x00, 0x00,
    0x00, 0x00, 0x00, 0x00, 0x00, 0x00, 0x00, 0x00, 0x00, 0x00, 0x00, 0x00,
    0x00, 0x00, 0x00, 0x00, 0x00, 0x00, 0x00, 0x00, 0x00, 0x00, 0x00, 0x00,
    0x00, 0x00, 0x00, 0x00, 0x00, 0x00, 0x00, 0x00, 0x00, 0x00, 0x00, 0x00,
    0x00, 0x00, 0x00, 0x00, 0x00, 0x00, 0x00, 0x00, 0x00, 0x00, 0x00, 0x00,
    0x00, 0x00, 0x00, 0x00, 0x00, 0x00, 0x00, 0x00, 0x00, 0x00, 0x00, 0x00,
    0x00, 0x00, 0x00, 0x00, 0x00, 0x00, 0x00, 0x00, 0x00, 0x00, 0x00, 0x00,
    0x00, 0x00, 0x00, 0x00, 0x00, 0x00, 0x00, 0x00, 0x00, 0x00, 0x00, 0x00,
    0x00, 0x00, 0x00, 0x00, 0x00, 0x00, 0x00, 0x00, 0x00, 0x00, 0x00, 0x00,
    0x00, 0x00, 0x00, 0x00, 0x00, 0x00, 0x00, 0x00, 0x00, 0x00, 0x00, 0x00,
    0x00, 0x00, 0x00, 0x00, 0x00, 0x00, 0x00, 0x00, 0x00, 0x00, 0x00, 0x00,
    0x00, 0x00, 0x00, 0x00, 0x00, 0x00, 0x00, 0x00, 0x00, 0x00, 0x00, 0x00,
    0x00, 0x00, 0x00, 0x00, 0x00, 0x00, 0x00, 0x00, 0x00, 0x00, 0x00, 0x00,
    0x00, 0x00, 0x00, 0x00, 0x00, 0x00, 0x00, 0x00, 0x00, 0x00, 0x00, 0x00,
    0x00, 0x00, 0x00, 0x00, 0x00, 0x00, 0x00, 0x00, 0x00, 0x00, 0x00, 0x00,
    0x00, 0x00, 0x00, 0x00, 0x00, 0x00, 0x00, 0x00, 0x00, 0x00, 0x00, 0x00,
    0x00, 0x00, 0x00, 0x00, 0x00, 0x00, 0x00, 0x00, 0x00, 0x00, 0x00, 0x00,
    0x00, 0x00, 0x00, 0x00, 0x00, 0x00, 0x00, 0x00, 0x00, 0x00, 0x00, 0x00,
    0x00, 0x00, 0x00, 0x00, 0x00, 0x00, 0x00, 0x00, 0x00, 0x00, 0x00, 0x00,
    0x00, 0x00, 0x00, 0x00, 0x00, 0x00, 0x00, 0x00, 0x00, 0x00, 0x00, 0x00,
    0x00, 0x00, 0x00, 0x00, 0x00, 0x00, 0x00, 0x00, 0x00, 0x00, 0x00, 0x00,
    0x00, 0x00, 0x00, 0x00, 0x00, 0x00, 0x00, 0x00, 0x00, 0x00, 0x00, 0x00,
    0x00, 0x00, 0x00, 0x00, 0x00, 0x00, 0x00, 0x00, 0x00, 0x00, 0x00, 0x00,
    0x00, 0x00, 0x00, 0x00, 0x00, 0x00, 0x00, 0x00, 0x00, 0x00, 0x00, 0x00,
    0x00, 0x00, 0x00, 0x00, 0x00, 0x00, 0x00, 0x00, 0x00, 0x00, 0x00, 0x00,
    0x00, 0x00, 0x00, 0x00, 0x00, 0x00, 0x00, 0x00, 0x00, 0x00, 0x00, 0x00,
    0x00, 0x00, 0x00, 0x00, 0x00, 0x00, 0x00, 0x00, 0x00, 0x00, 0x00, 0x00,
    0x00, 0x00, 0x00, 0x00, 0x00, 0x00, 0x00, 0x00, 0x00, 0x00, 0x00, 0x00,
    0x00, 0x00, 0x00, 0x00, 0x00, 0x00, 0x00, 0x00, 0x00, 0x00, 0x00, 0x00,
    0x00, 0x00, 0x00, 0x00, 0x00, 0x00, 0x00, 0x00, 0x00, 0x00, 0x00, 0x00,
    0x00, 0x00, 0x00, 0x00, 0x00, 0x00, 0x00, 0x00, 0x00, 0x00, 0x00, 0x00,
    0x00, 0x00, 0x00, 0x00, 0x00, 0x00, 0x00, 0x00, 0x00, 0x00, 0x00, 0x00,
    0x00, 0x00, 0x00, 0x00, 0x00, 0x00, 0x00, 0x00, 0x00, 0x00, 0x00, 0x00,
    0x00, 0x00, 0x00, 0x00, 0x00, 0x00, 0x00, 0x00, 0x00, 0x00, 0x00, 0x00,
    0x00, 0x00, 0x00, 0x00, 0x00, 0x00, 0x00, 0x00, 0x00, 0x00, 0x00, 0x00,
    0x00, 0x00, 0x00, 0x00, 0x00, 0x00, 0x00, 0x00, 0x00, 0x00, 0x00, 0x00,
    0x00, 0x00, 0x00, 0x00, 0x00, 0x00, 0x00, 0x00, 0x00, 0x00, 0x00, 0x00,
    0x00, 0x00, 0x00, 0x00, 0x00, 0x00, 0x00, 0x00, 0x00, 0x00, 0x00, 0x00,
    0x00, 0x00, 0x00, 0x00, 0x00, 0x00, 0x00, 0x00, 0x00, 0x00, 0x00, 0x00,
    0x00, 0x00, 0x00, 0x00, 0x00, 0x00, 0x00, 0x00, 0x00, 0x00, 0x00, 0x00,
    0x00, 0x00, 0x00, 0x00, 0x00, 0x00, 0x00, 0x00, 0x00, 0x00, 0x00, 0x00,
    0x00, 0x00, 0x00, 0x00, 0x00, 0x00, 0x00, 0x00, 0x00, 0x00, 0x00, 0x00,
    0x00, 0x00, 0x00, 0x00, 0x00, 0x00, 0x00, 0x00, 0x00, 0x00, 0x00, 0x00,
    0x00, 0x00, 0x00, 0x00, 0x00, 0x00, 0x00, 0x00, 0x00, 0x00, 0x00, 0x00,
    0x00, 0x00, 0x00, 0x00, 0x00, 0x00, 0x00, 0x00, 0x00, 0x00, 0x00, 0x00,
    0x00, 0x00, 0x00, 0x00, 0x00, 0x00, 0x00, 0x00, 0x00, 0x00, 0x00, 0x00,
    0x00, 0x00, 0x00, 0x00, 0x00, 0x00, 0x00, 0x00, 0x00, 0x00, 0x00, 0x00,
    0x00, 0x00, 0x00, 0x00, 0x00, 0x00, 0x00, 0x00, 0x00, 0x00, 0x00, 0x00,
    0x00, 0x00, 0x00, 0x00, 0x00, 0x00, 0x00, 0x00, 0x00, 0x00, 0x00, 0x00,
    0x00, 0x00, 0x00, 0x00, 0x00, 0x00, 0x00, 0x00, 0x00, 0x00, 0x00, 0x00,
    0x00, 0x00, 0x00, 0x00, 0x00, 0x00, 0x00, 0x00, 0x00, 0x00, 0x00, 0x00,
    0x00, 0x00, 0x00, 0x00, 0x00, 0x00, 0x00, 0x00, 0x00, 0x00, 0x00, 0x00,
    0x00, 0x00, 0x00, 0x00, 0x00, 0x00, 0x00, 0x00, 0x00, 0x00, 0x00, 0x00,
    0x00, 0x00, 0x00, 0x00, 0x00, 0x00, 0x00, 0x00, 0x00, 0x00, 0x00, 0x00,
    0x00, 0x00, 0x00, 0x00, 0x00, 0x00, 0x00, 0x00, 0x00, 0x00, 0x00, 0x00,
    0x00, 0x00, 0x00, 0x00, 0x00, 0x00, 0x00, 0x00, 0x00, 0x00, 0x00, 0x00,
    0x00, 0x00, 0x00, 0x00, 0x00, 0x00, 0x00, 0x00, 0x00, 0x00, 0x00, 0x00,
    0x00, 0x00, 0x00, 0x00, 0x00, 0x00, 0x00, 0x00, 0x00, 0x00, 0x00, 0x00,
    0x00, 0x00, 0x00, 0x00, 0x00, 0x00, 0x00, 0x00, 0x00, 0x00, 0x00, 0x00,
    0x00, 0x00, 0x00, 0x00, 0x00, 0x00, 0x00, 0x00, 0x00, 0x00, 0x00, 0x00,
    0x00, 0x00, 0x00, 0x00, 0x00, 0x00, 0x00, 0x00, 0x00, 0x00, 0x00, 0x00,
    0x00, 0x00, 0x00, 0x00, 0x00, 0x00, 0x00, 0x00, 0x00, 0x00, 0x00, 0x00,
    0x00, 0x00, 0x00, 0x00, 0x00, 0x00, 0x00, 0x00, 0x00, 0x00, 0x00, 0x00,
    0x00, 0x00, 0x00, 0x00, 0x00, 0x00, 0x00, 0x00, 0x00, 0x00, 0x00, 0x00,
    0x00, 0x00, 0x00, 0x00, 0x00, 0x00, 0x00, 0x00, 0x00, 0x00, 0x00, 0x00,
    0x00, 0x00, 0x00, 0x00, 0x00, 0x00, 0x00, 0x00, 0x00, 0x00, 0x00, 0x00,
    0x00, 0x00, 0x00, 0x00, 0x00, 0x00, 0x00, 0x00, 0x00, 0x00, 0x00, 0x00,
    0x00, 0x00, 0x00, 0x00, 0x00, 0x00, 0x00, 0x00, 0x00, 0x00, 0x00, 0x00,
    0x00, 0x00, 0x00, 0x00, 0x00, 0x00, 0x00, 0x00, 0x00, 0x00, 0x00, 0x00,
    0x00, 0x00, 0x00, 0x00, 0x00, 0x00, 0x00, 0x00, 0x00, 0x00, 0x00, 0x00,
    0x00, 0x00, 0x00, 0x00, 0x00, 0x00, 0x00, 0x00, 0x00, 0x00, 0x00, 0x00,
    0x00, 0x00, 0x00, 0x00, 0x00, 0x00, 0x00, 0x00, 0x00, 0x00, 0x00, 0x00,
    0x00, 0x00, 0x00, 0x00, 0x00, 0x00, 0x00, 0x00, 0x00, 0x00, 0x00, 0x00,
    0x00, 0x00, 0x00, 0x00, 0x00, 0x00, 0x00, 0x00, 0x00, 0x00, 0x00, 0x00,
    0x00, 0x00, 0x00, 0x00, 0x00, 0x00, 0x00, 0x00, 0x00, 0x00, 0x00, 0x00,
    0x00, 0x00, 0x00, 0x00, 0x00, 0x00, 0x00, 0x00, 0x00, 0x00, 0x00, 0x00,
    0x00, 0x00, 0x00, 0x00, 0x00, 0x00, 0x00, 0x00, 0x00, 0x00, 0x00, 0x00,
    0x00, 0x00, 0x00, 0x00, 0x00, 0x00, 0x00, 0x00, 0x00, 0x00, 0x00, 0x00,
    0x00, 0x00, 0x00, 0x00, 0x00, 0x00, 0x00, 0x00, 0x00, 0x00, 0x00, 0x00,
    0x00, 0x00, 0x00, 0x00, 0x00, 0x00, 0x00, 0x00, 0x00, 0x00, 0x00, 0x00,
    0x00, 0x00, 0x00, 0x00, 0x00, 0x00, 0x00, 0x00, 0x00, 0x00, 0x00, 0x00,
    0x00, 0x00, 0x00, 0x00, 0x00, 0x00, 0x00, 0x00, 0x00, 0x00, 0x00, 0x00,
    0x00, 0x00, 0x00, 0x00, 0x00, 0x00, 0x00, 0x00, 0x00, 0x00, 0x00, 0x00,
    0x00, 0x00, 0x00, 0x00, 0x00, 0x00, 0x00, 0x00, 0x00, 0x00, 0x00, 0x00,
    0x00, 0x00, 0x00, 0x00, 0x00, 0x00, 0x00, 0x00, 0x00, 0x00, 0x00, 0x00,
    0x00, 0x00, 0x00, 0x00, 0x00, 0x00, 0x00, 0x00, 0x00, 0x00, 0x00, 0x00,
    0x00, 0x00, 0x00, 0x00, 0x00, 0x00, 0x00, 0x00, 0x00, 0x00, 0x00, 0x00,
    0x00, 0x00, 0x00, 0x00, 0x00, 0x00, 0x00, 0x00, 0x00, 0x00, 0x00, 0x00,
    0x00, 0x00, 0x00, 0x00, 0x00, 0x00, 0x00, 0x00, 0x00, 0x00, 0x00, 0x00,
    0x00, 0x00, 0x00, 0x00, 0x00, 0x00, 0x00, 0x00, 0x00, 0x00, 0x00, 0x00,
    0x00, 0x00, 0x00, 0x00, 0x00, 0x00, 0x00, 0x00, 0x00, 0x00, 0x00, 0x00,
    0x00, 0x00, 0x00, 0x00, 0x00, 0x00, 0x00, 0x00, 0x00, 0x00, 0x00, 0x00,
    0x00, 0x00, 0x00, 0x00, 0x00, 0x00, 0x00, 0x00, 0x00, 0x00, 0x00, 0x00,
    0x00, 0x00, 0x00, 0x00, 0x00, 0x00, 0x00, 0x00, 0x00, 0x00, 0x00, 0x00,
    0x00, 0x00, 0x00, 0x00, 0x00, 0x00, 0x00, 0x00, 0x00, 0x00, 0x00, 0x00,
    0x00, 0x00, 0x00, 0x00, 0x00, 0x00, 0x00, 0x00, 0x00, 0x00, 0x00, 0x00,
    0x00, 0x00, 0x00, 0x00, 0x00, 0x00, 0x00, 0x00, 0x00, 0x00, 0x00, 0x00,
    0x00, 0x00, 0x00, 0x00, 0x00, 0x00, 0x00, 0x00, 0x00, 0x00, 0x00, 0x00,
    0x00, 0x00, 0x00, 0x00, 0x00, 0x00, 0x00, 0x00, 0x00, 0x00, 0x00, 0x00,
    0x00, 0x00, 0x00, 0x00, 0x00, 0x00, 0x00, 0x00, 0x00, 0x00, 0x00, 0x00,
    0x00, 0x00, 0x00, 0x00, 0x00, 0x00, 0x00, 0x00, 0x00, 0x00, 0x00, 0x00,
    0x00, 0x00, 0x00, 0x00, 0x00, 0x00, 0x00, 0x00, 0x00, 0x00, 0x00, 0x00,
    0x00, 0x00, 0x00, 0x00, 0x00, 0x00, 0x00, 0x00, 0x00, 0x00, 0x00, 0x00,
    0x00, 0x00, 0x00, 0x00, 0x00, 0x00, 0x00, 0x00, 0x00, 0x00, 0x00, 0x00,
    0x00, 0x00, 0x00, 0x00, 0x00, 0x00, 0x00, 0x00, 0x00, 0x00, 0x00, 0x00,
    0x00, 0x00, 0x00, 0x00, 0x00, 0x00, 0x00, 0x00, 0x00, 0x00, 0x00, 0x00,
    0x00, 0x00, 0x00, 0x00, 0x00, 0x00, 0x00, 0x00, 0x00, 0x00, 0x00, 0x00,
    0x00, 0x00, 0x00, 0x00, 0x00, 0x00, 0x00, 0x00, 0x00, 0x00, 0x00, 0x00,
    0x00, 0x00, 0x00, 0x00, 0x00, 0x00, 0x00, 0x00, 0x00, 0x00, 0x00, 0x00,
    0x00, 0x00, 0x00, 0x00, 0x00, 0x00, 0x00, 0x00, 0x00, 0x00, 0x00, 0x00,
    0x00, 0x00, 0x00, 0x00, 0x00, 0x00, 0x00, 0x00, 0x00, 0x00, 0x00, 0x00,
    0x00, 0x00, 0x00, 0x00, 0x00, 0x00, 0x00, 0x00, 0x00, 0x00, 0x00, 0x00,
    0x00, 0x00, 0x00, 0x00, 0x00, 0x00, 0x00, 0x00, 0x00, 0x00, 0x00, 0x00,
    0x00, 0x00, 0x00, 0x00, 0x00, 0x00, 0x00, 0x00, 0x00, 0x00, 0x00, 0x00,
    0x00, 0x00, 0x00, 0x00, 0x00, 0x00, 0x00, 0x00, 0x00, 0x00, 0x00, 0x00,
    0x00, 0x00, 0x00, 0x00, 0x00, 0x00, 0x00, 0x00, 0x00, 0x00, 0x00, 0x00,
    0x00, 0x00, 0x00, 0x00, 0x00, 0x00, 0x00, 0x00, 0x00, 0x00, 0x00, 0x00,
    0x00, 0x00, 0x00, 0x00, 0x00, 0x00, 0x00, 0x00, 0x00, 0x00, 0x00, 0x00,
    0x00, 0x00, 0x00, 0x00, 0x00, 0x00, 0x00, 0x00, 0x00, 0x00, 0x00, 0x00,
    0x00, 0x00, 0x00, 0x00, 0x00, 0x00, 0x00, 0x00, 0x00, 0x00, 0x00, 0x00,
    0x00, 0x00, 0x00, 0x00, 0x00, 0x00, 0x00, 0x00, 0x00, 0x00, 0x00, 0x00,
    0x00, 0x00, 0x00, 0x00, 0x00, 0x00, 0x00, 0x00, 0x00, 0x00, 0x00, 0x00,
    0x00, 0x00, 0x00, 0x00, 0x00, 0x00, 0x00, 0x00, 0x00, 0x00, 0x00, 0x00,
    0x00, 0x00, 0x00, 0x00, 0x00, 0x00, 0x00, 0x00, 0x00, 0x00, 0x00, 0x00,
    0x00, 0x00, 0x00, 0x00, 0x00, 0x00, 0x00, 0x00, 0x00, 0x00, 0x00, 0x00,
    0x00, 0x00, 0x00, 0x00, 0x00, 0x00, 0x00, 0x00, 0x00, 0x00, 0x00, 0x00,
    0x00, 0x00, 0x00, 0x00, 0x00, 0x00, 0x00, 0x00, 0x00, 0x00, 0x00, 0x00,
    0x00, 0x00, 0x00, 0x00, 0x00, 0x00, 0x00, 0x00, 0x00, 0x00, 0x00, 0x00,
    0x00, 0x00, 0x00, 0x00, 0x00, 0x00, 0x00, 0x00, 0x00, 0x00, 0x00, 0x00,
    0x00, 0x00, 0x00, 0x00, 0x00, 0x00, 0x00, 0x00, 0x00, 0x00, 0x00, 0x00,
    0x00, 0x00, 0x00, 0x00, 0x00, 0x00, 0x00, 0x00, 0x00, 0x00, 0x00, 0x00,
    0x00, 0x00, 0x00, 0x00, 0x00, 0x00, 0x00, 0x00, 0x00, 0x00, 0x00, 0x00,
    0x00, 0x00, 0x00, 0x00, 0x00, 0x00, 0x00, 0x00, 0x00, 0x00, 0x00, 0x00,
    0x00, 0x00, 0x00, 0x00, 0x00, 0x00, 0x00, 0x00, 0x00, 0x00, 0x00, 0x00,
    0x00, 0x00, 0x00, 0x00, 0x00, 0x00, 0x00, 0x00, 0x00, 0x00, 0x00, 0x00,
    0x00, 0x00, 0x00, 0x00, 0x00, 0x00, 0x00, 0x00, 0x00, 0x00, 0x00, 0x00,
    0x00, 0x00, 0x00, 0x00, 0x00, 0x00, 0x00, 0x00, 0x00, 0x00, 0x00, 0x00,
    0x00, 0x00, 0x00, 0x00, 0x00, 0x00, 0x00, 0x00, 0x00, 0x00, 0x00, 0x00,
    0x00, 0x00, 0x00, 0x00, 0x00, 0x00, 0x00, 0x00, 0x00, 0x00, 0x00, 0x00,
    0x00, 0x00, 0x00, 0x00, 0x00, 0x00, 0x00, 0x00, 0x00, 0x00, 0x00, 0x00,
    0x00, 0x00, 0x00, 0x00, 0x00, 0x00, 0x00, 0x00, 0x00, 0x00, 0x00, 0x00,
    0x00, 0x00, 0x00, 0x00, 0x00, 0x00, 0x00, 0x00, 0x00, 0x00, 0x00, 0x00,
    0x00, 0x00, 0x00, 0x00, 0x00, 0x00, 0x00, 0x00, 0x00, 0x00, 0x00, 0x00,
    0x00, 0x00, 0x00, 0x00, 0x00, 0x00, 0x00, 0x00, 0x00, 0x00, 0x00, 0x00,
    0x00, 0x00, 0x00, 0x00, 0x00, 0x00, 0x00, 0x00, 0x00, 0x00, 0x00, 0x00,
    0x00, 0x00, 0x00, 0x00, 0x00, 0x00, 0x00, 0x00, 0x00, 0x00, 0x00, 0x00,
    0x00, 0x00, 0x00, 0x00, 0x00, 0x00, 0x00, 0x00, 0x00, 0x00, 0x00, 0x00,
    0x00, 0x00, 0x00, 0x00, 0x00, 0x00, 0x00, 0x00, 0x00, 0x00, 0x00, 0x00,
    0x00, 0x00, 0x00, 0x00, 0x00, 0x00, 0x00, 0x00, 0x00, 0x00, 0x00, 0x00,
    0x00, 0x00, 0x00, 0x00, 0x00, 0x00, 0x00, 0x00, 0x00, 0x00, 0x00, 0x00,
    0x00, 0x00, 0x00, 0x00, 0x00, 0x00, 0x00, 0x00, 0x00, 0x00, 0x00, 0x00,
    0x00, 0x00, 0x00, 0x00, 0x00, 0x00, 0x00, 0x00, 0x00, 0x00, 0x00, 0x00,
    0x00, 0x00, 0x00, 0x00, 0x00, 0x00, 0x00, 0x00, 0x00, 0x00, 0x00, 0x00,
    0x00, 0x00, 0x00, 0x00, 0x00, 0x00, 0x00, 0x00, 0x00, 0x00, 0x00, 0x00,
    0x00, 0x00, 0x00, 0x00, 0x00, 0x00, 0x00, 0x00, 0x00, 0x00, 0x00, 0x00,
    0x00, 0x00, 0x00, 0x00, 0x00, 0x00, 0x00, 0x00, 0x00, 0x00, 0x00, 0x00,
    0x00, 0x00, 0x00, 0x00, 0x00, 0x00, 0x00, 0x00, 0x00, 0x00, 0x00, 0x00,
    0x00, 0x00, 0x00, 0x00, 0x00, 0x00, 0x00, 0x00, 0x00, 0x00, 0x00, 0x00,
    0x00, 0x00, 0x00, 0x00, 0x00, 0x00, 0x00, 0x00, 0x00, 0x00, 0x00, 0x00,
    0x00, 0x00, 0x00, 0x00, 0x00, 0x00, 0x00, 0x00, 0x00, 0x00, 0x00, 0x00,
    0x00, 0x00, 0x00, 0x00, 0x00, 0x00, 0x00, 0x00, 0x00, 0x00, 0x00, 0x00,
    0x00, 0x00, 0x00, 0x00, 0x00, 0x00, 0x00, 0x00, 0x00, 0x00, 0x00, 0x00,
    0x00, 0x00, 0x00, 0x00, 0x00, 0x00, 0x00, 0x00, 0x00, 0x00, 0x00, 0x00,
    0x00, 0x00, 0x00, 0x00, 0x00, 0x00, 0x00, 0x00, 0x00, 0x00, 0x00, 0x00,
    0x00, 0x00, 0x00, 0x00, 0x00, 0x00, 0x00, 0x00, 0x00, 0x00, 0x00, 0x00,
    0x00, 0x00, 0x00, 0x00, 0x00, 0x00, 0x00, 0x00, 0x00, 0x00, 0x00, 0x00,
    0x00, 0x00, 0x00, 0x00, 0x00, 0x00, 0x00, 0x00, 0x00, 0x00, 0x00, 0x00,
    0x00, 0x00, 0x00, 0x00, 0x00, 0x00, 0x00, 0x00, 0x00, 0x00, 0x00, 0x00,
    0x00, 0x00, 0x00, 0x00, 0x00, 0x00, 0x00, 0x00, 0x00, 0x00, 0x00, 0x00,
    0x00, 0x00, 0x00, 0x00, 0x00, 0x00, 0x00, 0x00, 0x00, 0x00, 0x00, 0x00,
    0x00, 0x00, 0x00, 0x00, 0x00, 0x00, 0x00, 0x00, 0x00, 0x00, 0x00, 0x00,
    0x00, 0x00, 0x00, 0x00, 0x00, 0x00, 0x00, 0x00, 0x00, 0x00, 0x00, 0x00,
    0x00, 0x00, 0x00, 0x00, 0x00, 0x00, 0x00, 0x00, 0x00, 0x00, 0x00, 0x00,
    0x00, 0x00, 0x00, 0x00, 0x00, 0x00, 0x00, 0x00, 0x00, 0x00, 0x00, 0x00,
    0x00, 0x00, 0x00, 0x00, 0x00, 0x00, 0x00, 0x00, 0x00, 0x00, 0x00, 0x00,
    0x00, 0x00, 0x00, 0x00, 0x00, 0x00, 0x00, 0x00, 0x00, 0x00, 0x00, 0x00,
    0x00, 0x00, 0x00, 0x00, 0x00, 0x00, 0x00, 0x00, 0x00, 0x00, 0x00, 0x00,
    0x00, 0x00, 0x00, 0x00, 0x00, 0x00, 0x00, 0x00, 0x00, 0x00, 0x00, 0x00,
    0x00, 0x00, 0x00, 0x00, 0x00, 0x00, 0x00, 0x00, 0x00, 0x00, 0x00, 0x00,
    0x00, 0x00, 0x00, 0x00, 0x00, 0x00, 0x00, 0x00, 0x00, 0x00, 0x00, 0x00,
    0x00, 0x00, 0x00, 0x00, 0x00, 0x00, 0x00, 0x00, 0x00, 0x00, 0x00, 0x00,
    0x00, 0x00, 0x00, 0x00, 0x00, 0x00, 0x00, 0x00, 0x00, 0x00, 0x00, 0x00,
    0x00, 0x00, 0x00, 0x00, 0x00, 0x00, 0x00, 0x00, 0x00, 0x00, 0x00, 0x00,
    0x00, 0x00, 0x00, 0x00, 0x00, 0x00, 0x00, 0x00, 0x00, 0x00, 0x00, 0x00,
    0x00, 0x00, 0x00, 0x00, 0x00, 0x00, 0x00, 0x00, 0x00, 0x00, 0x00, 0x00,
    0x00, 0x00, 0x00, 0x00, 0x00, 0x00, 0x00, 0x00, 0x00, 0x00, 0x00, 0x00,
    0x00, 0x00, 0x00, 0x00, 0x00, 0x00, 0x00, 0x00, 0x00, 0x00, 0x00, 0x00,
    0x00, 0x00, 0x00, 0x00, 0x00, 0x00, 0x00, 0x00, 0x00, 0x00, 0x00, 0x00,
    0x00, 0x00, 0x00, 0x00, 0x00, 0x00, 0x00, 0x00, 0x00, 0x00, 0x00, 0x00,
    0x00, 0x00, 0x00, 0x00, 0x00, 0x00, 0x00, 0x00, 0x00, 0x00, 0x00, 0x00,
    0x00, 0x00, 0x00, 0x00, 0x00, 0x00, 0x00, 0x00, 0x00, 0x00, 0x00, 0x00,
    0x00, 0x00, 0x00, 0x00, 0x00, 0x00, 0x00, 0x00, 0x00, 0x00, 0x00, 0x00,
    0x00, 0x00, 0x00, 0x00, 0x00, 0x00, 0x00, 0x00, 0x00, 0x00, 0x00, 0x00,
    0x00, 0x00, 0x00, 0x00, 0x00, 0x00, 0x00, 0x00, 0x00, 0x00, 0x00, 0x00,
    0x00, 0x00, 0x00, 0x00, 0x00, 0x00, 0x00, 0x00, 0x00, 0x00, 0x00, 0x00,
    0x00, 0x00, 0x00, 0x00, 0x00, 0x00, 0x00, 0x00, 0x00, 0x00, 0x00, 0x00,
    0x00, 0x00, 0x00, 0x00, 0x00, 0x00, 0x00, 0x00, 0x00, 0x00, 0x00, 0x00,
    0x00, 0x00, 0x00, 0x00, 0x00, 0x00, 0x00, 0x00, 0x00, 0x00, 0x00, 0x00,
    0x00, 0x00, 0x00, 0x00, 0x00, 0x00, 0x00, 0x00, 0x00, 0x00, 0x00, 0x00,
    0x00, 0x00, 0x00, 0x00, 0x00, 0x00, 0x00, 0x00, 0x00, 0x00, 0x00, 0x00,
    0x00, 0x00, 0x00, 0x00, 0x00, 0x00, 0x00, 0x00, 0x00, 0x00, 0x00, 0x00,
    0x00, 0x00, 0x00, 0x00, 0x00, 0x00, 0x00, 0x00, 0x00, 0x00, 0x00, 0x00,
    0x00, 0x00, 0x00, 0x00, 0x00, 0x00, 0x00, 0x00, 0x00, 0x00, 0x00, 0x00,
    0x00, 0x00, 0x00, 0x00, 0x00, 0x00, 0x00, 0x00, 0x00, 0x00, 0x00, 0x00,
    0x00, 0x00, 0x00, 0x00, 0x00, 0x00, 0x00, 0x00, 0x00, 0x00, 0x00, 0x00,
    0x00, 0x00, 0x00, 0x00, 0x00, 0x00, 0x00, 0x00, 0x00, 0x00, 0x00, 0x00,
    0x00, 0x00, 0x00, 0x00, 0x00, 0x00, 0x00, 0x00, 0x00, 0x00, 0x00, 0x00,
    0x00, 0x00, 0x00, 0x00, 0x00, 0x00, 0x00, 0x00, 0x00, 0x00, 0x00, 0x00,
    0x00, 0x00, 0x00, 0x00, 0x00, 0x00, 0x00, 0x00, 0x00, 0x00, 0x00, 0x00,
    0x00, 0x00, 0x00, 0x00, 0x00, 0x00, 0x00, 0x00, 0x00, 0x00, 0x00, 0x00,
    0x00, 0x00, 0x00, 0x00, 0x00, 0x00, 0x00, 0x00, 0x00, 0x00, 0x00, 0x00,
    0x00, 0x00, 0x00, 0x00, 0x00, 0x00, 0x00, 0x00, 0x00, 0x00, 0x00, 0x00,
    0x00, 0x00, 0x00, 0x00, 0x00, 0x00, 0x00, 0x00, 0x00, 0x00, 0x00, 0x00,
    0x00, 0x00, 0x00, 0x00, 0x00, 0x00, 0x00, 0x00, 0x00, 0x00, 0x00, 0x00,
    0x00, 0x00, 0x00, 0x00, 0x00, 0x00, 0x00, 0x00, 0x00, 0x00, 0x00, 0x00,
    0x00, 0x00, 0x00, 0x00, 0x00, 0x00, 0x00, 0x00, 0x00, 0x00, 0x00, 0x00,
    0x00, 0x00, 0x00, 0x00, 0x00, 0x00, 0x00, 0x00, 0x00, 0x00, 0x00, 0x00,
    0x00, 0x00, 0x00, 0x00, 0x00, 0x00, 0x00, 0x00, 0x00, 0x00, 0x00, 0x00,
    0x00, 0x00, 0x00, 0x00, 0x00, 0x00, 0x00, 0x00, 0x00, 0x00, 0x00, 0x00,
    0x00, 0x00, 0x00, 0x00, 0x00, 0x00, 0x00, 0x00, 0x00, 0x00, 0x00, 0x00,
    0x00, 0x00, 0x00, 0x00, 0x00, 0x00, 0x00, 0x00, 0x00, 0x00, 0x00, 0x00,
    0x00, 0x00, 0x00, 0x00, 0x00, 0x00, 0x00, 0x00, 0x00, 0x00, 0x00, 0x00,
    0x00, 0x00, 0x00, 0x00, 0x00, 0x00, 0x00, 0x00, 0x00, 0x00, 0x00, 0x00,
    0x00, 0x00, 0x00, 0x00, 0x00, 0x00, 0x00, 0x00, 0x00, 0x00, 0x00, 0x00,
    0x00, 0x00, 0x00, 0x00, 0x00, 0x00, 0x00, 0x00, 0x00, 0x00, 0x00, 0x00,
    0x00, 0x00, 0x00, 0x00, 0x00, 0x00, 0x00, 0x00, 0x00, 0x00, 0x00, 0x00,
    0x00, 0x00, 0x00, 0x00, 0x00, 0x00, 0x00, 0x00, 0x00, 0x00, 0x00, 0x00,
    0x00, 0x00, 0x00, 0x00, 0x00, 0x00, 0x00, 0x00, 0x00, 0x00, 0x00, 0x00,
    0x00, 0x00, 0x00, 0x00, 0x00, 0x00, 0x00, 0x00, 0x00, 0x00, 0x00, 0x00,
    0x00, 0x00, 0x00, 0x00, 0x00, 0x00, 0x00, 0x00, 0x00, 0x00, 0x00, 0x00,
    0x00, 0x00, 0x00, 0x00, 0x00, 0x00, 0x00, 0x00, 0x00, 0x00, 0x00, 0x00,
    0x00, 0x00, 0x00, 0x00, 0x00, 0x00, 0x00, 0x00, 0x00, 0x00, 0x00, 0x00,
    0x00, 0x00, 0x00, 0x00, 0x00, 0x00, 0x00, 0x00, 0x00, 0x00, 0x00, 0x00,
    0x00, 0x00, 0x00, 0x00, 0x00, 0x00, 0x00, 0x00, 0x00, 0x00, 0x00, 0x00,
    0x00, 0x00, 0x00, 0x00, 0x00, 0x00, 0x00, 0x00, 0x00, 0x00, 0x00, 0x00,
    0x00, 0x00, 0x00, 0x00, 0x00, 0x00, 0x00, 0x00, 0x00, 0x00, 0x00, 0x00,
    0x00, 0x00, 0x00, 0x00, 0x00, 0x00, 0x00, 0x00, 0x00, 0x00, 0x00, 0x00,
    0x00, 0x00, 0x00, 0x00, 0x00, 0x00, 0x00, 0x00, 0x00, 0x00, 0x00, 0x00,
    0x00, 0x00, 0x00, 0x00, 0x00, 0x00, 0x00, 0x00, 0x00, 0x00, 0x00, 0x00,
    0x00, 0x00, 0x00, 0x00, 0x00, 0x00, 0x00, 0x00, 0x00, 0x00, 0x00, 0x00,
    0x00, 0x00, 0x00, 0x00, 0x00, 0x00, 0x00, 0x00, 0x00, 0x00, 0x00, 0x00,
    0x00, 0x00, 0x00, 0x00, 0x00, 0x00, 0x00, 0x00, 0x00, 0x00, 0x00, 0x00,
    0x00, 0x00, 0x00, 0x00, 0x00, 0x00, 0x00, 0x00, 0x00, 0x00, 0x00, 0x00,
    0x00, 0x00, 0x00, 0x00, 0x00, 0x00, 0x00, 0x00, 0x00, 0x00, 0x00, 0x00,
    0x00, 0x00, 0x00, 0x00, 0x00, 0x00, 0x00, 0x00, 0x00, 0x00, 0x00, 0x00,
    0x00, 0x00, 0x00, 0x00, 0x00, 0x00, 0x00, 0x00, 0x00, 0x00, 0x00, 0x00,
    0x00, 0x00, 0x00, 0x00, 0x00, 0x00, 0x00, 0x00, 0x00, 0x00, 0x00, 0x00,
    0x00, 0x00, 0x00, 0x00, 0x00, 0x00, 0x00, 0x00, 0x00, 0x00, 0x00, 0x00,
    0x00, 0x00, 0x00, 0x00, 0x00, 0x00, 0x00, 0x00, 0x00, 0x00, 0x00, 0x00,
    0x00, 0x00, 0x00, 0x00, 0x00, 0x00, 0x00, 0x00, 0x00, 0x00, 0x00, 0x00,
    0x00, 0x00, 0x00, 0x00, 0x00, 0x00, 0x00, 0x00, 0x00, 0x00, 0x00, 0x00,
    0x00, 0x00, 0x00, 0x00, 0x00, 0x00, 0x00, 0x00, 0x00, 0x00, 0x00, 0x00,
    0x00, 0x00, 0x00, 0x00, 0x00, 0x00, 0x00, 0x00, 0x00, 0x00, 0x00, 0x00,
    0x00, 0x00, 0x00, 0x00, 0x00, 0x00, 0x00, 0x00, 0x00, 0x00, 0x00, 0x00,
    0x00, 0x00, 0x00, 0x00, 0x00, 0x00, 0x00, 0x00, 0x00, 0x00, 0x00, 0x00,
    0x00, 0x00, 0x00, 0x00, 0x00, 0x00, 0x00, 0x00, 0x00, 0x00, 0x00, 0x00,
    0x00, 0x00, 0x00, 0x00, 0x00, 0x00, 0x00, 0x00, 0x00, 0x00, 0x00, 0x00,
    0x00, 0x00, 0x00, 0x00, 0x00, 0x00, 0x00, 0x00, 0x00, 0x00, 0x00, 0x00,
    0x00, 0x00, 0x00, 0x00, 0x00, 0x00, 0x00, 0x00, 0x00, 0x00, 0x00, 0x00,
    0x00, 0x00, 0x00, 0x00, 0x00, 0x00, 0x00, 0x00, 0x00, 0x00, 0x00, 0x00,
    0x00, 0x00, 0x00, 0x00, 0x00, 0x00, 0x00, 0x00, 0x00, 0x00, 0x00, 0x00,
    0x00, 0x00, 0x00, 0x00, 0x00, 0x00, 0x00, 0x00, 0x00, 0x00, 0x00, 0x00,
    0x00, 0x00, 0x00, 0x00, 0x00, 0x00, 0x00, 0x00, 0x00, 0x00, 0x00, 0x00,
    0x00, 0x00, 0x00, 0x00, 0x00, 0x00, 0x00, 0x00, 0x00, 0x00, 0x00, 0x00,
    0x00, 0x00, 0x00, 0x00, 0x00, 0x00, 0x00, 0x00, 0x00, 0x00, 0x00, 0x00,
    0x00, 0x00, 0x00, 0x00, 0x00, 0x00, 0x00, 0x00, 0x00, 0x00, 0x00, 0x00,
    0x00, 0x00, 0x00, 0x00, 0x00, 0x00, 0x00, 0x00, 0x00, 0x00, 0x00, 0x00,
    0x00, 0x00, 0x00, 0x00, 0x00, 0x00, 0x00, 0x00, 0x00, 0x00, 0x00, 0x00,
    0x00, 0x00, 0x00, 0x00, 0x00, 0x00, 0x00, 0x00, 0x00, 0x00, 0x00, 0x00,
    0x00, 0x00, 0x00, 0x00, 0x00, 0x00, 0x00, 0x00, 0x00, 0x00, 0x00, 0x00,
    0x00, 0x00, 0x00, 0x00, 0x00, 0x00, 0x00, 0x00, 0x00, 0x00, 0x00, 0x00,
    0x00, 0x00, 0x00, 0x00, 0x00, 0x00, 0x00, 0x00, 0x00, 0x00, 0x00, 0x00,
    0x00, 0x00, 0x00, 0x00, 0x00, 0x00, 0x00, 0x00, 0x00, 0x00, 0x00, 0x00,
    0x00, 0x00, 0x00, 0x00, 0x00, 0x00, 0x00, 0x00, 0x00, 0x00, 0x00, 0x00,
    0x00, 0x00, 0x00, 0x00, 0x00, 0x00, 0x00, 0x00, 0x00, 0x00, 0x00, 0x00,
    0x00, 0x00, 0x00, 0x00, 0x00, 0x00, 0x00, 0x00, 0x00, 0x00, 0x00, 0x00,
    0x00, 0x00, 0x00, 0x00, 0x00, 0x00, 0x00, 0x00, 0x00, 0x00, 0x00, 0x00,
    0x00, 0x00, 0x00, 0x00, 0x00, 0x00, 0x00, 0x00, 0x00, 0x00, 0x00, 0x00,
    0x00, 0x00, 0x00, 0x00, 0x00, 0x00, 0x00, 0x00, 0x00, 0x00, 0x00, 0x00,
    0x00, 0x00, 0x00, 0x00, 0x00, 0x00, 0x00, 0x00, 0x00, 0x00, 0x00, 0x00,
    0x00, 0x00, 0x00, 0x00, 0x00, 0x00, 0x00, 0x00, 0x00, 0x00, 0x00, 0x00,
    0x00, 0x00, 0x00, 0x00, 0x00, 0x00, 0x00, 0x00, 0x00, 0x00, 0x00, 0x00,
    0x00, 0x00, 0x00, 0x00, 0x00, 0x00, 0x00, 0x00, 0x00, 0x00, 0x00, 0x00,
    0x00, 0x00, 0x00, 0x00, 0x00, 0x00, 0x00, 0x00, 0x00, 0x00, 0x00, 0x00,
    0x00, 0x00, 0x00, 0x00, 0x00, 0x00, 0x00, 0x00, 0x00, 0x00, 0x00, 0x00,
    0x00, 0x00, 0x00, 0x00, 0x00, 0x00, 0x00, 0x00, 0x00, 0x00, 0x00, 0x00,
    0x00, 0x00, 0x00, 0x00, 0x00, 0x00, 0x00, 0x00, 0x00, 0x00, 0x00, 0x00,
    0x00, 0x00, 0x00, 0x00, 0x00, 0x00, 0x00, 0x00, 0x00, 0x00, 0x00, 0x00,
    0x00, 0x00, 0x00, 0x00, 0x00, 0x00, 0x00, 0x00, 0x00, 0x00, 0x00, 0x00,
    0x00, 0x00, 0x00, 0x00, 0x00, 0x00, 0x00, 0x00, 0x00, 0x00, 0x00, 0x00,
    0x00, 0x00, 0x00, 0x00, 0x00, 0x00, 0x00, 0x00, 0x00, 0x00, 0x00, 0x00,
    0x00, 0x00, 0x00, 0x00, 0x00, 0x00, 0x00, 0x00, 0x00, 0x00, 0x00, 0x00,
    0x00, 0x00, 0x00, 0x00, 0x00, 0x00, 0x00, 0x00, 0x00, 0x00, 0x00, 0x00,
    0x00, 0x00, 0x00, 0x00, 0x00, 0x00, 0x00, 0x00, 0x00, 0x00, 0x00, 0x00,
    0x00, 0x00, 0x00, 0x00, 0x00, 0x00, 0x00, 0x00, 0x00, 0x00, 0x00, 0x00,
    0x00, 0x00, 0x00, 0x00, 0x00, 0x00, 0x00, 0x00, 0x00, 0x00, 0x00, 0x00,
    0x00, 0x00, 0x00, 0x00, 0x00, 0x00, 0x00, 0x00, 0x00, 0x00, 0x00, 0x00,
    0x00, 0x00, 0x00, 0x00, 0x00, 0x00, 0x00, 0x00, 0x00, 0x00, 0x00, 0x00,
    0x00, 0x00, 0x00, 0x00, 0x00, 0x00, 0x00, 0x00, 0x00, 0x00, 0x00, 0x00,
    0x00, 0x00, 0x00, 0x00, 0x00, 0x00, 0x00, 0x00, 0x00, 0x00, 0x00, 0x00,
    0x00, 0x00, 0x00, 0x00, 0x00, 0x00, 0x00, 0x00, 0x00, 0x00, 0x00, 0x00,
    0x00, 0x00, 0x00, 0x00, 0x00, 0x00, 0x00, 0x00, 0x00, 0x00, 0x00, 0x00,
    0x00, 0x00, 0x00, 0x00, 0x00, 0x00, 0x00, 0x00, 0x00, 0x00, 0x00, 0x00,
    0x00, 0x00, 0x00, 0x00, 0x00, 0x00, 0x00, 0x00, 0x00, 0x00, 0x00, 0x00,
    0x00, 0x00, 0x00, 0x00, 0x00, 0x00, 0x00, 0x00, 0x00, 0x00, 0x00, 0x00,
    0x00, 0x00, 0x00, 0x00, 0x00, 0x00, 0x00, 0x00, 0x00, 0x00, 0x00, 0x00,
    0x00, 0x00, 0x00, 0x00, 0x00, 0x00, 0x00, 0x00, 0x00, 0x00, 0x00, 0x00,
    0x00, 0x00, 0x00, 0x00, 0x00, 0x00, 0x00, 0x00, 0x00, 0x00, 0x00, 0x00,
    0x00, 0x00, 0x00, 0x00, 0x00, 0x00, 0x00, 0x00, 0x00, 0x00, 0x00, 0x00,
    0x00, 0x00, 0x00, 0x00, 0x00, 0x00, 0x00, 0x00, 0x00, 0x00, 0x00, 0x00,
    0x00, 0x00, 0x00, 0x00, 0x00, 0x00, 0x00, 0x00, 0x00, 0x00, 0x00, 0x00,
    0x00, 0x00, 0x00, 0x00, 0x00, 0x00, 0x00, 0x00, 0x00, 0x00, 0x00, 0x00,
    0x00, 0x00, 0x00, 0x00, 0x00, 0x00, 0x00, 0x00, 0x00, 0x00, 0x00, 0x00,
    0x00, 0x00, 0x00, 0x00, 0x00, 0x00, 0x00, 0x00, 0x00, 0x00, 0x00, 0x00,
    0x00, 0x00, 0x00, 0x00, 0x00, 0x00, 0x00, 0x00, 0x00, 0x00, 0x00, 0x00,
    0x00, 0x00, 0x00, 0x00, 0x00, 0x00, 0x00, 0x00, 0x00, 0x00, 0x00, 0x00,
    0x00, 0x00, 0x00, 0x00, 0x00, 0x00, 0x00, 0x00, 0x00, 0x00, 0x00, 0x00,
    0x00, 0x00, 0x00, 0x00, 0x00, 0x00, 0x00, 0x00, 0x00, 0x00, 0x00, 0x00,
    0x00, 0x00, 0x00, 0x00, 0x00, 0x00, 0x00, 0x00, 0x00, 0x00, 0x00, 0x00,
    0x00, 0x00, 0x00, 0x00, 0x00, 0x00, 0x00, 0x00, 0x00, 0x00, 0x00, 0x00,
    0x00, 0x00, 0x00, 0x00, 0x00, 0x00, 0x00, 0x00, 0x00, 0x00, 0x00, 0x00,
    0x00, 0x00, 0x00, 0x00, 0x00, 0x00, 0x00, 0x00, 0x00, 0x00, 0x00, 0x00,
    0x00, 0x00, 0x00, 0x00, 0x00, 0x00, 0x00, 0x00, 0x00, 0x00, 0x00, 0x00,
    0x00, 0x00, 0x00, 0x00, 0x00, 0x00, 0x00, 0x00, 0x00, 0x00, 0x00, 0x00,
    0x00, 0x00, 0x00, 0x00, 0x00, 0x00, 0x00, 0x00, 0x00, 0x00, 0x00, 0x00,
    0x00, 0x00, 0x00, 0x00, 0x00, 0x00, 0x00, 0x00, 0x00, 0x00, 0x00, 0x00,
    0x00, 0x00, 0x00, 0x00, 0x00, 0x00, 0x00, 0x00, 0x00, 0x00, 0x00, 0x00,
    0x00, 0x00, 0x00, 0x00, 0x00, 0x00, 0x00, 0x00, 0x00, 0x00, 0x00, 0x00,
    0x00, 0x00, 0x00, 0x00, 0x00, 0x00, 0x00, 0x00, 0x00, 0x00, 0x00, 0x00,
    0x00, 0x00, 0x00, 0x00, 0x00, 0x00, 0x00, 0x00, 0x00, 0x00, 0x00, 0x00,
    0x00, 0x00, 0x00, 0x00, 0x00, 0x00, 0x00, 0x00, 0x00, 0x00, 0x00, 0x00,
    0x00, 0x00, 0x00, 0x00, 0x00, 0x00, 0x00, 0x00, 0x00, 0x00, 0x00, 0x00,
    0x00, 0x00, 0x00, 0x00, 0x00, 0x00, 0x00, 0x00, 0x00, 0x00, 0x00, 0x00,
    0x00, 0x00, 0x00, 0x00, 0x00, 0x00, 0x00, 0x00, 0x00, 0x00, 0x00, 0x00,
    0x00, 0x00, 0x00, 0x00, 0x00, 0x00, 0x00, 0x00, 0x00, 0x00, 0x00, 0x00,
    0x00, 0x00, 0x00, 0x00, 0x00, 0x00, 0x00, 0x00, 0x00, 0x00, 0x00, 0x00,
    0x00, 0x00, 0x00, 0x00, 0x00, 0x00, 0x00, 0x00, 0x00, 0x00, 0x00, 0x00,
    0x00, 0x00, 0x00, 0x00, 0x00, 0x00, 0x00, 0x00, 0x00, 0x00, 0x00, 0x00,
    0x00, 0x00, 0x00, 0x00, 0x00, 0x00, 0x00, 0x00, 0x00, 0x00, 0x00, 0x00,
    0x00, 0x00, 0x00, 0x00, 0x00, 0x00, 0x00, 0x00, 0x00, 0x00, 0x00, 0x00,
    0x00, 0x00, 0x00, 0x00, 0x00, 0x00, 0x00, 0x00, 0x00, 0x00, 0x00, 0x00,
    0x00, 0x00, 0x00, 0x00, 0x00, 0x00, 0x00, 0x00, 0x00, 0x00, 0x00, 0x00,
    0x00, 0x00, 0x00, 0x00, 0x00, 0x00, 0x00, 0x00, 0x00, 0x00, 0x00, 0x00,
    0x00, 0x00, 0x00, 0x00, 0x00, 0x00, 0x00, 0x00, 0x00, 0x00, 0x00, 0x00,
    0x00, 0x00, 0x00, 0x00, 0x00, 0x00, 0x00, 0x00, 0x00, 0x00, 0x00, 0x00,
    0x00, 0x00, 0x00, 0x00, 0x00, 0x00, 0x00, 0x00, 0x00, 0x00, 0x00, 0x00,
    0x00, 0x00, 0x00, 0x00, 0x00, 0x00, 0x00, 0x00, 0x00, 0x00, 0x00, 0x00,
    0x00, 0x00, 0x00, 0x00, 0x00, 0x00, 0x00, 0x00, 0x00, 0x00, 0x00, 0x00,
    0x00, 0x00, 0x00, 0x00, 0x00, 0x00, 0x00, 0x00, 0x00, 0x00, 0x00, 0x00,
    0x00, 0x00, 0x00, 0x00, 0x00, 0x00, 0x00, 0x00, 0x00, 0x00, 0x00, 0x00,
    0x00, 0x00, 0x00, 0x00, 0x00, 0x00, 0x00, 0x00, 0x00, 0x00, 0x00, 0x00,
    0x00, 0x00, 0x00, 0x00, 0x00, 0x00, 0x00, 0x00, 0x00, 0x00, 0x00, 0x00,
    0x00, 0x00, 0x00, 0x00, 0x00, 0x00, 0x00, 0x00, 0x00, 0x00, 0x00, 0x00,
    0x00, 0x00, 0x00, 0x00, 0x00, 0x00, 0x00, 0x00, 0x00, 0x00, 0x00, 0x00,
    0x00, 0x00, 0x00, 0x00, 0x00, 0x00, 0x00, 0x00, 0x00, 0x00, 0x00, 0x00,
    0x00, 0x00, 0x00, 0x00, 0x00, 0x00, 0x00, 0x00, 0x00, 0x00, 0x00, 0x00,
    0x00, 0x00, 0x00, 0x00, 0x00, 0x00, 0x00, 0x00, 0x00, 0x00, 0x00, 0x00,
    0x00, 0x00, 0x00, 0x00, 0x00, 0x00, 0x00, 0x00, 0x00, 0x00, 0x00, 0x00,
    0x00, 0x00, 0x00, 0x00, 0x00, 0x00, 0x00, 0x00, 0x00, 0x00, 0x00, 0x00,
    0x00, 0x00, 0x00, 0x00, 0x00, 0x00, 0x00, 0x00, 0x00, 0x00, 0x00, 0x00,
    0x00, 0x00, 0x00, 0x00, 0x00, 0x00, 0x00, 0x00, 0x00, 0x00, 0x00, 0x00,
    0x00, 0x00, 0x00, 0x00, 0x00, 0x00, 0x00, 0x00, 0x00, 0x00, 0x00, 0x00,
    0x00, 0x00, 0x00, 0x00, 0x00, 0x00, 0x00, 0x00, 0x00, 0x00, 0x00, 0x00,
    0x00, 0x00, 0x00, 0x00, 0x00, 0x00, 0x00, 0x00, 0x00, 0x00, 0x00, 0x00,
    0x00, 0x00, 0x00, 0x00, 0x00, 0x00, 0x00, 0x00, 0x00, 0x00, 0x00, 0x00,
    0x00, 0x00, 0x00, 0x00, 0x00, 0x00, 0x00, 0x00, 0x00, 0x00, 0x00, 0x00,
    0x00, 0x00, 0x00, 0x00, 0x00, 0x00, 0x00, 0x00, 0x00, 0x00, 0x00, 0x00,
    0x00, 0x00, 0x00, 0x00, 0x00, 0x00, 0x00, 0x00, 0x00, 0x00, 0x00, 0x00,
    0x00, 0x00, 0x00, 0x00, 0x00, 0x00, 0x00, 0x00, 0x00, 0x00, 0x00, 0x00,
    0x00, 0x00, 0x00, 0x00, 0x00, 0x00, 0x00, 0x00, 0x00, 0x00, 0x00, 0x00,
    0x00, 0x00, 0x00, 0x00, 0x00, 0x00, 0x00, 0x00, 0x00, 0x00, 0x00, 0x00,
    0x00, 0x00, 0x00, 0x00, 0x00, 0x00, 0x00, 0x00, 0x00, 0x00, 0x00, 0x00,
    0x00, 0x00, 0x00, 0x00, 0x00, 0x00, 0x00, 0x00, 0x00, 0x00, 0x00, 0x00,
    0x00, 0x00, 0x00, 0x00, 0x00, 0x00, 0x00, 0x00, 0x00, 0x00, 0x00, 0x00,
    0x00, 0x00, 0x00, 0x00, 0x00, 0x00, 0x00, 0x00, 0x00, 0x00, 0x00, 0x00,
    0x00, 0x00, 0x00, 0x00, 0x00, 0x00, 0x00, 0x00, 0x00, 0x00, 0x00, 0x00,
    0x00, 0x00, 0x00, 0x00, 0x00, 0x00, 0x00, 0x00, 0x00, 0x00, 0x00, 0x00,
    0x00, 0x00, 0x00, 0x00, 0x00, 0x00, 0x00, 0x00, 0x00, 0x00, 0x00, 0x00,
    0x00, 0x00, 0x00, 0x00, 0x00, 0x00, 0x00, 0x00, 0x00, 0x00, 0x00, 0x00,
    0x00, 0x00, 0x00, 0x00, 0x00, 0x00, 0x00, 0x00, 0x00, 0x00, 0x00, 0x00,
    0x00, 0x00, 0x00, 0x00, 0x00, 0x00, 0x00, 0x00, 0x00, 0x00, 0x00, 0x00,
    0x00, 0x00, 0x00, 0x00, 0x00, 0x00, 0x00, 0x00, 0x00, 0x00, 0x00, 0x00,
    0x00, 0x00, 0x00, 0x00, 0x00, 0x00, 0x00, 0x00, 0x00, 0x00, 0x00, 0x00,
    0x00, 0x00, 0x00, 0x00, 0x00, 0x00, 0x00, 0x00, 0x00, 0x00, 0x00, 0x00,
    0x00, 0x00, 0x00, 0x00, 0x00, 0x00, 0x00, 0x00, 0x00, 0x00, 0x00, 0x00,
    0x00, 0x00, 0x00, 0x00, 0x00, 0x00, 0x00, 0x00, 0x00, 0x00, 0x00, 0x00,
    0x00, 0x00, 0x00, 0x00, 0x00, 0x00, 0x00, 0x00, 0x00, 0x00, 0x00, 0x00,
    0x00, 0x00, 0x00, 0x00, 0x00, 0x00, 0x00, 0x00, 0x00, 0x00, 0x00, 0x00,
    0x00, 0x00, 0x00, 0x00, 0x00, 0x00, 0x00, 0x00, 0x00, 0x00, 0x00, 0x00,
    0x00, 0x00, 0x00, 0x00, 0x00, 0x00, 0x00, 0x00, 0x00, 0x00, 0x00, 0x00,
    0x00, 0x00, 0x00, 0x00, 0x00, 0x00, 0x00, 0x00, 0x00, 0x00, 0x00, 0x00,
    0x00, 0x00, 0x00, 0x00, 0x00, 0x00, 0x00, 0x00, 0x00, 0x00, 0x00, 0x00,
    0x00, 0x00, 0x00, 0x00, 0x00, 0x00, 0x00, 0x00, 0x00, 0x00, 0x00, 0x00,
    0x00, 0x00, 0x00, 0x00, 0x00, 0x00, 0x00, 0x00, 0x00, 0x00, 0x00, 0x00,
    0x00, 0x00, 0x00, 0x00, 0x00, 0x00, 0x00, 0x00, 0x00, 0x00, 0x00, 0x00,
    0x00, 0x00, 0x00, 0x00, 0x00, 0x00, 0x00, 0x00, 0x00, 0x00, 0x00, 0x00,
    0x00, 0x00, 0x00, 0x00, 0x00, 0x00, 0x00, 0x00, 0x00, 0x00, 0x00, 0x00,
    0x00, 0x00, 0x00, 0x00, 0x00, 0x00, 0x00, 0x00, 0x00, 0x00, 0x00, 0x00,
    0x00, 0x00, 0x00, 0x00, 0x00, 0x00, 0x00, 0x00, 0x00, 0x00, 0x00, 0x00,
    0x00, 0x00, 0x00, 0x00, 0x00, 0x00, 0x00, 0x00, 0x00, 0x00, 0x00, 0x00,
    0x00, 0x00, 0x00, 0x00, 0x00, 0x00, 0x00, 0x00, 0x00, 0x00, 0x00, 0x00,
    0x00, 0x00, 0x00, 0x00, 0x00, 0x00, 0x00, 0x00, 0x00, 0x00, 0x00, 0x00,
    0x00, 0x00, 0x00, 0x00, 0x00, 0x00, 0x00, 0x00, 0x00, 0x00, 0x00, 0x00,
    0x00, 0x00, 0x00, 0x00, 0x00, 0x00, 0x00, 0x00, 0x00, 0x00, 0x00, 0x00,
    0x00, 0x00, 0x00, 0x00, 0x00, 0x00, 0x00, 0x00, 0x00, 0x00, 0x00, 0x00,
    0x00, 0x00, 0x00, 0x00, 0x00, 0x00, 0x00, 0x00, 0x00, 0x00, 0x00, 0x00,
    0x00, 0x00, 0x00, 0x00, 0x00, 0x00, 0x00, 0x00, 0x00, 0x00, 0x00, 0x00,
    0x00, 0x00, 0x00, 0x00, 0x00, 0x00, 0x00, 0x00, 0x00, 0x00, 0x00, 0x00,
    0x00, 0x00, 0x00, 0x00, 0x00, 0x00, 0x00, 0x00, 0x00, 0x00, 0x00, 0x00,
    0x00, 0x00, 0x00, 0x00, 0x00, 0x00, 0x00, 0x00, 0x00, 0x00, 0x00, 0x00,
    0x00, 0x00, 0x00, 0x00, 0x00, 0x00, 0x00, 0x00, 0x00, 0x00, 0x00, 0x00,
    0x00, 0x00, 0x00, 0x00, 0x00, 0x00, 0x00, 0x00, 0x00, 0x00, 0x00, 0x00,
    0x00, 0x00, 0x00, 0x00, 0x00, 0x00, 0x00, 0x00, 0x00, 0x00, 0x00, 0x00,
    0x00, 0x00, 0x00, 0x00, 0x00, 0x00, 0x00, 0x00, 0x00, 0x00, 0x00, 0x00,
    0x00, 0x00, 0x00, 0x00, 0x00, 0x00, 0x00, 0x00, 0x00, 0x00, 0x00, 0x00,
    0x00, 0x00, 0x00, 0x00, 0x00, 0x00, 0x00, 0x00, 0x00, 0x00, 0x00, 0x00,
    0x00, 0x00, 0x00, 0x00, 0x00, 0x00, 0x00, 0x00, 0x00, 0x00, 0x00, 0x00,
    0x00, 0x00, 0x00, 0x00, 0x00, 0x00, 0x00, 0x00, 0x00, 0x00, 0x00, 0x00,
    0x00, 0x00, 0x00, 0x00, 0x00, 0x00, 0x00, 0x00, 0x00, 0x00, 0x00, 0x00,
    0x00, 0x00, 0x00, 0x00, 0x00, 0x00, 0x00, 0x00, 0x00, 0x00, 0x00, 0x00,
    0x00, 0x00, 0x00, 0x00, 0x00, 0x00, 0x00, 0x00, 0x00, 0x00, 0x00, 0x00,
    0x00, 0x00, 0x00, 0x00, 0x00, 0x00, 0x00, 0x00, 0x00, 0x00, 0x00, 0x00,
    0x00, 0x00, 0x00, 0x00, 0x00, 0x00, 0x00, 0x00, 0x00, 0x00, 0x00, 0x00,
    0x00, 0x00, 0x00, 0x00, 0x00, 0x00, 0x00, 0x00, 0x00, 0x00, 0x00, 0x00,
    0x00, 0x00, 0x00, 0x00, 0x00, 0x00, 0x00, 0x00, 0x00, 0x00, 0x00, 0x00,
    0x00, 0x00, 0x00, 0x00, 0x00, 0x00, 0x00, 0x00, 0x00, 0x00, 0x00, 0x00,
    0x00, 0x00, 0x00, 0x00, 0x00, 0x00, 0x00, 0x00, 0x00, 0x00, 0x00, 0x00,
    0x00, 0x00, 0x00, 0x00, 0x00, 0x00, 0x00, 0x00, 0x00, 0x00, 0x00, 0x00,
    0x00, 0x00, 0x00, 0x00, 0x00, 0x00, 0x00, 0x00, 0x00, 0x00, 0x00, 0x00,
    0x00, 0x00, 0x00, 0x00, 0x00, 0x00, 0x00, 0x00, 0x00, 0x00, 0x00, 0x00,
    0x00, 0x00, 0x00, 0x00, 0x00, 0x00, 0x00, 0x00, 0x00, 0x00, 0x00, 0x00,
    0x00, 0x00, 0x00, 0x00, 0x00, 0x00, 0x00, 0x00, 0x00, 0x00, 0x00, 0x00,
    0x00, 0x00, 0x00, 0x00, 0x00, 0x00, 0x00, 0x00, 0x00, 0x00, 0x00, 0x00,
    0x00, 0x00, 0x00, 0x00, 0x00, 0x00, 0x00, 0x00, 0x00, 0x00, 0x00, 0x00,
    0x00, 0x00, 0x00, 0x00, 0x00, 0x00, 0x00, 0x00, 0x00, 0x00, 0x00, 0x00,
    0x00, 0x00, 0x00, 0x00, 0x00, 0x00, 0x00, 0x00, 0x00, 0x00, 0x00, 0x00,
    0x00, 0x00, 0x00, 0x00, 0x00, 0x00, 0x00, 0x00, 0x00, 0x00, 0x00, 0x00,
    0x00, 0x00, 0x00, 0x00, 0x00, 0x00, 0x00, 0x00, 0x00, 0x00, 0x00, 0x00,
    0x00, 0x00, 0x00, 0x00, 0x00, 0x00, 0x00, 0x00, 0x00, 0x00, 0x00, 0x00,
    0x00, 0x00, 0x00, 0x00, 0x00, 0x00, 0x00, 0x00, 0x00, 0x00, 0x00, 0x00,
    0x00, 0x00, 0x00, 0x00, 0x00, 0x00, 0x00, 0x00, 0x00, 0x00, 0x00, 0x00,
    0x00, 0x00, 0x00, 0x00, 0x00, 0x00, 0x00, 0x00, 0x00, 0x00, 0x00, 0x00,
    0x00, 0x00, 0x00, 0x00, 0x00, 0x00, 0x00, 0x00, 0x00, 0x00, 0x00, 0x00,
    0x00, 0x00, 0x00, 0x00, 0x00, 0x00, 0x00, 0x00, 0x00, 0x00, 0x00, 0x00,
    0x00, 0x00, 0x00, 0x00, 0x00, 0x00, 0x00, 0x00, 0x00, 0x00, 0x00, 0x00,
    0x00, 0x00, 0x00, 0x00, 0x00, 0x00, 0x00, 0x00, 0x00, 0x00, 0x00, 0x00,
    0x00, 0x00, 0x00, 0x00, 0x00, 0x00, 0x00, 0x00, 0x00, 0x00, 0x00, 0x00,
    0x00, 0x00, 0x00, 0x00, 0x00, 0x00, 0x00, 0x00, 0x00, 0x00, 0x00, 0x00,
    0x00, 0x00, 0x00, 0x00, 0x00, 0x00, 0x00, 0x00, 0x00, 0x00, 0x00, 0x00,
    0x00, 0x00, 0x00, 0x00, 0x00, 0x00, 0x00, 0x00, 0x00, 0x00, 0x00, 0x00,
    0x00, 0x00, 0x00, 0x00, 0x00, 0x00, 0x00, 0x00, 0x00, 0x00, 0x00, 0x00,
    0x00, 0x00, 0x00, 0x00, 0x00, 0x00, 0x00, 0x00, 0x00, 0x00, 0x00, 0x00,
    0x00, 0x00, 0x00, 0x00, 0x00, 0x00, 0x00, 0x00, 0x00, 0x00, 0x00, 0x00,
    0x00, 0x00, 0x00, 0x00, 0x00, 0x00, 0x00, 0x00, 0x00, 0x00, 0x00, 0x00,
    0x00, 0x00, 0x00, 0x00, 0x00, 0x00, 0x00, 0x00, 0x00, 0x00, 0x00, 0x00,
    0x00, 0x00, 0x00, 0x00, 0x00, 0x00, 0x00, 0x00, 0x00, 0x00, 0x00, 0x00,
    0x00, 0x00, 0x00, 0x00, 0x00, 0x00, 0x00, 0x00, 0x00, 0x00, 0x00, 0x00,
    0x00, 0x00, 0x00, 0x00, 0x00, 0x00, 0x00, 0x00, 0x00, 0x00, 0x00, 0x00,
    0x00, 0x00, 0x00, 0x00, 0x00, 0x00, 0x00, 0x00, 0x00, 0x00, 0x00, 0x00,
    0x00, 0x00, 0x00, 0x00, 0x00, 0x00, 0x00, 0x00, 0x00, 0x00, 0x00, 0x00,
    0x00, 0x00, 0x00, 0x00, 0x00, 0x00, 0x00, 0x00, 0x00, 0x00, 0x00, 0x00,
    0x00, 0x00, 0x00, 0x00, 0x00, 0x00, 0x00, 0x00, 0x00, 0x00, 0x00, 0x00,
    0x00, 0x00, 0x00, 0x00, 0x00, 0x00, 0x00, 0x00, 0x00, 0x00, 0x00, 0x00,
    0x00, 0x00, 0x00, 0x00, 0x00, 0x00, 0x00, 0x00, 0x00, 0x00, 0x00, 0x00,
    0x00, 0x00, 0x00, 0x00, 0x00, 0x00, 0x00, 0x00, 0x00, 0x00, 0x00, 0x00,
    0x00, 0x00, 0x00, 0x00, 0x00, 0x00, 0x00, 0x00, 0x00, 0x00, 0x00, 0x00,
    0x00, 0x00, 0x00, 0x00, 0x00, 0x00, 0x00, 0x00, 0x00, 0x00, 0x00, 0x00,
    0x00, 0x00, 0x00, 0x00, 0x00, 0x00, 0x00, 0x00, 0x00, 0x00, 0x00, 0x00,
    0x00, 0x00, 0x00, 0x00, 0x00, 0x00, 0x00, 0x00, 0x00, 0x00, 0x00, 0x00,
    0x00, 0x00, 0x00, 0x00, 0x00, 0x00, 0x00, 0x00, 0x00, 0x00, 0x00, 0x00,
    0x00, 0x00, 0x00, 0x00, 0x00, 0x00, 0x00, 0x00, 0x00, 0x00, 0x00, 0x00,
    0x00, 0x00, 0x00, 0x00, 0x00, 0x00, 0x00, 0x00, 0x00, 0x00, 0x00, 0x00,
    0x00, 0x00, 0x00, 0x00, 0x00, 0x00, 0x00, 0x00, 0x00, 0x00, 0x00, 0x00,
    0x00, 0x00, 0x00, 0x00, 0x00, 0x00, 0x00, 0x00, 0x00, 0x00, 0x00, 0x00,
    0x00, 0x00, 0x00, 0x00, 0x00, 0x00, 0x00, 0x00, 0x00, 0x00, 0x00, 0x00,
    0x00, 0x00, 0x00, 0x00, 0x00, 0x00, 0x00, 0x00, 0x00, 0x00, 0x00, 0x00,
    0x00, 0x00, 0x00, 0x00, 0x00, 0x00, 0x00, 0x00, 0x00, 0x00, 0x00, 0x00,
    0x00, 0x00, 0x00, 0x00, 0x00, 0x00, 0x00, 0x00, 0x00, 0x00, 0x00, 0x00,
    0x00, 0x00, 0x00, 0x00, 0x00, 0x00, 0x00, 0x00, 0x00, 0x00, 0x00, 0x00,
    0x00, 0x00, 0x00, 0x00, 0x00, 0x00, 0x00, 0x00, 0x00, 0x00, 0x00, 0x00,
    0x00, 0x00, 0x00, 0x00, 0x00, 0x00, 0x00, 0x00, 0x00, 0x00, 0x00, 0x00,
    0x00, 0x00, 0x00, 0x00, 0x00, 0x00, 0x00, 0x00, 0x00, 0x00, 0x00, 0x00,
    0x00, 0x00, 0x00, 0x00, 0x00, 0x00, 0x00, 0x00, 0x00, 0x00, 0x00, 0x00,
    0x00, 0x00, 0x00, 0x00, 0x00, 0x00, 0x00, 0x00, 0x00, 0x00, 0x00, 0x00,
    0x00, 0x00, 0x00, 0x00, 0x00, 0x00, 0x00, 0x00, 0x00, 0x00, 0x00, 0x00,
    0x00, 0x00, 0x00, 0x00, 0x00, 0x00, 0x00, 0x00, 0x00, 0x00, 0x00, 0x00,
    0x00, 0x00, 0x00, 0x00, 0x00, 0x00, 0x00, 0x00, 0x00, 0x00, 0x00, 0x00,
    0x00, 0x00, 0x00, 0x00, 0x00, 0x00, 0x00, 0x00, 0x00, 0x00, 0x00, 0x00,
    0x00, 0x00, 0x00, 0x00, 0x00, 0x00, 0x00, 0x00, 0x00, 0x00, 0x00, 0x00,
    0x00, 0x00, 0x00, 0x00, 0x00, 0x00, 0x00, 0x00, 0x00, 0x00, 0x00, 0x00,
    0x00, 0x00, 0x00, 0x00, 0x00, 0x00, 0x00, 0x00, 0x00, 0x00, 0x00, 0x00,
    0x00, 0x00, 0x00, 0x00, 0x00, 0x00, 0x00, 0x00, 0x00, 0x00, 0x00, 0x00,
    0x00, 0x00, 0x00, 0x00, 0x00, 0x00, 0x00, 0x00, 0x00, 0x00, 0x00, 0x00,
    0x00, 0x00, 0x00, 0x00, 0x00, 0x00, 0x00, 0x00, 0x00, 0x00, 0x00, 0x00,
    0x00, 0x00, 0x00, 0x00, 0x00, 0x00, 0x00, 0x00, 0x00, 0x00, 0x00, 0x00,
    0x00, 0x00, 0x00, 0x00, 0x00, 0x00, 0x00, 0x00, 0x00, 0x00, 0x00, 0x00,
    0x00, 0x00, 0x00, 0x00, 0x00, 0x00, 0x00, 0x00, 0x00, 0x00, 0x00, 0x00,
    0x00, 0x00, 0x00, 0x00, 0x00, 0x00, 0x00, 0x00, 0x00, 0x00, 0x00, 0x00,
    0x00, 0x00, 0x00, 0x00, 0x00, 0x00, 0x00, 0x00, 0x00, 0x00, 0x00, 0x00,
    0x00, 0x00, 0x00, 0x00, 0x00, 0x00, 0x00, 0x00, 0x00, 0x00, 0x00, 0x00,
    0x00, 0x00, 0x00, 0x00, 0x00, 0x00, 0x00, 0x00, 0x00, 0x00, 0x00, 0x00,
    0x00, 0x00, 0x00, 0x00, 0x00, 0x00, 0x00, 0x00, 0x00, 0x00, 0x00, 0x00,
    0x00, 0x00, 0x00, 0x00, 0x00, 0x00, 0x00, 0x00, 0x00, 0x00, 0x00, 0x00,
    0x00, 0x00, 0x00, 0x00, 0x00, 0x00, 0x00, 0x00, 0x00, 0x00, 0x00, 0x00,
    0x00, 0x00, 0x00, 0x00, 0x00, 0x00, 0x00, 0x00, 0x00, 0x00, 0x00, 0x00,
    0x00, 0x00, 0x00, 0x00, 0x00, 0x00, 0x00, 0x00, 0x00, 0x00, 0x00, 0x00,
    0x00, 0x00, 0x00, 0x00, 0x00, 0x00, 0x00, 0x00, 0x00, 0x00, 0x00, 0x00,
    0x00, 0x00, 0x00, 0x00, 0x00, 0x00, 0x00, 0x00, 0x00, 0x00, 0x00, 0x00,
    0x00, 0x00, 0x00, 0x00, 0x00, 0x00, 0x00, 0x00, 0x00, 0x00, 0x00, 0x00,
    0x00, 0x00, 0x00, 0x00, 0x00, 0x00, 0x00, 0x00, 0x00, 0x00, 0x00, 0x00,
    0x00, 0x00, 0x00, 0x00, 0x00, 0x00, 0x00, 0x00, 0x00, 0x00, 0x00, 0x00,
    0x00, 0x00, 0x00, 0x00, 0x00, 0x00, 0x00, 0x00, 0x00, 0x00, 0x00, 0x00,
    0x00, 0x00, 0x00, 0x00, 0x00, 0x00, 0x00, 0x00, 0x00, 0x00, 0x00, 0x00,
    0x00, 0x00, 0x00, 0x00, 0x00, 0x00, 0x00, 0x00, 0x00, 0x00, 0x00, 0x00,
    0x00, 0x00, 0x00, 0x00, 0x00, 0x00, 0x00, 0x00, 0x00, 0x00, 0x00, 0x00,
    0x00, 0x00, 0x00, 0x00, 0x00, 0x00, 0x00, 0x00, 0x00, 0x00, 0x00, 0x00,
    0x00, 0x00, 0x00, 0x00, 0x00, 0x00, 0x00, 0x00, 0x00, 0x00, 0x00, 0x00,
    0x00, 0x00, 0x00, 0x00, 0x00, 0x00, 0x00, 0x00, 0x00, 0x00, 0x00, 0x00,
    0x00, 0x00, 0x00, 0x00, 0x00, 0x00, 0x00, 0x00, 0x00, 0x00, 0x00, 0x00,
    0x00, 0x00, 0x00, 0x00, 0x00, 0x00, 0x00, 0x00, 0x00, 0x00, 0x00, 0x00,
    0x00, 0x00, 0x00, 0x00, 0x00, 0x00, 0x00, 0x00, 0x00, 0x00, 0x00, 0x00,
    0x00, 0x00, 0x00, 0x00, 0x00, 0x00, 0x00, 0x00, 0x00, 0x00, 0x00, 0x00,
    0x00, 0x00, 0x00, 0x00, 0x00, 0x00, 0x00, 0x00, 0x00, 0x00, 0x00, 0x00,
    0x00, 0x00, 0x00, 0x00, 0x00, 0x00, 0x00, 0x00, 0x00, 0x00, 0x00, 0x00,
    0x00, 0x00, 0x00, 0x00, 0x00, 0x00, 0x00, 0x00, 0x00, 0x00, 0x00, 0x00,
    0x00, 0x00, 0x00, 0x00, 0x00, 0x00, 0x00, 0x00, 0x00, 0x00, 0x00, 0x00,
    0x00, 0x00, 0x00, 0x00, 0x00, 0x00, 0x00, 0x00, 0x00, 0x00, 0x00, 0x00,
    0x00, 0x00, 0x00, 0x00, 0x00, 0x00, 0x00, 0x00, 0x00, 0x00, 0x00, 0x00,
    0x00, 0x00, 0x00, 0x00, 0x00, 0x00, 0x00, 0x00, 0x00, 0x00, 0x00, 0x00,
    0x00, 0x00, 0x00, 0x00, 0x00, 0x00, 0x00, 0x00, 0x00, 0x00, 0x00, 0x00,
    0x00, 0x00, 0x00, 0x00, 0x00, 0x00, 0x00, 0x00, 0x00, 0x00, 0x00, 0x00,
    0x00, 0x00, 0x00, 0x00, 0x00, 0x00, 0x00, 0x00, 0x00, 0x00, 0x00, 0x00,
    0x00, 0x00, 0x00, 0x00, 0x00, 0x00, 0x00, 0x00, 0x00, 0x00, 0x00, 0x00,
    0x00, 0x00, 0x00, 0x00, 0x00, 0x00, 0x00, 0x00, 0x00, 0x00, 0x00, 0x00,
    0x00, 0x00, 0x00, 0x00, 0x00, 0x00, 0x00, 0x00, 0x00, 0x00, 0x00, 0x00,
    0x00, 0x00, 0x00, 0x00, 0x00, 0x00, 0x00, 0x00, 0x00, 0x00, 0x00, 0x00,
    0x00, 0x00, 0x00, 0x00, 0x00, 0x00, 0x00, 0x00, 0x00, 0x00, 0x00, 0x00,
    0x00, 0x00, 0x00, 0x00, 0x00, 0x00, 0x00, 0x00, 0x00, 0x00, 0x00, 0x00,
    0x00, 0x00, 0x00, 0x00, 0x00, 0x00, 0x00, 0x00, 0x00, 0x00, 0x00, 0x00,
    0x00, 0x00, 0x00, 0x00, 0x00, 0x00, 0x00, 0x00, 0x00, 0x00, 0x00, 0x00,
    0x00, 0x00, 0x00, 0x00, 0x00, 0x00, 0x00, 0x00, 0x00, 0x00, 0x00, 0x00,
    0x00, 0x00, 0x00, 0x00, 0x00, 0x00, 0x00, 0x00, 0x00, 0x00, 0x00, 0x00,
    0x00, 0x00, 0x00, 0x00, 0x00, 0x00, 0x00, 0x00, 0x00, 0x00, 0x00, 0x00,
    0x00, 0x00, 0x00, 0x00, 0x00, 0x00, 0x00, 0x00, 0x00, 0x00, 0x00, 0x00,
    0x00, 0x00, 0x00, 0x00, 0x00, 0x00, 0x00, 0x00, 0x00, 0x00, 0x00, 0x00,
    0x00, 0x00, 0x00, 0x00, 0x00, 0x00, 0x00, 0x00, 0x00, 0x00, 0x00, 0x00,
    0x00, 0x00, 0x00, 0x00, 0x00, 0x00, 0x00, 0x00, 0x00, 0x00, 0x00, 0x00,
    0x00, 0x00, 0x00, 0x00, 0x00, 0x00, 0x00, 0x00, 0x00, 0x00, 0x00, 0x00,
    0x00, 0x00, 0x00, 0x00, 0x00, 0x00, 0x00, 0x00, 0x00, 0x00, 0x00, 0x00,
    0x00, 0x00, 0x00, 0x00, 0x00, 0x00, 0x00, 0x00, 0x00, 0x00, 0x00, 0x00,
    0x00, 0x00, 0x00, 0x00, 0x00, 0x00, 0x00, 0x00, 0x00, 0x00, 0x00, 0x00,
    0x00, 0x00, 0x00, 0x00, 0x00, 0x00, 0x00, 0x00, 0x00, 0x00, 0x00, 0x00,
    0x00, 0x00, 0x00, 0x00, 0x00, 0x00, 0x00, 0x00, 0x00, 0x00, 0x00, 0x00,
    0x00, 0x00, 0x00, 0x00, 0x00, 0x00, 0x00, 0x00, 0x00, 0x00, 0x00, 0x00,
    0x00, 0x00, 0x00, 0x00, 0x00, 0x00, 0x00, 0x00, 0x00, 0x00, 0x00, 0x00,
    0x00, 0x00, 0x00, 0x00, 0x00, 0x00, 0x00, 0x00, 0x00, 0x00, 0x00, 0x00,
    0x00, 0x00, 0x00, 0x00, 0x00, 0x00, 0x00, 0x00, 0x00, 0x00, 0x00, 0x00,
    0x00, 0x00, 0x00, 0x00, 0x00, 0x00, 0x00, 0x00, 0x00, 0x00, 0x00, 0x00,
    0x00, 0x00, 0x00, 0x00, 0x00, 0x00, 0x00, 0x00, 0x00, 0x00, 0x00, 0x00,
    0x00, 0x00, 0x00, 0x00, 0x00, 0x00, 0x00, 0x00, 0x00, 0x00, 0x00, 0x00,
    0x00, 0x00, 0x00, 0x00, 0x00, 0x00, 0x00, 0x00, 0x00, 0x00, 0x00, 0x00,
    0x00, 0x00, 0x00, 0x00, 0x00, 0x00, 0x00, 0x00, 0x00, 0x00, 0x00, 0x00,
    0x00, 0x00, 0x00, 0x00, 0x00, 0x00, 0x00, 0x00, 0x00, 0x00, 0x00, 0x00,
    0x00, 0x00, 0x00, 0x00, 0x00, 0x00, 0x00, 0x00, 0x00, 0x00, 0x00, 0x00,
    0x00, 0x00, 0x00, 0x00, 0x00, 0x00, 0x00, 0x00, 0x00, 0x00, 0x00, 0x00,
    0x00, 0x00, 0x00, 0x00, 0x00, 0x00, 0x00, 0x00, 0x00, 0x00, 0x00, 0x00,
    0x00, 0x00, 0x00, 0x00, 0x00, 0x00, 0x00, 0x00, 0x00, 0x00, 0x00, 0x00,
    0x00, 0x00, 0x00, 0x00, 0x00, 0x00, 0x00, 0x00, 0x00, 0x00, 0x00, 0x00,
    0x00, 0x00, 0x00, 0x00, 0x00, 0x00, 0x00, 0x00, 0x00, 0x00, 0x00, 0x00,
    0x00, 0x00, 0x00, 0x00, 0x00, 0x00, 0x00, 0x00, 0x00, 0x00, 0x00, 0x00,
    0x00, 0x00, 0x00, 0x00, 0x00, 0x00, 0x00, 0x00, 0x00, 0x00, 0x00, 0x00,
    0x00, 0x00, 0x00, 0x00, 0x00, 0x00, 0x00, 0x00, 0x00, 0x00, 0x00, 0x00,
    0x00, 0x00, 0x00, 0x00, 0x00, 0x00, 0x00, 0x00, 0x00, 0x00, 0x00, 0x00,
    0x00, 0x00, 0x00, 0x00, 0x00, 0x00, 0x00, 0x00, 0x00, 0x00, 0x00, 0x00,
    0x00, 0x00, 0x00, 0x00, 0x00, 0x00, 0x00, 0x00, 0x00, 0x00, 0x00, 0x00,
    0x00, 0x00, 0x00, 0x00, 0x00, 0x00, 0x00, 0x00, 0x00, 0x00, 0x00, 0x00,
    0x00, 0x00, 0x00, 0x00, 0x00, 0x00, 0x00, 0x00, 0x00, 0x00, 0x00, 0x00,
    0x00, 0x00, 0x00, 0x00, 0x00, 0x00, 0x00, 0x00, 0x00, 0x00, 0x00, 0x00,
    0x00, 0x00, 0x00, 0x00, 0x00, 0x00, 0x00, 0x00, 0x00, 0x00, 0x00, 0x00,
    0x00, 0x00, 0x00, 0x00, 0x00, 0x00, 0x00, 0x00, 0x00, 0x00, 0x00, 0x00,
    0x00, 0x00, 0x00, 0x00, 0x00, 0x00, 0x00, 0x00, 0x00, 0x00, 0x00, 0x00,
    0x00, 0x00, 0x00, 0x00, 0x00, 0x00, 0x00, 0x00, 0x00, 0x00, 0x00, 0x00,
    0x00, 0x00, 0x00, 0x00, 0x00, 0x00, 0x00, 0x00, 0x00, 0x00, 0x00, 0x00,
    0x00, 0x00, 0x00, 0x00, 0x00, 0x00, 0x00, 0x00, 0x00, 0x00, 0x00, 0x00,
    0x00, 0x00, 0x00, 0x00, 0x00, 0x00, 0x00, 0x00, 0x00, 0x00, 0x00, 0x00,
    0x00, 0x00, 0x00, 0x00, 0x00, 0x00, 0x00, 0x00, 0x00, 0x00, 0x00, 0x00,
    0x00, 0x00, 0x00, 0x00, 0x00, 0x00, 0x00, 0x00, 0x00, 0x00, 0x00, 0x00,
    0x00, 0x00, 0x00, 0x00, 0x00, 0x00, 0x00, 0x00, 0x00, 0x00, 0x00, 0x00,
    0x00, 0x00, 0x00, 0x00, 0x00, 0x00, 0x00, 0x00, 0x00, 0x00, 0x00, 0x00,
    0x00, 0x00, 0x00, 0x00, 0x00, 0x00, 0x00, 0x00, 0x00, 0x00, 0x00, 0x00,
    0x00, 0x00, 0x00, 0x00, 0x00, 0x00, 0x00, 0x00, 0x00, 0x00, 0x00, 0x00,
    0x00, 0x00, 0x00, 0x00, 0x00, 0x00, 0x00, 0x00, 0x00, 0x00, 0x00, 0x00,
    0x00, 0x00, 0x00, 0x00, 0x00, 0x00, 0x00, 0x00, 0x00, 0x00, 0x00, 0x00,
    0x00, 0x00, 0x00, 0x00, 0x00, 0x00, 0x00, 0x00, 0x00, 0x00, 0x00, 0x00,
    0x00, 0x00, 0x00, 0x00, 0x00, 0x00, 0x00, 0x00, 0x00, 0x00, 0x00, 0x00,
    0x00, 0x00, 0x00, 0x00, 0x00, 0x00, 0x00, 0x00, 0x00, 0x00, 0x00, 0x00,
    0x00, 0x00, 0x00, 0x00, 0x00, 0x00, 0x00, 0x00, 0x00, 0x00, 0x00, 0x00,
    0x00, 0x00, 0x00, 0x00, 0x00, 0x00, 0x00, 0x00, 0x00, 0x00, 0x00, 0x00,
    0x00, 0x00, 0x00, 0x00, 0x00, 0x00, 0x00, 0x00, 0x00, 0x00, 0x00, 0x00,
    0x00, 0x00, 0x00, 0x00, 0x00, 0x00, 0x00, 0x00, 0x00, 0x00, 0x00, 0x00,
    0x00, 0x00, 0x00, 0x00, 0x00, 0x00, 0x00, 0x00, 0x00, 0x00, 0x00, 0x00,
    0x00, 0x00, 0x00, 0x00, 0x00, 0x00, 0x00, 0x00, 0x00, 0x00, 0x00, 0x00,
    0x00, 0x00, 0x00, 0x00, 0x00, 0x00, 0x00, 0x00, 0x00, 0x00, 0x00, 0x00,
    0x00, 0x00, 0x00, 0x00, 0x00, 0x00, 0x00, 0x00, 0x00, 0x00, 0x00, 0x00,
    0x00, 0x00, 0x00, 0x00, 0x00, 0x00, 0x00, 0x00, 0x00, 0x00, 0x00, 0x00,
    0x00, 0x00, 0x00, 0x00, 0x00, 0x00, 0x00, 0x00, 0x00, 0x00, 0x00, 0x00,
    0x00, 0x00, 0x00, 0x00, 0x00, 0x00, 0x00, 0x00, 0x00, 0x00, 0x00, 0x00,
    0x00, 0x00, 0x00, 0x00, 0x00, 0x00, 0x00, 0x00, 0x00, 0x00, 0x00, 0x00,
    0x00, 0x00, 0x00, 0x00, 0x00, 0x00, 0x00, 0x00, 0x00, 0x00, 0x00, 0x00,
    0x00, 0x00, 0x00, 0x00, 0x00, 0x00, 0x00, 0x00, 0x00, 0x00, 0x00, 0x00,
    0x00, 0x00, 0x00, 0x00, 0x00, 0x00, 0x00, 0x00, 0x00, 0x00, 0x00, 0x00,
    0x00, 0x00, 0x00, 0x00, 0x00, 0x00, 0x00, 0x00, 0x00, 0x00, 0x00, 0x00,
    0x00, 0x00, 0x00, 0x00, 0x00, 0x00, 0x00, 0x00, 0x00, 0x00, 0x00, 0x00,
    0x00, 0x00, 0x00, 0x00, 0x00, 0x00, 0x00, 0x00, 0x00, 0x00, 0x00, 0x00,
    0x00, 0x00, 0x00, 0x00, 0x00, 0x00, 0x00, 0x00, 0x00, 0x00, 0x00, 0x00,
    0x00, 0x00, 0x00, 0x00, 0x00, 0x00, 0x00, 0x00, 0x00, 0x00, 0x00, 0x00,
    0x00, 0x00, 0x00, 0x00, 0x00, 0x00, 0x00, 0x00, 0x00, 0x00, 0x00, 0x00,
    0x00, 0x00, 0x00, 0x00, 0x00, 0x00, 0x00, 0x00, 0x00, 0x00, 0x00, 0x00,
    0x00, 0x00, 0x00, 0x00, 0x00, 0x00, 0x00, 0x00, 0x00, 0x00, 0x00, 0x00,
    0x00, 0x00, 0x00, 0x00, 0x00, 0x00, 0x00, 0x00, 0x00, 0x00, 0x00, 0x00,
    0x00, 0x00, 0x00, 0x00, 0x00, 0x00, 0x00, 0x00, 0x00, 0x00, 0x00, 0x00,
    0x00, 0x00, 0x00, 0x00, 0x00, 0x00, 0x00, 0x00, 0x00, 0x00, 0x00, 0x00,
    0x00, 0x00, 0x00, 0x00, 0x00, 0x00, 0x00, 0x00, 0x00, 0x00, 0x00, 0x00,
    0x00, 0x00, 0x00, 0x00, 0x00, 0x00, 0x00, 0x00, 0x00, 0x00, 0x00, 0x00,
    0x00, 0x00, 0x00, 0x00, 0x00, 0x00, 0x00, 0x00, 0x00, 0x00, 0x00, 0x00,
    0x00, 0x00, 0x00, 0x00, 0x00, 0x00, 0x00, 0x00, 0x00, 0x00, 0x00, 0x00,
    0x00, 0x00, 0x00, 0x00, 0x00, 0x00, 0x00, 0x00, 0x00, 0x00, 0x00, 0x00,
    0x00, 0x00, 0x00, 0x00, 0x00, 0x00, 0x00, 0x00, 0x00, 0x00, 0x00, 0x00,
    0x00, 0x00, 0x00, 0x00, 0x00, 0x00, 0x00, 0x00, 0x00, 0x00, 0x00, 0x00,
    0x00, 0x00, 0x00, 0x00, 0x00, 0x00, 0x00, 0x00, 0x00, 0x00, 0x00, 0x00,
    0x00, 0x00, 0x00, 0x00, 0x00, 0x00, 0x00, 0x00, 0x00, 0x00, 0x00, 0x00,
    0x00, 0x00, 0x00, 0x00, 0x00, 0x00, 0x00, 0x00, 0x00, 0x00, 0x00, 0x00,
    0x00, 0x00, 0x00, 0x00, 0x00, 0x00, 0x00, 0x00, 0x00, 0x00, 0x00, 0x00,
    0x00, 0x00, 0x00, 0x00, 0x00, 0x00, 0x00, 0x00, 0x00, 0x00, 0x00, 0x00,
    0x00, 0x00, 0x00, 0x00, 0x00, 0x00, 0x00, 0x00, 0x00, 0x00, 0x00, 0x00,
    0x00, 0x00, 0x00, 0x00, 0x00, 0x00, 0x00, 0x00, 0x00, 0x00, 0x00, 0x00,
    0x00, 0x00, 0x00, 0x00, 0x00, 0x00, 0x00, 0x00, 0x00, 0x00, 0x00, 0x00,
    0x00, 0x00, 0x00, 0x00, 0x00, 0x00, 0x00, 0x00, 0x00, 0x00, 0x00, 0x00,
    0x00, 0x00, 0x00, 0x00, 0x00, 0x00, 0x00, 0x00, 0x00, 0x00, 0x00, 0x00,
    0x00, 0x00, 0x00, 0x00, 0x00, 0x00, 0x00, 0x00, 0x00, 0x00, 0x00, 0x00,
    0x00, 0x00, 0x00, 0x00, 0x00, 0x00, 0x00, 0x00, 0x00, 0x00, 0x00, 0x00,
    0x00, 0x00, 0x00, 0x00, 0x00, 0x00, 0x00, 0x00, 0x00, 0x00, 0x00, 0x00,
    0x00, 0x00, 0x00, 0x00, 0x00, 0x00, 0x00, 0x00, 0x00, 0x00, 0x00, 0x00,
    0x00, 0x00, 0x00, 0x00, 0x00, 0x00, 0x00, 0x00, 0x00, 0x00, 0x00, 0x00,
    0x00, 0x00, 0x00, 0x00, 0x00, 0x00, 0x00, 0x00, 0x00, 0x00, 0x00, 0x00,
    0x00, 0x00, 0x00, 0x00, 0x00, 0x00, 0x00, 0x00, 0x00, 0x00, 0x00, 0x00,
    0x00, 0x00, 0x00, 0x00, 0x00, 0x00, 0x00, 0x00, 0x00, 0x00, 0x00, 0x00,
    0x00, 0x00, 0x00, 0x00, 0x00, 0x00, 0x00, 0x00, 0x00, 0x00, 0x00, 0x00,
    0x00, 0x00, 0x00, 0x00, 0x00, 0x00, 0x00, 0x00, 0x00, 0x00, 0x00, 0x00,
    0x00, 0x00, 0x00, 0x00, 0x00, 0x00, 0x00, 0x00, 0x00, 0x00, 0x00, 0x00,
    0x00, 0x00, 0x00, 0x00, 0x00, 0x00, 0x00, 0x00, 0x00, 0x00, 0x00, 0x00,
    0x00, 0x00, 0x00, 0x00, 0x00, 0x00, 0x00, 0x00, 0x00, 0x00, 0x00, 0x00,
    0x00, 0x00, 0x00, 0x00, 0x00, 0x00, 0x00, 0x00, 0x00, 0x00, 0x00, 0x00,
    0x00, 0x00, 0x00, 0x00, 0x00, 0x00, 0x00, 0x00, 0x00, 0x00, 0x00, 0x00,
    0x00, 0x00, 0x00, 0x00, 0x00, 0x00, 0x00, 0x00, 0x00, 0x00, 0x00, 0x00,
    0x00, 0x00, 0x00, 0x00, 0x00, 0x00, 0x00, 0x00, 0x00, 0x00, 0x00, 0x00,
    0x00, 0x00, 0x00, 0x00, 0x00, 0x00, 0x00, 0x00, 0x00, 0x00, 0x00, 0x00,
    0x00, 0x00, 0x00, 0x00, 0x00, 0x00, 0x00, 0x00, 0x00, 0x00, 0x00, 0x00,
    0x00, 0x00, 0x00, 0x00, 0x00, 0x00, 0x00, 0x00, 0x00, 0x00, 0x00, 0x00,
    0x00, 0x00, 0x00, 0x00, 0x00, 0x00, 0x00, 0x00, 0x00, 0x00, 0x00, 0x00,
    0x00, 0x00, 0x00, 0x00, 0x00, 0x00, 0x00, 0x00, 0x00, 0x00, 0x00, 0x00,
    0x00, 0x00, 0x00, 0x00, 0x00, 0x00, 0x00, 0x00, 0x00, 0x00, 0x00, 0x00,
    0x00, 0x00, 0x00, 0x00, 0x00, 0x00, 0x00, 0x00, 0x00, 0x00, 0x00, 0x00,
    0x00, 0x00, 0x00, 0x00, 0x00, 0x00, 0x00, 0x00, 0x00, 0x00, 0x00, 0x00,
    0x00, 0x00, 0x00, 0x00, 0x00, 0x00, 0x00, 0x00, 0x00, 0x00, 0x00, 0x00,
    0x00, 0x00, 0x00, 0x00, 0x00, 0x00, 0x00, 0x00, 0x00, 0x00, 0x00, 0x00,
    0x00, 0x00, 0x00, 0x00, 0x00, 0x00, 0x00, 0x00, 0x00, 0x00, 0x00, 0x00,
    0x00, 0x00, 0x00, 0x00, 0x00, 0x00, 0x00, 0x00, 0x00, 0x00, 0x00, 0x00,
    0x00, 0x00, 0x00, 0x00, 0x00, 0x00, 0x00, 0x00, 0x00, 0x00, 0x00, 0x00,
    0x00, 0x00, 0x00, 0x00, 0x00, 0x00, 0x00, 0x00, 0x00, 0x00, 0x00, 0x00,
    0x00, 0x00, 0x00, 0x00, 0x00, 0x00, 0x00, 0x00, 0x00, 0x00, 0x00, 0x00,
    0x00, 0x00, 0x00, 0x00, 0x00, 0x00, 0x00, 0x00, 0x00, 0x00, 0x00, 0x00,
    0x00, 0x00, 0x00, 0x00, 0x00, 0x00, 0x00, 0x00, 0x00, 0x00, 0x00, 0x00,
    0x00, 0x00, 0x00, 0x00, 0x00, 0x00, 0x00, 0x00, 0x00, 0x00, 0x00, 0x00,
    0x00, 0x00, 0x00, 0x00, 0x00, 0x00, 0x00, 0x00, 0x00, 0x00, 0x00, 0x00,
    0x00, 0x00, 0x00, 0x00, 0x00, 0x00, 0x00, 0x00, 0x00, 0x00, 0x00, 0x00,
    0x00, 0x00, 0x00, 0x00, 0x00, 0x00, 0x00, 0x00, 0x00, 0x00, 0x00, 0x00,
    0x00, 0x00, 0x00, 0x00, 0x00, 0x00, 0x00, 0x00, 0x00, 0x00, 0x00, 0x00,
    0x00, 0x00, 0x00, 0x00, 0x00, 0x00, 0x00, 0x00, 0x00, 0x00, 0x00, 0x00,
    0x00, 0x00, 0x00, 0x00, 0x00, 0x00, 0x00, 0x00, 0x00, 0x00, 0x00, 0x00,
    0x00, 0x00, 0x00, 0x00, 0x00, 0x00, 0x00, 0x00, 0x00, 0x00, 0x00, 0x00,
    0x00, 0x00, 0x00, 0x00, 0x00, 0x00, 0x00, 0x00, 0x00, 0x00, 0x00, 0x00,
    0x00, 0x00, 0x00, 0x00, 0x00, 0x00, 0x00, 0x00, 0x00, 0x00, 0x00, 0x00,
    0x00, 0x00, 0x00, 0x00, 0x00, 0x00, 0x00, 0x00, 0x00, 0x00, 0x00, 0x00,
    0x00, 0x00, 0x00, 0x00, 0x00, 0x00, 0x00, 0x00, 0x00, 0x00, 0x00, 0x00,
    0x00, 0x00, 0x00, 0x00, 0x00, 0x00, 0x00, 0x00, 0x00, 0x00, 0x00, 0x00,
    0x00, 0x00, 0x00, 0x00, 0x00, 0x00, 0x00, 0x00, 0x00, 0x00, 0x00, 0x00,
    0x00, 0x00, 0x00, 0x00, 0x00, 0x00, 0x00, 0x00, 0x00, 0x00, 0x00, 0x00,
    0x00, 0x00, 0x00, 0x00, 0x00, 0x00, 0x00, 0x00, 0x00, 0x00, 0x00, 0x00,
    0x00, 0x00, 0x00, 0x00, 0x00, 0x00, 0x00, 0x00, 0x00, 0x00, 0x00, 0x00,
    0x00, 0x00, 0x00, 0x00, 0x00, 0x00, 0x00, 0x00, 0x00, 0x00, 0x00, 0x00,
    0x00, 0x00, 0x00, 0x00, 0x00, 0x00, 0x00, 0x00, 0x00, 0x00, 0x00, 0x00,
    0x00, 0x00, 0x00, 0x00, 0x00, 0x00, 0x00, 0x00, 0x00, 0x00, 0x00, 0x00,
    0x00, 0x00, 0x00, 0x00, 0x00, 0x00, 0x00, 0x00, 0x00, 0x00, 0x00, 0x00,
    0x00, 0x00, 0x00, 0x00, 0x00, 0x00, 0x00, 0x00, 0x00, 0x00, 0x00, 0x00,
    0x00, 0x00, 0x00, 0x00, 0x00, 0x00, 0x00, 0x00, 0x00, 0x00, 0x00, 0x00,
    0x00, 0x00, 0x00, 0x00, 0x00, 0x00, 0x00, 0x00, 0x00, 0x00, 0x00, 0x00,
    0x00, 0x00, 0x00, 0x00, 0x00, 0x00, 0x00, 0x00, 0x00, 0x00, 0x00, 0x00,
    0x00, 0x00, 0x00, 0x00, 0x00, 0x00, 0x00, 0x00, 0x00, 0x00, 0x00, 0x00,
    0x00, 0x00, 0x00, 0x00, 0x00, 0x00, 0x00, 0x00, 0x00, 0x00, 0x00, 0x00,
    0x00, 0x00, 0x00, 0x00, 0x00, 0x00, 0x00, 0x00, 0x00, 0x00, 0x00, 0x00,
    0x00, 0x00, 0x00, 0x00, 0x00, 0x00, 0x00, 0x00, 0x00, 0x00, 0x00, 0x00,
    0x00, 0x00, 0x00, 0x00, 0x00, 0x00, 0x00, 0x00, 0x00, 0x00, 0x00, 0x00,
    0x00, 0x00, 0x00, 0x00, 0x00, 0x00, 0x00, 0x00, 0x00, 0x00, 0x00, 0x00,
    0x00, 0x00, 0x00, 0x00, 0x00, 0x00, 0x00, 0x00, 0x00, 0x00, 0x00, 0x00,
    0x00, 0x00, 0x00, 0x00, 0x00, 0x00, 0x00, 0x00, 0x00, 0x00, 0x00, 0x00,
    0x00, 0x00, 0x00, 0x00, 0x00, 0x00, 0x00, 0x00, 0x00, 0x00, 0x00, 0x00,
    0x00, 0x00, 0x00, 0x00, 0x00, 0x00, 0x00, 0x00, 0x00, 0x00, 0x00, 0x00,
    0x00, 0x00, 0x00, 0x00, 0x00, 0x00, 0x00, 0x00, 0x00, 0x00, 0x00, 0x00,
    0x00, 0x00, 0x00, 0x00, 0x00, 0x00, 0x00, 0x00, 0x00, 0x00, 0x00, 0x00,
    0x00, 0x00, 0x00, 0x00, 0x00, 0x00, 0x00, 0x00, 0x00, 0x00, 0x00, 0x00,
    0x00, 0x00, 0x00, 0x00, 0x00, 0x00, 0x00, 0x00, 0x00, 0x00, 0x00, 0x00,
    0x00, 0x00, 0x00, 0x00, 0x00, 0x00, 0x00, 0x00, 0x00, 0x00, 0x00, 0x00,
    0x00, 0x00, 0x00, 0x00, 0x00, 0x00, 0x00, 0x00, 0x00, 0x00, 0x00, 0x00,
    0x00, 0x00, 0x00, 0x00, 0x00, 0x00, 0x00, 0x00, 0x00, 0x00, 0x00, 0x00,
    0x00, 0x00, 0x00, 0x00, 0x00, 0x00, 0x00, 0x00, 0x00, 0x00, 0x00, 0x00,
    0x00, 0x00, 0x00, 0x00, 0x00, 0x00, 0x00, 0x00, 0x00, 0x00, 0x00, 0x00,
    0x00, 0x00, 0x00, 0x00, 0x00, 0x00, 0x00, 0x00, 0x00, 0x00, 0x00, 0x00,
    0x00, 0x00, 0x00, 0x00, 0x00, 0x00, 0x00, 0x00, 0x00, 0x00, 0x00, 0x00,
    0x00, 0x00, 0x00, 0x00, 0x00, 0x00, 0x00, 0x00, 0x00, 0x00, 0x00, 0x00,
    0x00, 0x00, 0x00, 0x00, 0x00, 0x00, 0x00, 0x00, 0x00, 0x00, 0x00, 0x00,
    0x00, 0x00, 0x00, 0x00, 0x00, 0x00, 0x00, 0x00, 0x00, 0x00, 0x00, 0x00,
    0x00, 0x00, 0x00, 0x00, 0x00, 0x00, 0x00, 0x00, 0x00, 0x00, 0x00, 0x00,
    0x00, 0x00, 0x00, 0x00, 0x00, 0x00, 0x00, 0x00, 0x00, 0x00, 0x00, 0x00,
    0x00, 0x00, 0x00, 0x00, 0x00, 0x00, 0x00, 0x00, 0x00, 0x00, 0x00, 0x00,
    0x00, 0x00, 0x00, 0x00, 0x00, 0x00, 0x00, 0x00, 0x00, 0x00, 0x00, 0x00,
    0x00, 0x00, 0x00, 0x00, 0x00, 0x00, 0x00, 0x00, 0x00, 0x00, 0x00, 0x00,
    0x00, 0x00, 0x00, 0x00, 0x00, 0x00, 0x00, 0x00, 0x00, 0x00, 0x00, 0x00,
    0x00, 0x00, 0x00, 0x00, 0x00, 0x00, 0x00, 0x00, 0x00, 0x00, 0x00, 0x00,
    0x00, 0x00, 0x00, 0x00, 0x00, 0x00, 0x00, 0x00, 0x00, 0x00, 0x00, 0x00,
    0x00, 0x00, 0x00, 0x00, 0x00, 0x00, 0x00, 0x00, 0x00, 0x00, 0x00, 0x00,
    0x00, 0x00, 0x00, 0x00, 0x00, 0x00, 0x00, 0x00, 0x00, 0x00, 0x00, 0x00,
    0x00, 0x00, 0x00, 0x00, 0x00, 0x00, 0x00, 0x00, 0x00, 0x00, 0x00, 0x00,
    0x00, 0x00, 0x00, 0x00, 0x00, 0x00, 0x00, 0x00, 0x00, 0x00, 0x00, 0x00,
    0x00, 0x00, 0x00, 0x00, 0x00, 0x00, 0x00, 0x00, 0x00, 0x00, 0x00, 0x00,
    0x00, 0x00, 0x00, 0x00, 0x00, 0x00, 0x00, 0x00, 0x00, 0x00, 0x00, 0x00,
    0x00, 0x00, 0x00, 0x00, 0x00, 0x00, 0x00, 0x00, 0x00, 0x00, 0x00, 0x00,
    0x00, 0x00, 0x00, 0x00, 0x00, 0x00, 0x00, 0x00, 0x00, 0x00, 0x00, 0x00,
    0x00, 0x00, 0x00, 0x00, 0x00, 0x00, 0x00, 0x00, 0x00, 0x00, 0x00, 0x00,
    0x00, 0x00, 0x00, 0x00, 0x00, 0x00, 0x00, 0x00, 0x00, 0x00, 0x00, 0x00,
    0x00, 0x00, 0x00, 0x00, 0x00, 0x00, 0x00, 0x00, 0x00, 0x00, 0x00, 0x00,
    0x00, 0x00, 0x00, 0x00, 0x00, 0x00, 0x00, 0x00, 0x00, 0x00, 0x00, 0x00,
    0x00, 0x00, 0x00, 0x00, 0x00, 0x00, 0x00, 0x00, 0x00, 0x00, 0x00, 0x00,
    0x00, 0x00, 0x00, 0x00, 0x00, 0x00, 0x00, 0x00, 0x00, 0x00, 0x00, 0x00,
    0x00, 0x00, 0x00, 0x00, 0x00, 0x00, 0x00, 0x00, 0x00, 0x00, 0x00, 0x00,
    0x00, 0x00, 0x00, 0x00, 0x00, 0x00, 0x00, 0x00, 0x00, 0x00, 0x00, 0x00,
    0x00, 0x00, 0x00, 0x00, 0x00, 0x00, 0x00, 0x00, 0x00, 0x00, 0x00, 0x00,
    0x00, 0x00, 0x00, 0x00, 0x00, 0x00, 0x00, 0x00, 0x00, 0x00, 0x00, 0x00,
    0x00, 0x00, 0x00, 0x00, 0x00, 0x00, 0x00, 0x00, 0x00, 0x00, 0x00, 0x00,
    0x00, 0x00, 0x00, 0x00, 0x00, 0x00, 0x00, 0x00, 0x00, 0x00, 0x00, 0x00,
    0x00, 0x00, 0x00, 0x00, 0x00, 0x00, 0x00, 0x00, 0x00, 0x00, 0x00, 0x00,
    0x00, 0x00, 0x00, 0x00, 0x00, 0x00, 0x00, 0x00, 0x00, 0x00, 0x00, 0x00,
    0x00, 0x00, 0x00, 0x00, 0x00, 0x00, 0x00, 0x00, 0x00, 0x00, 0x00, 0x00,
    0x00, 0x00, 0x00, 0x00, 0x00, 0x00, 0x00, 0x00, 0x00, 0x00, 0x00, 0x00,
    0x00, 0x00, 0x00, 0x00, 0x00, 0x00, 0x00, 0x00, 0x00, 0x00, 0x00, 0x00,
    0x00, 0x00, 0x00, 0x00, 0x00, 0x00, 0x00, 0x00, 0x00, 0x00, 0x00, 0x00,
    0x00, 0x00, 0x00, 0x00, 0x00, 0x00, 0x00, 0x00, 0x00, 0x00, 0x00, 0x00,
    0x00, 0x00, 0x00, 0x00, 0x00, 0x00, 0x00, 0x00, 0x00, 0x00, 0x00, 0x00,
    0x00, 0x00, 0x00, 0x00, 0x00, 0x00, 0x00, 0x00, 0x00, 0x00, 0x00, 0x00,
    0x00, 0x00, 0x00, 0x00, 0x00, 0x00, 0x00, 0x00, 0x00, 0x00, 0x00, 0x00,
    0x00, 0x00, 0x00, 0x00, 0x00, 0x00, 0x00, 0x00, 0x00, 0x00, 0x00, 0x00,
    0x00, 0x00, 0x00, 0x00, 0x00, 0x00, 0x00, 0x00, 0x00, 0x00, 0x00, 0x00,
    0x00, 0x00, 0x00, 0x00, 0x00, 0x00, 0x00, 0x00, 0x00, 0x00, 0x00, 0x00,
    0x00, 0x00, 0x00, 0x00, 0x00, 0x00, 0x00, 0x00, 0x00, 0x00, 0x00, 0x00,
    0x00, 0x00, 0x00, 0x00, 0x00, 0x00, 0x00, 0x00, 0x00, 0x00, 0x00, 0x00,
    0x00, 0x00, 0x00, 0x00, 0x00, 0x00, 0x00, 0x00, 0x00, 0x00, 0x00, 0x00,
    0x00, 0x00, 0x00, 0x00, 0x00, 0x00, 0x00, 0x00, 0x00, 0x00, 0x00, 0x00,
    0x00, 0x00, 0x00, 0x00, 0x00, 0x00, 0x00, 0x00, 0x00, 0x00, 0x00, 0x00,
    0x00, 0x00, 0x00, 0x00, 0x00, 0x00, 0x00, 0x00, 0x00, 0x00, 0x00, 0x00,
    0x00, 0x00, 0x00, 0x00, 0x00, 0x00, 0x00, 0x00, 0x00, 0x00, 0x00, 0x00,
    0x00, 0x00, 0x00, 0x00, 0x00, 0x00, 0x00, 0x00, 0x00, 0x00, 0x00, 0x00,
    0x00, 0x00, 0x00, 0x00, 0x00, 0x00, 0x00, 0x00, 0x00, 0x00, 0x00, 0x00,
    0x00, 0x00, 0x00, 0x00, 0x00, 0x00, 0x00, 0x00, 0x00, 0x00, 0x00, 0x00,
    0x00, 0x00, 0x00, 0x00, 0x00, 0x00, 0x00, 0x00, 0x00, 0x00, 0x00, 0x00,
    0x00, 0x00, 0x00, 0x00, 0x00, 0x00, 0x00, 0x00, 0x00, 0x00, 0x00, 0x00,
    0x00, 0x00, 0x00, 0x00, 0x00, 0x00, 0x00, 0x00, 0x00, 0x00, 0x00, 0x00,
    0x00, 0x00, 0x00, 0x00, 0x00, 0x00, 0x00, 0x00, 0x00, 0x00, 0x00, 0x00,
    0x00, 0x00, 0x00, 0x00, 0x00, 0x00, 0x00, 0x00, 0x00, 0x00, 0x00, 0x00,
    0x00, 0x00, 0x00, 0x00, 0x00, 0x00, 0x00, 0x00, 0x00, 0x00, 0x00, 0x00,
    0x00, 0x00, 0x00, 0x00, 0x00, 0x00, 0x00, 0x00, 0x00, 0x00, 0x00, 0x00,
    0x00, 0x00, 0x00, 0x00, 0x00, 0x00, 0x00, 0x00, 0x00, 0x00, 0x00, 0x00,
    0x00, 0x00, 0x00, 0x00, 0x00, 0x00, 0x00, 0x00, 0x00, 0x00, 0x00, 0x00,
    0x00, 0x00, 0x00, 0x00, 0x00, 0x00, 0x00, 0x00, 0x00, 0x00, 0x00, 0x00,
    0x00, 0x00, 0x00, 0x00, 0x00, 0x00, 0x00, 0x00, 0x00, 0x00, 0x00, 0x00,
    0x00, 0x00, 0x00, 0x00, 0x00, 0x00, 0x00, 0x00, 0x00, 0x00, 0x00, 0x00,
    0x00, 0x00, 0x00, 0x00, 0x00, 0x00, 0x00, 0x00, 0x00, 0x00, 0x00, 0x00,
    0x00, 0x00, 0x00, 0x00, 0x00, 0x00, 0x00, 0x00, 0x00, 0x00, 0x00, 0x00,
    0x00, 0x00, 0x00, 0x00, 0x00, 0x00, 0x00, 0x00, 0x00, 0x00, 0x00, 0x00,
    0x00, 0x00, 0x00, 0x00, 0x00, 0x00, 0x00, 0x00, 0x00, 0x00, 0x00, 0x00,
    0x00, 0x00, 0x00, 0x00, 0x00, 0x00, 0x00, 0x00, 0x00, 0x00, 0x00, 0x00,
    0x00, 0x00, 0x00, 0x00, 0x00, 0x00, 0x00, 0x00, 0x00, 0x00, 0x00, 0x00,
    0x00, 0x00, 0x00, 0x00, 0x00, 0x00, 0x00, 0x00, 0x00, 0x00, 0x00, 0x00,
    0x00, 0x00, 0x00, 0x00, 0x00, 0x00, 0x00, 0x00, 0x00, 0x00, 0x00, 0x00,
    0x00, 0x00, 0x00, 0x00, 0x00, 0x00, 0x00, 0x00, 0x00, 0x00, 0x00, 0x00,
    0x00, 0x00, 0x00, 0x00, 0x00, 0x00, 0x00, 0x00, 0x00, 0x00, 0x00, 0x00,
    0x00, 0x00, 0x00, 0x00, 0x00, 0x00, 0x00, 0x00, 0x00, 0x00, 0x00, 0x00,
    0x00, 0x00, 0x00, 0x00, 0x00, 0x00, 0x00, 0x00, 0x00, 0x00, 0x00, 0x00,
    0x00, 0x00, 0x00, 0x00, 0x00, 0x00, 0x00, 0x00, 0x00, 0x00, 0x00, 0x00,
    0x00, 0x00, 0x00, 0x00, 0x00, 0x00, 0x00, 0x00, 0x00, 0x00, 0x00, 0x00,
    0x00, 0x00, 0x00, 0x00, 0x00, 0x00, 0x00, 0x00, 0x00, 0x00, 0x00, 0x00,
    0x00, 0x00, 0x00, 0x00, 0x00, 0x00, 0x00, 0x00, 0x00, 0x00, 0x00, 0x00,
    0x00, 0x00, 0x00, 0x00, 0x00, 0x00, 0x00, 0x00, 0x00, 0x00, 0x00, 0x00,
    0x00, 0x00, 0x00, 0x00, 0x00, 0x00, 0x00, 0x00, 0x00, 0x00, 0x00, 0x00,
    0x00, 0x00, 0x00, 0x00, 0x00, 0x00, 0x00, 0x00, 0x00, 0x00, 0x00, 0x00,
    0x00, 0x00, 0x00, 0x00, 0x00, 0x00, 0x00, 0x00, 0x00, 0x00, 0x00, 0x00,
    0x00, 0x00, 0x00, 0x00, 0x00, 0x00, 0x00, 0x00, 0x00, 0x00, 0x00, 0x00,
    0x00, 0x00, 0x00, 0x00, 0x00, 0x00, 0x00, 0x00, 0x00, 0x00, 0x00, 0x00,
    0x00, 0x00, 0x00, 0x00, 0x00, 0x00, 0x00, 0x00, 0x00, 0x00, 0x00, 0x00,
    0x00, 0x00, 0x00, 0x00, 0x00, 0x00, 0x00, 0x00, 0x00, 0x00, 0x00, 0x00,
    0x00, 0x00, 0x00, 0x00, 0x00, 0x00, 0x00, 0x00, 0x00, 0x00, 0x00, 0x00,
    0x00, 0x00, 0x00, 0x00, 0x00, 0x00, 0x00, 0x00, 0x00, 0x00, 0x00, 0x00,
    0x00, 0x00, 0x00, 0x00, 0x00, 0x00, 0x00, 0x00, 0x00, 0x00, 0x00, 0x00,
    0x00, 0x00, 0x00, 0x00, 0x00, 0x00, 0x00, 0x00, 0x00, 0x00, 0x00, 0x00,
    0x00, 0x00, 0x00, 0x00, 0x00, 0x00, 0x00, 0x00, 0x00, 0x00, 0x00, 0x00,
    0x00, 0x00, 0x00, 0x00, 0x00, 0x00, 0x00, 0x00, 0x00, 0x00, 0x00, 0x00,
    0x00, 0x00, 0x00, 0x00, 0x00, 0x00, 0x00, 0x00, 0x00, 0x00, 0x00, 0x00,
    0x00, 0x00, 0x00, 0x00, 0x00, 0x00, 0x00, 0x00, 0x00, 0x00, 0x00, 0x00,
    0x00, 0x00, 0x00, 0x00, 0x00, 0x00, 0x00, 0x00, 0x00, 0x00, 0x00, 0x00,
    0x00, 0x00, 0x00, 0x00, 0x00, 0x00, 0x00, 0x00, 0x00, 0x00, 0x00, 0x00,
    0x00, 0x00, 0x00, 0x00, 0x00, 0x00, 0x00, 0x00, 0x00, 0x00, 0x00, 0x00,
    0x00, 0x00, 0x00, 0x00, 0x00, 0x00, 0x00, 0x00, 0x00, 0x00, 0x00, 0x00,
    0x00, 0x00, 0x00, 0x00, 0x00, 0x00, 0x00, 0x00, 0x00, 0x00, 0x00, 0x00,
    0x00, 0x00, 0x00, 0x00, 0x00, 0x00, 0x00, 0x00, 0x00, 0x00, 0x00, 0x00,
    0x00, 0x00, 0x00, 0x00, 0x00, 0x00, 0x00, 0x00, 0x00, 0x00, 0x00, 0x00,
    0x00, 0x00, 0x00, 0x00, 0x00, 0x00, 0x00, 0x00, 0x00, 0x00, 0x00, 0x00,
    0x00, 0x00, 0x00, 0x00, 0x00, 0x00, 0x00, 0x00, 0x00, 0x00, 0x00, 0x00,
    0x00, 0x00, 0x00, 0x00, 0x00, 0x00, 0x00, 0x00, 0x00, 0x00, 0x00, 0x00,
    0x00, 0x00, 0x00, 0x00, 0x00, 0x00, 0x00, 0x00, 0x00, 0x00, 0x00, 0x00,
    0x00, 0x00, 0x00, 0x00, 0x00, 0x00, 0x00, 0x00, 0x00, 0x00, 0x00, 0x00,
    0x00, 0x00, 0x00, 0x00, 0x00, 0x00, 0x00, 0x00, 0x00, 0x00, 0x00, 0x00,
    0x00, 0x00, 0x00, 0x00, 0x00, 0x00, 0x00, 0x00, 0x00, 0x00, 0x00, 0x00,
    0x00, 0x00, 0x00, 0x00, 0x00, 0x00, 0x00, 0x00, 0x00, 0x00, 0x00, 0x00,
    0x00, 0x00, 0x00, 0x00, 0x00, 0x00, 0x00, 0x00, 0x00, 0x00, 0x00, 0x00,
    0x00, 0x00, 0x00, 0x00, 0x00, 0x00, 0x00, 0x00, 0x00, 0x00, 0x00, 0x00,
    0x00, 0x00, 0x00, 0x00, 0x00, 0x00, 0x00, 0x00, 0x00, 0x00, 0x00, 0x00,
    0x00, 0x00, 0x00, 0x00, 0x00, 0x00, 0x00, 0x00, 0x00, 0x00, 0x00, 0x00,
    0x00, 0x00, 0x00, 0x00, 0x00, 0x00, 0x00, 0x00, 0x00, 0x00, 0x00, 0x00,
    0x00, 0x00, 0x00, 0x00, 0x00, 0x00, 0x00, 0x00, 0x00, 0x00, 0x00, 0x00,
    0x00, 0x00, 0x00, 0x00, 0x00, 0x00, 0x00, 0x00, 0x00, 0x00, 0x00, 0x00,
    0x00, 0x00, 0x00, 0x00, 0x00, 0x00, 0x00, 0x00, 0x00, 0x00, 0x00, 0x00,
    0x00, 0x00, 0x00, 0x00, 0x00, 0x00, 0x00, 0x00, 0x00, 0x00, 0x00, 0x00,
    0x00, 0x00, 0x00, 0x00, 0x00, 0x00, 0x00, 0x00, 0x00, 0x00, 0x00, 0x00,
    0x00, 0x00, 0x00, 0x00, 0x00, 0x00, 0x00, 0x00, 0x00, 0x00, 0x00, 0x00,
    0x00, 0x00, 0x00, 0x00, 0x00, 0x00, 0x00, 0x00, 0x00, 0x00, 0x00, 0x00,
    0x00, 0x00, 0x00, 0x00, 0x00, 0x00, 0x00, 0x00, 0x00, 0x00, 0x00, 0x00,
    0x00, 0x00, 0x00, 0x00, 0x00, 0x00, 0x00, 0x00, 0x00, 0x00, 0x00, 0x00,
    0x00, 0x00, 0x00, 0x00, 0x00, 0x00, 0x00, 0x00, 0x00, 0x00, 0x00, 0x00,
    0x00, 0x00, 0x00, 0x00, 0x00, 0x00, 0x00, 0x00, 0x00, 0x00, 0x00, 0x00,
    0x00, 0x00, 0x00, 0x00, 0x00, 0x00, 0x00, 0x00, 0x00, 0x00, 0x00, 0x00,
    0x00, 0x00, 0x00, 0x00, 0x00, 0x00, 0x00, 0x00, 0x00, 0x00, 0x00, 0x00,
    0x00, 0x00, 0x00, 0x00, 0x00, 0x00, 0x00, 0x00, 0x00, 0x00, 0x00, 0x00,
    0x00, 0x00, 0x00, 0x00, 0x00, 0x00, 0x00, 0x00, 0x00, 0x00, 0x00, 0x00,
    0x00, 0x00, 0x00, 0x00, 0x00, 0x00, 0x00, 0x00, 0x00, 0x00, 0x00, 0x00,
    0x00, 0x00, 0x00, 0x00, 0x00, 0x00, 0x00, 0x00, 0x00, 0x00, 0x00, 0x00,
    0x00, 0x00, 0x00, 0x00, 0x00, 0x00, 0x00, 0x00, 0x00, 0x00, 0x00, 0x00,
    0x00, 0x00, 0x00, 0x00, 0x00, 0x00, 0x00, 0x00, 0x00, 0x00, 0x00, 0x00,
    0x00, 0x00, 0x00, 0x00, 0x00, 0x00, 0x00, 0x00, 0x00, 0x00, 0x00, 0x00,
    0x00, 0x00, 0x00, 0x00, 0x00, 0x00, 0x00, 0x00, 0x00, 0x00, 0x00, 0x00,
    0x00, 0x00, 0x00, 0x00, 0x00, 0x00, 0x00, 0x00, 0x00, 0x00, 0x00, 0x00,
    0x00, 0x00, 0x00, 0x00, 0x00, 0x00, 0x00, 0x00, 0x00, 0x00, 0x00, 0x00,
    0x00, 0x00, 0x00, 0x00, 0x00, 0x00, 0x00, 0x00, 0x00, 0x00, 0x00, 0x00,
    0x00, 0x00, 0x00, 0x00, 0x00, 0x00, 0x00, 0x00, 0x00, 0x00, 0x00, 0x00,
    0x00, 0x00, 0x00, 0x00, 0x00, 0x00, 0x00, 0x00, 0x00, 0x00, 0x00, 0x00,
    0x00, 0x00, 0x00, 0x00, 0x00, 0x00, 0x00, 0x00, 0x00, 0x00, 0x00, 0x00,
    0x00, 0x00, 0x00, 0x00, 0x00, 0x00, 0x00, 0x00, 0x00, 0x00, 0x00, 0x00,
    0x00, 0x00, 0x00, 0x00, 0x00, 0x00, 0x00, 0x00, 0x00, 0x00, 0x00, 0x00,
    0x00, 0x00, 0x00, 0x00, 0x00, 0x00, 0x00, 0x00, 0x00, 0x00, 0x00, 0x00,
    0x00, 0x00, 0x00, 0x00, 0x00, 0x00, 0x00, 0x00, 0x00, 0x00, 0x00, 0x00,
    0x00, 0x00, 0x00, 0x00, 0x00, 0x00, 0x00, 0x00, 0x00, 0x00, 0x00, 0x00,
    0x00, 0x00, 0x00, 0x00, 0x00, 0x00, 0x00, 0x00, 0x00, 0x00, 0x00, 0x00,
    0x00, 0x00, 0x00, 0x00, 0x00, 0x00, 0x00, 0x00, 0x00, 0x00, 0x00, 0x00,
    0x00, 0x00, 0x00, 0x00, 0x00, 0x00, 0x00, 0x00, 0x00, 0x00, 0x00, 0x00,
    0x00, 0x00, 0x00, 0x00, 0x00, 0x00, 0x00, 0x00, 0x00, 0x00, 0x00, 0x00,
    0x00, 0x00, 0x00, 0x00, 0x00, 0x00, 0x00, 0x00, 0x00, 0x00, 0x00, 0x00,
    0x00, 0x00, 0x00, 0x00, 0x00, 0x00, 0x00, 0x00, 0x00, 0x00, 0x00, 0x00,
    0x00, 0x00, 0x00, 0x00, 0x00, 0x00, 0x00, 0x00, 0x00, 0x00, 0x00, 0x00,
    0x00, 0x00, 0x00, 0x00, 0x00, 0x00, 0x00, 0x00, 0x00, 0x00, 0x00, 0x00,
    0x00, 0x00, 0x00, 0x00, 0x00, 0x00, 0x00, 0x00, 0x00, 0x00, 0x00, 0x00,
    0x00, 0x00, 0x00, 0x00, 0x00, 0x00, 0x00, 0x00, 0x00, 0x00, 0x00, 0x00,
    0x00, 0x00, 0x00, 0x00, 0x00, 0x00, 0x00, 0x00, 0x00, 0x00, 0x00, 0x00,
    0x00, 0x00, 0x00, 0x00, 0x00, 0x00, 0x00, 0x00, 0x00, 0x00, 0x00, 0x00,
    0x00, 0x00, 0x00, 0x00, 0x00, 0x00, 0x00, 0x00, 0x00, 0x00, 0x00, 0x00,
    0x00, 0x00, 0x00, 0x00, 0x00, 0x00, 0x00, 0x00, 0x00, 0x00, 0x00, 0x00,
    0x00, 0x00, 0x00, 0x00, 0x00, 0x00, 0x00, 0x00, 0x00, 0x00, 0x00, 0x00,
    0x00, 0x00, 0x00, 0x00, 0x00, 0x00, 0x00, 0x00, 0x00, 0x00, 0x00, 0x00,
    0x00, 0x00, 0x00, 0x00, 0x00, 0x00, 0x00, 0x00, 0x00, 0x00, 0x00, 0x00,
    0x00, 0x00, 0x00, 0x00, 0x00, 0x00, 0x00, 0x00, 0x00, 0x00, 0x00, 0x00,
    0x00, 0x00, 0x00, 0x00, 0x00, 0x00, 0x00, 0x00, 0x00, 0x00, 0x00, 0x00,
    0x00, 0x00, 0x00, 0x00, 0x00, 0x00, 0x00, 0x00, 0x00, 0x00, 0x00, 0x00,
    0x00, 0x00, 0x00, 0x00, 0x00, 0x00, 0x00, 0x00, 0x00, 0x00, 0x00, 0x00,
    0x00, 0x00, 0x00, 0x00, 0x00, 0x00, 0x00, 0x00, 0x00, 0x00, 0x00, 0x00,
    0x00, 0x00, 0x00, 0x00, 0x00, 0x00, 0x00, 0x00, 0x00, 0x00, 0x00, 0x00,
    0x00, 0x00, 0x00, 0x00, 0x00, 0x00, 0x00, 0x00, 0x00, 0x00, 0x00, 0x00,
    0x00, 0x00, 0x00, 0x00, 0x00, 0x00, 0x00, 0x00, 0x00, 0x00, 0x00, 0x00,
    0x00, 0x00, 0x00, 0x00, 0x00, 0x00, 0x00, 0x00, 0x00, 0x00, 0x00, 0x00,
    0x00, 0x00, 0x00, 0x00, 0x00, 0x00, 0x00, 0x00, 0x00, 0x00, 0x00, 0x00,
    0x00, 0x00, 0x00, 0x00, 0x00, 0x00, 0x00, 0x00, 0x00, 0x00, 0x00, 0x00,
    0x00, 0x00, 0x00, 0x00, 0x00, 0x00, 0x00, 0x00, 0x00, 0x00, 0x00, 0x00,
    0x00, 0x00, 0x00, 0x00, 0x00, 0x00, 0x00, 0x00, 0x00, 0x00, 0x00, 0x00,
    0x00, 0x00, 0x00, 0x00, 0x00, 0x00, 0x00, 0x00, 0x00, 0x00, 0x00, 0x00,
    0x00, 0x00, 0x00, 0x00, 0x00, 0x00, 0x00, 0x00, 0x00, 0x00, 0x00, 0x00,
    0x00, 0x00, 0x00, 0x00, 0x00, 0x00, 0x00, 0x00, 0x00, 0x00, 0x00, 0x00,
    0x00, 0x00, 0x00, 0x00, 0x00, 0x00, 0x00, 0x00, 0x00, 0x00, 0x00, 0x00,
    0x00, 0x00, 0x00, 0x00, 0x00, 0x00, 0x00, 0x00, 0x00, 0x00, 0x00, 0x00,
    0x00, 0x00, 0x00, 0x00, 0x00, 0x00, 0x00, 0x00, 0x00, 0x00, 0x00, 0x00,
    0x00, 0x00, 0x00, 0x00, 0x00, 0x00, 0x00, 0x00, 0x00, 0x00, 0x00, 0x00,
    0x00, 0x00, 0x00, 0x00, 0x00, 0x00, 0x00, 0x00, 0x00, 0x00, 0x00, 0x00,
    0x00, 0x00, 0x00, 0x00, 0x00, 0x00, 0x00, 0x00, 0x00, 0x00, 0x00, 0x00,
    0x00, 0x00, 0x00, 0x00, 0x00, 0x00, 0x00, 0x00, 0x00, 0x00, 0x00, 0x00,
    0x00, 0x00, 0x00, 0x00, 0x00, 0x00, 0x00, 0x00, 0x00, 0x00, 0x00, 0x00,
    0x00, 0x00, 0x00, 0x00, 0x00, 0x00, 0x00, 0x00, 0x00, 0x00, 0x00, 0x00,
    0x00, 0x00, 0x00, 0x00, 0x00, 0x00, 0x00, 0x00, 0x00, 0x00, 0x00, 0x00,
    0x00, 0x00, 0x00, 0x00, 0x00, 0x00, 0x00, 0x00, 0x00, 0x00, 0x00, 0x00,
    0x00, 0x00, 0x00, 0x00, 0x00, 0x00, 0x00, 0x00, 0x00, 0x00, 0x00, 0x00,
    0x00, 0x00, 0x00, 0x00, 0x00, 0x00, 0x00, 0x00, 0x00, 0x00, 0x00, 0x00,
    0x00, 0x00, 0x00, 0x00, 0x00, 0x00, 0x00, 0x00, 0x00, 0x00, 0x00, 0x00,
    0x00, 0x00, 0x00, 0x00, 0x00, 0x00, 0x00, 0x00, 0x00, 0x00, 0x00, 0x00,
    0x00, 0x00, 0x00, 0x00, 0x00, 0x00, 0x00, 0x00, 0x00, 0x00, 0x00, 0x00,
    0x00, 0x00, 0x00, 0x00, 0x00, 0x00, 0x00, 0x00, 0x00, 0x00, 0x00, 0x00,
    0x00, 0x00, 0x00, 0x00, 0x00, 0x00, 0x00, 0x00, 0x00, 0x00, 0x00, 0x00,
    0x00, 0x00, 0x00, 0x00, 0x00, 0x00, 0x00, 0x00, 0x00, 0x00, 0x00, 0x00,
    0x00, 0x00, 0x00, 0x00, 0x00, 0x00, 0x00, 0x00, 0x00, 0x00, 0x00, 0x00,
    0x00, 0x00, 0x00, 0x00, 0x00, 0x00, 0x00, 0x00, 0x00, 0x00, 0x00, 0x00,
    0x00, 0x00, 0x00, 0x00, 0x00, 0x00, 0x00, 0x00, 0x00, 0x00, 0x00, 0x00,
    0x00, 0x00, 0x00, 0x00, 0x00, 0x00, 0x00, 0x00, 0x00, 0x00, 0x00, 0x00,
    0x00, 0x00, 0x00, 0x00, 0x00, 0x00, 0x00, 0x00, 0x00, 0x00, 0x00, 0x00,
    0x00, 0x00, 0x00, 0x00, 0x00, 0x00, 0x00, 0x00, 0x00, 0x00, 0x00, 0x00,
    0x00, 0x00, 0x00, 0x00, 0x00, 0x00, 0x00, 0x00, 0x00, 0x00, 0x00, 0x00,
    0x00, 0x00, 0x00, 0x00, 0x00, 0x00, 0x00, 0x00, 0x00, 0x00, 0x00, 0x00,
    0x00, 0x00, 0x00, 0x00, 0x00, 0x00, 0x00, 0x00, 0x00, 0x00, 0x00, 0x00,
    0x00, 0x00, 0x00, 0x00, 0x00, 0x00, 0x00, 0x00, 0x00, 0x00, 0x00, 0x00,
    0x00, 0x00, 0x00, 0x00, 0x00, 0x00, 0x00, 0x00, 0x00, 0x00, 0x00, 0x00,
    0x00, 0x00, 0x00, 0x00, 0x00, 0x00, 0x00, 0x00, 0x00, 0x00, 0x00, 0x00,
    0x00, 0x00, 0x00, 0x00, 0x00, 0x00, 0x00, 0x00, 0x00, 0x00, 0x00, 0x00,
    0x00, 0x00, 0x00, 0x00, 0x00, 0x00, 0x00, 0x00, 0x00, 0x00, 0x00, 0x00,
    0x00, 0x00, 0x00, 0x00, 0x00, 0x00, 0x00, 0x00, 0x00, 0x00, 0x00, 0x00,
    0x00, 0x00, 0x00, 0x00, 0x00, 0x00, 0x00, 0x00, 0x00, 0x00, 0x00, 0x00,
    0x00, 0x00, 0x00, 0x00, 0x00, 0x00, 0x00, 0x00, 0x00, 0x00, 0x00, 0x00,
    0x00, 0x00, 0x00, 0x00, 0x00, 0x00, 0x00, 0x00, 0x00, 0x00, 0x00, 0x00,
    0x00, 0x00, 0x00, 0x00, 0x00, 0x00, 0x00, 0x00, 0x00, 0x00, 0x00, 0x00,
    0x00, 0x00, 0x00, 0x00, 0x00, 0x00, 0x00, 0x00, 0x00, 0x00, 0x00, 0x00,
    0x00, 0x00, 0x00, 0x00, 0x00, 0x00, 0x00, 0x00, 0x00, 0x00, 0x00, 0x00,
    0x00, 0x00, 0x00, 0x00, 0x00, 0x00, 0x00, 0x00, 0x00, 0x00, 0x00, 0x00,
    0x00, 0x00, 0x00, 0x00, 0x00, 0x00, 0x00, 0x00, 0x00, 0x00, 0x00, 0x00,
    0x00, 0x00, 0x00, 0x00, 0x00, 0x00, 0x00, 0x00, 0x00, 0x00, 0x00, 0x00,
    0x00, 0x00, 0x00, 0x00, 0x00, 0x00, 0x00, 0x00, 0x00, 0x00, 0x00, 0x00,
    0x00, 0x00, 0x00, 0x00, 0x00, 0x00, 0x00, 0x00, 0x00, 0x00, 0x00, 0x00,
    0x00, 0x00, 0x00, 0x00, 0x00, 0x00, 0x00, 0x00, 0x00, 0x00, 0x00, 0x00,
    0x00, 0x00, 0x00, 0x00, 0x00, 0x00, 0x00, 0x00, 0x00, 0x00, 0x00, 0x00,
    0x00, 0x00, 0x00, 0x00, 0x00, 0x00, 0x00, 0x00, 0x00, 0x00, 0x00, 0x00,
    0x00, 0x00, 0x00, 0x00, 0x00, 0x00, 0x00, 0x00, 0x00, 0x00, 0x00, 0x00,
    0x00, 0x00, 0x00, 0x00, 0x00, 0x00, 0x00, 0x00, 0x00, 0x00, 0x00, 0x00,
    0x00, 0x00, 0x00, 0x00, 0x00, 0x00, 0x00, 0x00, 0x00, 0x00, 0x00, 0x00,
    0x00, 0x00, 0x00, 0x00, 0x00, 0x00, 0x00, 0x00, 0x00, 0x00, 0x00, 0x00,
    0x00, 0x00, 0x00, 0x00, 0x00, 0x00, 0x00, 0x00, 0x00, 0x00, 0x00, 0x00,
    0x00, 0x00, 0x00, 0x00, 0x00, 0x00, 0x00, 0x00, 0x00, 0x00, 0x00, 0x00,
    0x00, 0x00, 0x00, 0x00, 0x00, 0x00, 0x00, 0x00, 0x00, 0x00, 0x00, 0x00,
    0x00, 0x00, 0x00, 0x00, 0x00, 0x00, 0x00, 0x00, 0x00, 0x00, 0x00, 0x00,
    0x00, 0x00, 0x00, 0x00, 0x00, 0x00, 0x00, 0x00, 0x00, 0x00, 0x00, 0x00,
    0x00, 0x00, 0x00, 0x00, 0x00, 0x00, 0x00, 0x00, 0x00, 0x00, 0x00, 0x00,
    0x00, 0x00, 0x00, 0x00, 0x00, 0x00, 0x00, 0x00, 0x00, 0x00, 0x00, 0x00,
    0x00, 0x00, 0x00, 0x00, 0x00, 0x00, 0x00, 0x00, 0x00, 0x00, 0x00, 0x00,
    0x00, 0x00, 0x00, 0x00, 0x00, 0x00, 0x00, 0x00, 0x00, 0x00, 0x00, 0x00,
    0x00, 0x00, 0x00, 0x00, 0x00, 0x00, 0x00, 0x00, 0x00, 0x00, 0x00, 0x00,
    0x00, 0x00, 0x00, 0x00, 0x00, 0x00, 0x00, 0x00, 0x00, 0x00, 0x00, 0x00,
    0x00, 0x00, 0x00, 0x00, 0x00, 0x00, 0x00, 0x00, 0x00, 0x00, 0x00, 0x00,
    0x00, 0x00, 0x00, 0x00, 0x00, 0x00, 0x00, 0x00, 0x00, 0x00, 0x00, 0x00,
    0x00, 0x00, 0x00, 0x00, 0x00, 0x00, 0x00, 0x00, 0x00, 0x00, 0x00, 0x00,
    0x00, 0x00, 0x00, 0x00, 0x00, 0x00, 0x00, 0x00, 0x00, 0x00, 0x00, 0x00,
    0x00, 0x00, 0x00, 0x00, 0x00, 0x00, 0x00, 0x00, 0x00, 0x00, 0x00, 0x00,
    0x00, 0x00, 0x00, 0x00, 0x00, 0x00, 0x00, 0x00, 0x00, 0x00, 0x00, 0x00,
    0x00, 0x00, 0x00, 0x00, 0x00, 0x00, 0x00, 0x00, 0x00, 0x00, 0x00, 0x00,
    0x00, 0x00, 0x00, 0x00, 0x00, 0x00, 0x00, 0x00, 0x00, 0x00, 0x00, 0x00,
    0x00, 0x00, 0x00, 0x00, 0x00, 0x00, 0x00, 0x00, 0x00, 0x00, 0x00, 0x00,
    0x00, 0x00, 0x00, 0x00, 0x00, 0x00, 0x00, 0x00, 0x00, 0x00, 0x00, 0x00,
    0x00, 0x00, 0x00, 0x00, 0x00, 0x00, 0x00, 0x00, 0x00, 0x00, 0x00, 0x00,
    0x00, 0x00, 0x00, 0x00, 0x00, 0x00, 0x00, 0x00, 0x00, 0x00, 0x00, 0x00,
    0x00, 0x00, 0x00, 0x00, 0x00, 0x00, 0x00, 0x00, 0x00, 0x00, 0x00, 0x00,
    0x00, 0x00, 0x00, 0x00, 0x00, 0x00, 0x00, 0x00, 0x00, 0x00, 0x00, 0x00,
    0x00, 0x00, 0x00, 0x00, 0x00, 0x00, 0x00, 0x00, 0x00, 0x00, 0x00, 0x00,
    0x00, 0x00, 0x00, 0x00, 0x00, 0x00, 0x00, 0x00, 0x00, 0x00, 0x00, 0x00,
    0x00, 0x00, 0x00, 0x00, 0x00, 0x00, 0x00, 0x00, 0x00, 0x00, 0x00, 0x00,
    0x00, 0x00, 0x00, 0x00, 0x00, 0x00, 0x00, 0x00, 0x00, 0x00, 0x00, 0x00,
    0x00, 0x00, 0x00, 0x00, 0x00, 0x00, 0x00, 0x00, 0x00, 0x00, 0x00, 0x00,
    0x00, 0x00, 0x00, 0x00, 0x00, 0x00, 0x00, 0x00, 0x00, 0x00, 0x00, 0x00,
    0x00, 0x00, 0x00, 0x00, 0x00, 0x00, 0x00, 0x00, 0x00, 0x00, 0x00, 0x00,
    0x00, 0x00, 0x00, 0x00, 0x00, 0x00, 0x00, 0x00, 0x00, 0x00, 0x00, 0x00,
    0x00, 0x00, 0x00, 0x00, 0x00, 0x00, 0x00, 0x00, 0x00, 0x00, 0x00, 0x00,
    0x00, 0x00, 0x00, 0x00, 0x00, 0x00, 0x00, 0x00, 0x00, 0x00, 0x00, 0x00,
    0x00, 0x00, 0x00, 0x00, 0x00, 0x00, 0x00, 0x00, 0x00, 0x00, 0x00, 0x00,
    0x00, 0x00, 0x00, 0x00, 0x00, 0x00, 0x00, 0x00, 0x00, 0x00, 0x00, 0x00,
    0x00, 0x00, 0x00, 0x00, 0x00, 0x00, 0x00, 0x00, 0x00, 0x00, 0x00, 0x00,
    0x00, 0x00, 0x00, 0x00, 0x00, 0x00, 0x00, 0x00, 0x00, 0x00, 0x00, 0x00,
    0x00, 0x00, 0x00, 0x00, 0x00, 0x00, 0x00, 0x00, 0x00, 0x00, 0x00, 0x00,
    0x00, 0x00, 0x00, 0x00, 0x00, 0x00, 0x00, 0x00, 0x00, 0x00, 0x00, 0x00,
    0x00, 0x00, 0x00, 0x00, 0x00, 0x00, 0x00, 0x00, 0x00, 0x00, 0x00, 0x00,
    0x00, 0x00, 0x00, 0x00, 0x00, 0x00, 0x00, 0x00, 0x00, 0x00, 0x00, 0x00,
    0x00, 0x00, 0x00, 0x00, 0x00, 0x00, 0x00, 0x00, 0x00, 0x00, 0x00, 0x00,
    0x00, 0x00, 0x00, 0x00, 0x00, 0x00, 0x00, 0x00, 0x00, 0x00, 0x00, 0x00,
    0x00, 0x00, 0x00, 0x00, 0x00, 0x00, 0x00, 0x00, 0x00, 0x00, 0x00, 0x00,
    0x00, 0x00, 0x00, 0x00, 0x00, 0x00, 0x00, 0x00, 0x00, 0x00, 0x00, 0x00,
    0x00, 0x00, 0x00, 0x00, 0x00, 0x00, 0x00, 0x00, 0x00, 0x00, 0x00, 0x00,
    0x00, 0x00, 0x00, 0x00, 0x00, 0x00, 0x00, 0x00, 0x00, 0x00, 0x00, 0x00,
    0x00, 0x00, 0x00, 0x00, 0x00, 0x00, 0x00, 0x00, 0x00, 0x00, 0x00, 0x00,
    0x00, 0x00, 0x00, 0x00, 0x00, 0x00, 0x00, 0x00, 0x00, 0x00, 0x00, 0x00,
    0x00, 0x00, 0x00, 0x00, 0x00, 0x00, 0x00, 0x00, 0x00, 0x00, 0x00, 0x00,
    0x00, 0x00, 0x00, 0x00, 0x00, 0x00, 0x00, 0x00, 0x00, 0x00, 0x00, 0x00,
    0x00, 0x00, 0x00, 0x00, 0x00, 0x00, 0x00, 0x00, 0x00, 0x00, 0x00, 0x00,
    0x00, 0x00, 0x00, 0x00, 0x00, 0x00, 0x00, 0x00, 0x00, 0x00, 0x00, 0x00,
    0x00, 0x00, 0x00, 0x00, 0x00, 0x00, 0x00, 0x00, 0x00, 0x00, 0x00, 0x00,
    0x00, 0x00, 0x00, 0x00, 0x00, 0x00, 0x00, 0x00, 0x00, 0x00, 0x00, 0x00,
    0x00, 0x00, 0x00, 0x00, 0x00, 0x00, 0x00, 0x00, 0x00, 0x00, 0x00, 0x00,
    0x00, 0x00, 0x00, 0x00, 0x00, 0x00, 0x00, 0x00, 0x00, 0x00, 0x00, 0x00,
    0x00, 0x00, 0x00, 0x00, 0x00, 0x00, 0x00, 0x00, 0x00, 0x00, 0x00, 0x00,
    0x00, 0x00, 0x00, 0x00, 0x00, 0x00, 0x00, 0x00, 0x00, 0x00, 0x00, 0x00,
    0x00, 0x00, 0x00, 0x00, 0x00, 0x00, 0x00, 0x00, 0x00, 0x00, 0x00, 0x00,
    0x00, 0x00, 0x00, 0x00, 0x00, 0x00, 0x00, 0x00, 0x00, 0x00, 0x00, 0x00,
    0x00, 0x00, 0x00, 0x00, 0x00, 0x00, 0x00, 0x00, 0x00, 0x00, 0x00, 0x00,
    0x00, 0x00, 0x00, 0x00, 0x00, 0x00, 0x00, 0x00, 0x00, 0x00, 0x00, 0x00,
    0x00, 0x00, 0x00, 0x00, 0x00, 0x00, 0x00, 0x00, 0x00, 0x00, 0x00, 0x00,
    0x00, 0x00, 0x00, 0x00, 0x00, 0x00, 0x00, 0x00, 0x00, 0x00, 0x00, 0x00,
    0x00, 0x00, 0x00, 0x00, 0x00, 0x00, 0x00, 0x00, 0x00, 0x00, 0x00, 0x00,
    0x00, 0x00, 0x00, 0x00, 0x00, 0x00, 0x00, 0x00, 0x00, 0x00, 0x00, 0x00,
    0x00, 0x00, 0x00, 0x00, 0x00, 0x00, 0x00, 0x00, 0x00, 0x00, 0x00, 0x00,
    0x00, 0x00, 0x00, 0x00, 0x00, 0x00, 0x00, 0x00, 0x00, 0x00, 0x00, 0x00,
    0x00, 0x00, 0x00, 0x00, 0x00, 0x00, 0x00, 0x00, 0x00, 0x00, 0x00, 0x00,
    0x00, 0x00, 0x00, 0x00, 0x00, 0x00, 0x00, 0x00, 0x00, 0x00, 0x00, 0x00,
    0x00, 0x00, 0x00, 0x00, 0x00, 0x00, 0x00, 0x00, 0x00, 0x00, 0x00, 0x00,
    0x00, 0x00, 0x00, 0x00, 0x00, 0x00, 0x00, 0x00, 0x00, 0x00, 0x00, 0x00,
    0x00, 0x00, 0x00, 0x00, 0x00, 0x00, 0x00, 0x00, 0x00, 0x00, 0x00, 0x00,
    0x00, 0x00, 0x00, 0x00, 0x00, 0x00, 0x00, 0x00, 0x00, 0x00, 0x00, 0x00,
    0x00, 0x00, 0x00, 0x00, 0x00, 0x00, 0x00, 0x00, 0x00, 0x00, 0x00, 0x00,
    0x00, 0x00, 0x00, 0x00, 0x00, 0x00, 0x00, 0x00, 0x00, 0x00, 0x00, 0x00,
    0x00, 0x00, 0x00, 0x00, 0x00, 0x00, 0x00, 0x00, 0x00, 0x00, 0x00, 0x00,
    0x00, 0x00, 0x00, 0x00, 0x00, 0x00, 0x00, 0x00, 0x00, 0x00, 0x00, 0x00,
    0x00, 0x00, 0x00, 0x00, 0x00, 0x00, 0x00, 0x00, 0x00, 0x00, 0x00, 0x00,
    0x00, 0x00, 0x00, 0x00, 0x00, 0x00, 0x00, 0x00, 0x00, 0x00, 0x00, 0x00,
    0x00, 0x00, 0x00, 0x00, 0x00, 0x00, 0x00, 0x00, 0x00, 0x00, 0x00, 0x00,
    0x00, 0x00, 0x00, 0x00, 0x00, 0x00, 0x00, 0x00, 0x00, 0x00, 0x00, 0x00,
    0x00, 0x00, 0x00, 0x00, 0x00, 0x00, 0x00, 0x00, 0x00, 0x00, 0x00, 0x00,
    0x00, 0x00, 0x00, 0x00, 0x00, 0x00, 0x00, 0x00, 0x00, 0x00, 0x00, 0x00,
    0x00, 0x00, 0x00, 0x00, 0x00, 0x00, 0x00, 0x00, 0x00, 0x00, 0x00, 0x00,
    0x00, 0x00, 0x00, 0x00, 0x00, 0x00, 0x00, 0x00, 0x00, 0x00, 0x00, 0x00,
    0x00, 0x00, 0x00, 0x00, 0x00, 0x00, 0x00, 0x00, 0x00, 0x00, 0x00, 0x00,
    0x00, 0x00, 0x00, 0x00, 0x00, 0x00, 0x00, 0x00, 0x00, 0x00, 0x00, 0x00,
    0x00, 0x00, 0x00, 0x00, 0x00, 0x00, 0x00, 0x00, 0x00, 0x00, 0x00, 0x00,
    0x00, 0x00, 0x00, 0x00, 0x00, 0x00, 0x00, 0x00, 0x00, 0x00, 0x00, 0x00,
    0x00, 0x00, 0x00, 0x00, 0x00, 0x00, 0x00, 0x00, 0x00, 0x00, 0x00, 0x00,
    0x00, 0x00, 0x00, 0x00, 0x00, 0x00, 0x00, 0x00, 0x00, 0x00, 0x00, 0x00,
    0x00, 0x00, 0x00, 0x00, 0x00, 0x00, 0x00, 0x00, 0x00, 0x00, 0x00, 0x00,
    0x00, 0x00, 0x00, 0x00, 0x00, 0x00, 0x00, 0x00, 0x00, 0x00, 0x00, 0x00,
    0x00, 0x00, 0x00, 0x00, 0x00, 0x00, 0x00, 0x00, 0x00, 0x00, 0x00, 0x00,
    0x00, 0x00, 0x00, 0x00, 0x00, 0x00, 0x00, 0x00, 0x00, 0x00, 0x00, 0x00,
    0x00, 0x00, 0x00, 0x00, 0x00, 0x00, 0x00, 0x00, 0x00, 0x00, 0x00, 0x00,
    0x00, 0x00, 0x00, 0x00, 0x00, 0x00, 0x00, 0x00, 0x00, 0x00, 0x00, 0x00,
    0x00, 0x00, 0x00, 0x00, 0x00, 0x00, 0x00, 0x00, 0x00, 0x00, 0x00, 0x00,
    0x00, 0x00, 0x00, 0x00, 0x00, 0x00, 0x00, 0x00, 0x00, 0x00, 0x00, 0x00,
    0x00, 0x00, 0x00, 0x00, 0x00, 0x00, 0x00, 0x00, 0x00, 0x00, 0x00, 0x00,
    0x00, 0x00, 0x00, 0x00, 0x00, 0x00, 0x00, 0x00, 0x00, 0x00, 0x00, 0x00,
    0x00, 0x00, 0x00, 0x00, 0x00, 0x00, 0x00, 0x00, 0x00, 0x00, 0x00, 0x00,
    0x00, 0x00, 0x00, 0x00, 0x00, 0x00, 0x00, 0x00, 0x00, 0x00, 0x00, 0x00,
    0x00, 0x00, 0x00, 0x00, 0x00, 0x00, 0x00, 0x00, 0x00, 0x00, 0x00, 0x00,
    0x00, 0x00, 0x00, 0x00, 0x00, 0x00, 0x00, 0x00, 0x00, 0x00, 0x00, 0x00,
    0x00, 0x00, 0x00, 0x00, 0x00, 0x00, 0x00, 0x00, 0x00, 0x00, 0x00, 0x00,
    0x00, 0x00, 0x00, 0x00, 0x00, 0x00, 0x00, 0x00, 0x00, 0x00, 0x00, 0x00,
    0x00, 0x00, 0x00, 0x00, 0x00, 0x00, 0x00, 0x00, 0x00, 0x00, 0x00, 0x00,
    0x00, 0x00, 0x00, 0x00, 0x00, 0x00, 0x00, 0x00, 0x00, 0x00, 0x00, 0x00,
    0x00, 0x00, 0x00, 0x00, 0x00, 0x00, 0x00, 0x00, 0x00, 0x00, 0x00, 0x00,
    0x00, 0x00, 0x00, 0x00, 0x00, 0x00, 0x00, 0x00, 0x00, 0x00, 0x00, 0x00,
    0x00, 0x00, 0x00, 0x00, 0x00, 0x00, 0x00, 0x00, 0x00, 0x00, 0x00, 0x00,
    0x00, 0x00, 0x00, 0x00, 0x00, 0x00, 0x00, 0x00, 0x00, 0x00, 0x00, 0x00,
    0x00, 0x00, 0x00, 0x00, 0x00, 0x00, 0x00, 0x00, 0x00, 0x00, 0x00, 0x00,
    0x00, 0x00, 0x00, 0x00, 0x00, 0x00, 0x00, 0x00, 0x00, 0x00, 0x00, 0x00,
    0x00, 0x00, 0x00, 0x00, 0x00, 0x00, 0x00, 0x00, 0x00, 0x00, 0x00, 0x00,
    0x00, 0x00, 0x00, 0x00, 0x00, 0x00, 0x00, 0x00, 0x00, 0x00, 0x00, 0x00,
    0x00, 0x00, 0x00, 0x00, 0x00, 0x00, 0x00, 0x00, 0x00, 0x00, 0x00, 0x00,
    0x00, 0x00, 0x00, 0x00, 0x00, 0x00, 0x00, 0x00, 0x00, 0x00, 0x00, 0x00,
    0x00, 0x00, 0x00, 0x00, 0x00, 0x00, 0x00, 0x00, 0x00, 0x00, 0x00, 0x00,
    0x00, 0x00, 0x00, 0x00, 0x00, 0x00, 0x00, 0x00, 0x00, 0x00, 0x00, 0x00,
    0x00, 0x00, 0x00, 0x00, 0x00, 0x00, 0x00, 0x00, 0x00, 0x00, 0x00, 0x00,
    0x00, 0x00, 0x00, 0x00, 0x00, 0x00, 0x00, 0x00, 0x00, 0x00, 0x00, 0x00,
    0x00, 0x00, 0x00, 0x00, 0x00, 0x00, 0x00, 0x00, 0x00, 0x00, 0x00, 0x00,
    0x00, 0x00, 0x00, 0x00, 0x00, 0x00, 0x00, 0x00, 0x00, 0x00, 0x00, 0x00,
    0x00, 0x00, 0x00, 0x00, 0x00, 0x00, 0x00, 0x00, 0x00, 0x00, 0x00, 0x00,
    0x00, 0x00, 0x00, 0x00, 0x00, 0x00, 0x00, 0x00, 0x00, 0x00, 0x00, 0x00,
    0x00, 0x00, 0x00, 0x00, 0x00, 0x00, 0x00, 0x00, 0x00, 0x00, 0x00, 0x00,
    0x00, 0x00, 0x00, 0x00, 0x00, 0x00, 0x00, 0x00, 0x00, 0x00, 0x00, 0x00,
    0x00, 0x00, 0x00, 0x00, 0x00, 0x00, 0x00, 0x00, 0x00, 0x00, 0x00, 0x00,
    0x00, 0x00, 0x00, 0x00, 0x00, 0x00, 0x00, 0x00, 0x00, 0x00, 0x00, 0x00,
    0x00, 0x00, 0x00, 0x00, 0x00, 0x00, 0x00, 0x00, 0x00, 0x00, 0x00, 0x00,
    0x00, 0x00, 0x00, 0x00, 0x00, 0x00, 0x00, 0x00, 0x00, 0x00, 0x00, 0x00,
    0x00, 0x00, 0x00, 0x00, 0x00, 0x00, 0x00, 0x00, 0x00, 0x00, 0x00, 0x00,
    0x00, 0x00, 0x00, 0x00, 0x00, 0x00, 0x00, 0x00, 0x00, 0x00, 0x00, 0x00,
    0x00, 0x00, 0x00, 0x00, 0x00, 0x00, 0x00, 0x00, 0x00, 0x00, 0x00, 0x00,
    0x00, 0x00, 0x00, 0x00, 0x00, 0x00, 0x00, 0x00, 0x00, 0x00, 0x00, 0x00,
    0x00, 0x00, 0x00, 0x00, 0x00, 0x00, 0x00, 0x00, 0x00, 0x00, 0x00, 0x00,
    0x00, 0x00, 0x00, 0x00, 0x00, 0x00, 0x00, 0x00, 0x00, 0x00, 0x00, 0x00,
    0x00, 0x00, 0x00, 0x00, 0x00, 0x00, 0x00, 0x00, 0x00, 0x00, 0x00, 0x00,
    0x00, 0x00, 0x00, 0x00, 0x00, 0x00, 0x00, 0x00, 0x00, 0x00, 0x00, 0x00,
    0x00, 0x00, 0x00, 0x00, 0x00, 0x00, 0x00, 0x00, 0x00, 0x00, 0x00, 0x00,
    0x00, 0x00, 0x00, 0x00, 0x00, 0x00, 0x00, 0x00, 0x00, 0x00, 0x00, 0x00,
    0x00, 0x00, 0x00, 0x00, 0x00, 0x00, 0x00, 0x00, 0x00, 0x00, 0x00, 0x00,
    0x00, 0x00, 0x00, 0x00, 0x00, 0x00, 0x00, 0x00, 0x00, 0x00, 0x00, 0x00,
    0x00, 0x00, 0x00, 0x00, 0x00, 0x00, 0x00, 0x00, 0x00, 0x00, 0x00, 0x00,
    0x00, 0x00, 0x00, 0x00, 0x00, 0x00, 0x00, 0x00, 0x00, 0x00, 0x00, 0x00,
    0x00, 0x00, 0x00, 0x00, 0x00, 0x00, 0x00, 0x00, 0x00, 0x00, 0x00, 0x00,
    0x00, 0x00, 0x00, 0x00, 0x00, 0x00, 0x00, 0x00, 0x00, 0x00, 0x00, 0x00,
    0x00, 0x00, 0x00, 0x00, 0x00, 0x00, 0x00, 0x00, 0x00, 0x00, 0x00, 0x00,
    0x00, 0x00, 0x00, 0x00, 0x00, 0x00, 0x00, 0x00, 0x00, 0x00, 0x00, 0x00,
    0x00, 0x00, 0x00, 0x00, 0x00, 0x00, 0x00, 0x00, 0x00, 0x00, 0x00, 0x00,
    0x00, 0x00, 0x00, 0x00, 0x00, 0x00, 0x00, 0x00, 0x00, 0x00, 0x00, 0x00,
    0x00, 0x00, 0x00, 0x00, 0x00, 0x00, 0x00, 0x00, 0x00, 0x00, 0x00, 0x00,
    0x00, 0x00, 0x00, 0x00, 0x00, 0x00, 0x00, 0x00, 0x00, 0x00, 0x00, 0x00,
    0x00, 0x00, 0x00, 0x00, 0x00, 0x00, 0x00, 0x00, 0x00, 0x00, 0x00, 0x00,
    0x00, 0x00, 0x00, 0x00, 0x00, 0x00, 0x00, 0x00, 0x00, 0x00, 0x00, 0x00,
    0x00, 0x00, 0x00, 0x00, 0x00, 0x00, 0x00, 0x00, 0x00, 0x00, 0x00, 0x00,
    0x00, 0x00, 0x00, 0x00, 0x00, 0x00, 0x00, 0x00, 0x00, 0x00, 0x00, 0x00,
    0x00, 0x00, 0x00, 0x00, 0x00, 0x00, 0x00, 0x00, 0x00, 0x00, 0x00, 0x00,
    0x00, 0x00, 0x00, 0x00, 0x00, 0x00, 0x00, 0x00, 0x00, 0x00, 0x00, 0x00,
    0x00, 0x00, 0x00, 0x00, 0x00, 0x00, 0x00, 0x00, 0x00, 0x00, 0x00, 0x00,
    0x00, 0x00, 0x00, 0x00, 0x00, 0x00, 0x00, 0x00, 0x00, 0x00, 0x00, 0x00,
    0x00, 0x00, 0x00, 0x00, 0x00, 0x00, 0x00, 0x00, 0x00, 0x00, 0x00, 0x00,
    0x00, 0x00, 0x00, 0x00, 0x00, 0x00, 0x00, 0x00, 0x00, 0x00, 0x00, 0x00,
    0x00, 0x00, 0x00, 0x00, 0x00, 0x00, 0x00, 0x00, 0x00, 0x00, 0x00, 0x00,
    0x00, 0x00, 0x00, 0x00, 0x00, 0x00, 0x00, 0x00, 0x00, 0x00, 0x00, 0x00,
    0x00, 0x00, 0x00, 0x00, 0x00, 0x00, 0x00, 0x00, 0x00, 0x00, 0x00, 0x00,
    0x00, 0x00, 0x00, 0x00, 0x00, 0x00, 0x00, 0x00, 0x00, 0x00, 0x00, 0x00,
    0x00, 0x00, 0x00, 0x00, 0x00, 0x00, 0x00, 0x00, 0x00, 0x00, 0x00, 0x00,
    0x00, 0x00, 0x00, 0x00, 0x00, 0x00, 0x00, 0x00, 0x00, 0x00, 0x00, 0x00,
    0x00, 0x00, 0x00, 0x00, 0x00, 0x00, 0x00, 0x00, 0x00, 0x00, 0x00, 0x00,
    0x00, 0x00, 0x00, 0x00, 0x00, 0x00, 0x00, 0x00, 0x00, 0x00, 0x00, 0x00,
    0x00, 0x00, 0x00, 0x00, 0x00, 0x00, 0x00, 0x00, 0x00, 0x00, 0x00, 0x00,
    0x00, 0x00, 0x00, 0x00, 0x00, 0x00, 0x00, 0x00, 0x00, 0x00, 0x00, 0x00,
    0x00, 0x00, 0x00, 0x00, 0x00, 0x00, 0x00, 0x00, 0x00, 0x00, 0x00, 0x00,
    0x00, 0x00, 0x00, 0x00, 0x00, 0x00, 0x00, 0x00, 0x00, 0x00, 0x00, 0x00,
    0x00, 0x00, 0x00, 0x00, 0x00, 0x00, 0x00, 0x00, 0x00, 0x00, 0x00, 0x00,
    0x00, 0x00, 0x00, 0x00, 0x00, 0x00, 0x00, 0x00, 0x00, 0x00, 0x00, 0x00,
    0x00, 0x00, 0x00, 0x00, 0x00, 0x00, 0x00, 0x00, 0x00, 0x00, 0x00, 0x00,
    0x00, 0x00, 0x00, 0x00, 0x00, 0x00, 0x00, 0x00, 0x00, 0x00, 0x00, 0x00,
    0x00, 0x00, 0x00, 0x00, 0x00, 0x00, 0x00, 0x00, 0x00, 0x00, 0x00, 0x00,
    0x00, 0x00, 0x00, 0x00, 0x00, 0x00, 0x00, 0x00, 0x00, 0x00, 0x00, 0x00,
    0x00, 0x00, 0x00, 0x00, 0x00, 0x00, 0x00, 0x00, 0x00, 0x00, 0x00, 0x00,
    0x00, 0x00, 0x00, 0x00, 0x00, 0x00, 0x00, 0x00, 0x00, 0x00, 0x00, 0x00,
    0x00, 0x00, 0x00, 0x00, 0x00, 0x00, 0x00, 0x00, 0x00, 0x00, 0x00, 0x00,
    0x00, 0x00, 0x00, 0x00, 0x00, 0x00, 0x00, 0x00, 0x00, 0x00, 0x00, 0x00,
    0x00, 0x00, 0x00, 0x00, 0x00, 0x00, 0x00, 0x00, 0x00, 0x00, 0x00, 0x00,
    0x00, 0x00, 0x00, 0x00, 0x00, 0x00, 0x00, 0x00, 0x00, 0x00, 0x00, 0x00,
    0x00, 0x00, 0x00, 0x00, 0x00, 0x00, 0x00, 0x00, 0x00, 0x00, 0x00, 0x00,
    0x00, 0x00, 0x00, 0x00, 0x00, 0x00, 0x00, 0x00, 0x00, 0x00, 0x00, 0x00,
    0x00, 0x00, 0x00, 0x00, 0x00, 0x00, 0x00, 0x00, 0x00, 0x00, 0x00, 0x00,
    0x00, 0x00, 0x00, 0x00, 0x00, 0x00, 0x00, 0x00, 0x00, 0x00, 0x00, 0x00,
    0x00, 0x00, 0x00, 0x00, 0x00, 0x00, 0x00, 0x00, 0x00, 0x00, 0x00, 0x00,
    0x00, 0x00, 0x00, 0x00, 0x00, 0x00, 0x00, 0x00, 0x00, 0x00, 0x00, 0x00,
    0x00, 0x00, 0x00, 0x00, 0x00, 0x00, 0x00, 0x00, 0x00, 0x00, 0x00, 0x00,
    0x00, 0x00, 0x00, 0x00, 0x00, 0x00, 0x00, 0x00, 0x00, 0x00, 0x00, 0x00,
    0x00, 0x00, 0x00, 0x00, 0x00, 0x00, 0x00, 0x00, 0x00, 0x00, 0x00, 0x00,
    0x00, 0x00, 0x00, 0x00, 0x00, 0x00, 0x00, 0x00, 0x00, 0x00, 0x00, 0x00,
    0x00, 0x00, 0x00, 0x00, 0x00, 0x00, 0x00, 0x00, 0x00, 0x00, 0x00, 0x00,
    0x00, 0x00, 0x00, 0x00, 0x00, 0x00, 0x00, 0x00, 0x00, 0x00, 0x00, 0x00,
    0x00, 0x00, 0x00, 0x00, 0x00, 0x00, 0x00, 0x00, 0x00, 0x00, 0x00, 0x00,
    0x00, 0x00, 0x00, 0x00, 0x00, 0x00, 0x00, 0x00, 0x00, 0x00, 0x00, 0x00,
    0x00, 0x00, 0x00, 0x00, 0x00, 0x00, 0x00, 0x00, 0x00, 0x00, 0x00, 0x00,
    0x00, 0x00, 0x00, 0x00, 0x00, 0x00, 0x00, 0x00, 0x00, 0x00, 0x00, 0x00,
    0x00, 0x00, 0x00, 0x00, 0x00, 0x00, 0x00, 0x00, 0x00, 0x00, 0x00, 0x00,
    0x00, 0x00, 0x00, 0x00, 0x00, 0x00, 0x00, 0x00, 0x00, 0x00, 0x00, 0x00,
    0x00, 0x00, 0x00, 0x00, 0x00, 0x00, 0x00, 0x00, 0x00, 0x00, 0x00, 0x00,
    0x00, 0x00, 0x00, 0x00, 0x00, 0x00, 0x00, 0x00, 0x00, 0x00, 0x00, 0x00,
    0x00, 0x00, 0x00, 0x00, 0x00, 0x00, 0x00, 0x00, 0x00, 0x00, 0x00, 0x00,
    0x00, 0x00, 0x00, 0x00, 0x00, 0x00, 0x00, 0x00, 0x00, 0x00, 0x00, 0x00,
    0x00, 0x00, 0x00, 0x00, 0x00, 0x00, 0x00, 0x00, 0x00, 0x00, 0x00, 0x00,
    0x00, 0x00, 0x00, 0x00, 0x00, 0x00, 0x00, 0x00, 0x00, 0x00, 0x00, 0x00,
    0x00, 0x00, 0x00, 0x00, 0x00, 0x00, 0x00, 0x00, 0x00, 0x00, 0x00, 0x00,
    0x00, 0x00, 0x00, 0x00, 0x00, 0x00, 0x00, 0x00, 0x00, 0x00, 0x00, 0x00,
    0x00, 0x00, 0x00, 0x00, 0x00, 0x00, 0x00, 0x00, 0x00, 0x00, 0x00, 0x00,
    0x00, 0x00, 0x00, 0x00, 0x00, 0x00, 0x00, 0x00, 0x00, 0x00, 0x00, 0x00,
    0x00, 0x00, 0x00, 0x00, 0x00, 0x00, 0x00, 0x00, 0x00, 0x00, 0x00, 0x00,
    0x00, 0x00, 0x00, 0x00, 0x00, 0x00, 0x00, 0x00, 0x00, 0x00, 0x00, 0x00,
    0x00, 0x00, 0x00, 0x00, 0x00, 0x00, 0x00, 0x00, 0x00, 0x00, 0x00, 0x00,
    0x00, 0x00, 0x00, 0x00, 0x00, 0x00, 0x00, 0x00, 0x00, 0x00, 0x00, 0x00,
    0x00, 0x00, 0x00, 0x00, 0x00, 0x00, 0x00, 0x00, 0x00, 0x00, 0x00, 0x00,
    0x00, 0x00, 0x00, 0x00, 0x00, 0x00, 0x00, 0x00, 0x00, 0x00, 0x00, 0x00,
    0x00, 0x00, 0x00, 0x00, 0x00, 0x00, 0x00, 0x00, 0x00, 0x00, 0x00, 0x00,
    0x00, 0x00, 0x00, 0x00, 0x00, 0x00, 0x00, 0x00, 0x00, 0x00, 0x00, 0x00,
    0x00, 0x00, 0x00, 0x00, 0x00, 0x00, 0x00, 0x00, 0x00, 0x00, 0x00, 0x00,
    0x00, 0x00, 0x00, 0x00, 0x00, 0x00, 0x00, 0x00, 0x00, 0x00, 0x00, 0x00,
    0x00, 0x00, 0x00, 0x00, 0x00, 0x00, 0x00, 0x00, 0x00, 0x00, 0x00, 0x00,
    0x00, 0x00, 0x00, 0x00, 0x00, 0x00, 0x00, 0x00, 0x00, 0x00, 0x00, 0x00,
    0x00, 0x00, 0x00, 0x00, 0x00, 0x00, 0x00, 0x00, 0x00, 0x00, 0x00, 0x00,
    0x00, 0x00, 0x00, 0x00, 0x00, 0x00, 0x00, 0x00, 0x00, 0x00, 0x00, 0x00,
    0x00, 0x00, 0x00, 0x00, 0x00, 0x00, 0x00, 0x00, 0x00, 0x00, 0x00, 0x00,
    0x00, 0x00, 0x00, 0x00, 0x00, 0x00, 0x00, 0x00, 0x00, 0x00, 0x00, 0x00,
    0x00, 0x00, 0x00, 0x00, 0x00, 0x00, 0x00, 0x00, 0x00, 0x00, 0x00, 0x00,
    0x00, 0x00, 0x00, 0x00, 0x00, 0x00, 0x00, 0x00, 0x00, 0x00, 0x00, 0x00,
    0x00, 0x00, 0x00, 0x00, 0x00, 0x00, 0x00, 0x00, 0x00, 0x00, 0x00, 0x00,
    0x00, 0x00, 0x00, 0x00, 0x00, 0x00, 0x00, 0x00, 0x00, 0x00, 0x00, 0x00,
    0x00, 0x00, 0x00, 0x00, 0x00, 0x00, 0x00, 0x00, 0x00, 0x00, 0x00, 0x00,
    0x00, 0x00, 0x00, 0x00, 0x00, 0x00, 0x00, 0x00, 0x00, 0x00, 0x00, 0x00,
    0x00, 0x00, 0x00, 0x00, 0x00, 0x00, 0x00, 0x00, 0x00, 0x00, 0x00, 0x00,
    0x00, 0x00, 0x00, 0x00, 0x00, 0x00, 0x00, 0x00, 0x00, 0x00, 0x00, 0x00,
    0x00, 0x00, 0x00, 0x00, 0x00, 0x00, 0x00, 0x00, 0x00, 0x00, 0x00, 0x00,
    0x00, 0x00, 0x00, 0x00, 0x00, 0x00, 0x00, 0x00, 0x00, 0x00, 0x00, 0x00,
    0x00, 0x00, 0x00, 0x00, 0x00, 0x00, 0x00, 0x00, 0x00, 0x00, 0x00, 0x00,
    0x00, 0x00, 0x00, 0x00, 0x00, 0x00, 0x00, 0x00, 0x00, 0x00, 0x00, 0x00,
    0x00, 0x00, 0x00, 0x00, 0x00, 0x00, 0x00, 0x00, 0x00, 0x00, 0x00, 0x00,
    0x00, 0x00, 0x00, 0x00, 0x00, 0x00, 0x00, 0x00, 0x00, 0x00, 0x00, 0x00,
    0x00, 0x00, 0x00, 0x00, 0x00, 0x00, 0x00, 0x00, 0x00, 0x00, 0x00, 0x00,
    0x00, 0x00, 0x00, 0x00, 0x00, 0x00, 0x00, 0x00, 0x00, 0x00, 0x00, 0x00,
    0x00, 0x00, 0x00, 0x00, 0x00, 0x00, 0x00, 0x00, 0x00, 0x00, 0x00, 0x00,
    0x00, 0x00, 0x00, 0x00, 0x00, 0x00, 0x00, 0x00, 0x00, 0x00, 0x00, 0x00,
    0x00, 0x00, 0x00, 0x00, 0x00, 0x00, 0x00, 0x00, 0x00, 0x00, 0x00, 0x00,
    0x00, 0x00, 0x00, 0x00, 0x00, 0x00, 0x00, 0x00, 0x00, 0x00, 0x00, 0x00,
    0x00, 0x00, 0x00, 0x00, 0x00, 0x00, 0x00, 0x00, 0x00, 0x00, 0x00, 0x00,
    0x00, 0x00, 0x00, 0x00, 0x00, 0x00, 0x00, 0x00, 0x00, 0x00, 0x00, 0x00,
    0x00, 0x00, 0x00, 0x00, 0x00, 0x00, 0x00, 0x00, 0x00, 0x00, 0x00, 0x00,
    0x00, 0x00, 0x00, 0x00, 0x00, 0x00, 0x00, 0x00, 0x00, 0x00, 0x00, 0x00,
    0x00, 0x00, 0x00, 0x00, 0x00, 0x00, 0x00, 0x00, 0x00, 0x00, 0x00, 0x00,
    0x00, 0x00, 0x00, 0x00, 0x00, 0x00, 0x00, 0x00, 0x00, 0x00, 0x00, 0x00,
    0x00, 0x00, 0x00, 0x00, 0x00, 0x00, 0x00, 0x00, 0x00, 0x00, 0x00, 0x00,
    0x00, 0x00, 0x00, 0x00, 0x00, 0x00, 0x00, 0x00, 0x00, 0x00, 0x00, 0x00,
    0x00, 0x00, 0x00, 0x00, 0x00, 0x00, 0x00, 0x00, 0x00, 0x00, 0x00, 0x00,
    0x00, 0x00, 0x00, 0x00, 0x00, 0x00, 0x00, 0x00, 0x00, 0x00, 0x00, 0x00,
    0x00, 0x00, 0x00, 0x00, 0x00, 0x00, 0x00, 0x00, 0x00, 0x00, 0x00, 0x00,
    0x00, 0x00, 0x00, 0x00, 0x00, 0x00, 0x00, 0x00, 0x00, 0x00, 0x00, 0x00,
    0x00, 0x00, 0x00, 0x00, 0x00, 0x00, 0x00, 0x00, 0x00, 0x00, 0x00, 0x00,
    0x00, 0x00, 0x00, 0x00, 0x00, 0x00, 0x00, 0x00, 0x00, 0x00, 0x00, 0x00,
    0x00, 0x00, 0x00, 0x00, 0x00, 0x00, 0x00, 0x00, 0x00, 0x00, 0x00, 0x00,
    0x00, 0x00, 0x00, 0x00, 0x00, 0x00, 0x00, 0x00, 0x00, 0x00, 0x00, 0x00,
    0x00, 0x00, 0x00, 0x00, 0x00, 0x00, 0x00, 0x00, 0x00, 0x00, 0x00, 0x00,
    0x00, 0x00, 0x00, 0x00, 0x00, 0x00, 0x00, 0x00, 0x00, 0x00, 0x00, 0x00,
    0x00, 0x00, 0x00, 0x00, 0x00, 0x00, 0x00, 0x00, 0x00, 0x00, 0x00, 0x00,
    0x00, 0x00, 0x00, 0x00, 0x00, 0x00, 0x00, 0x00, 0x00, 0x00, 0x00, 0x00,
    0x00, 0x00, 0x00, 0x00, 0x00, 0x00, 0x00, 0x00, 0x00, 0x00, 0x00, 0x00,
    0x00, 0x00, 0x00, 0x00, 0x00, 0x00, 0x00, 0x00, 0x00, 0x00, 0x00, 0x00,
    0x00, 0x00, 0x00, 0x00, 0x00, 0x00, 0x00, 0x00, 0x00, 0x00, 0x00, 0x00,
    0x00, 0x00, 0x00, 0x00, 0x00, 0x00, 0x00, 0x00, 0x00, 0x00, 0x00, 0x00,
    0x00, 0x00, 0x00, 0x00, 0x00, 0x00, 0x00, 0x00, 0x00, 0x00, 0x00, 0x00,
    0x00, 0x00, 0x00, 0x00, 0x00, 0x00, 0x00, 0x00, 0x00, 0x00, 0x00, 0x00,
    0x00, 0x00, 0x00, 0x00, 0x00, 0x00, 0x00, 0x00, 0x00, 0x00, 0x00, 0x00,
    0x00, 0x00, 0x00, 0x00, 0x00, 0x00, 0x00, 0x00, 0x00, 0x00, 0x00, 0x00,
    0x00, 0x00, 0x00, 0x00, 0x00, 0x00, 0x00, 0x00, 0x00, 0x00, 0x00, 0x00,
    0x00, 0x00, 0x00, 0x00, 0x00, 0x00, 0x00, 0x00, 0x00, 0x00, 0x00, 0x00,
    0x00, 0x00, 0x00, 0x00, 0x00, 0x00, 0x00, 0x00, 0x00, 0x00, 0x00, 0x00,
    0x00, 0x00, 0x00, 0x00, 0x00, 0x00, 0x00, 0x00, 0x00, 0x00, 0x00, 0x00,
    0x00, 0x00, 0x00, 0x00, 0x00, 0x00, 0x00, 0x00, 0x00, 0x00, 0x00, 0x00,
    0x00, 0x00, 0x00, 0x00, 0x00, 0x00, 0x00, 0x00, 0x00, 0x00, 0x00, 0x00,
    0x00, 0x00, 0x00, 0x00, 0x00, 0x00, 0x00, 0x00, 0x00, 0x00, 0x00, 0x00,
    0x00, 0x00, 0x00, 0x00, 0x00, 0x00, 0x00, 0x00, 0x00, 0x00, 0x00, 0x00,
    0x00, 0x00, 0x00, 0x00, 0x00, 0x00, 0x00, 0x00, 0x00, 0x00, 0x00, 0x00,
    0x00, 0x00, 0x00, 0x00, 0x00, 0x00, 0x00, 0x00, 0x00, 0x00, 0x00, 0x00,
    0x00, 0x00, 0x00, 0x00, 0x00, 0x00, 0x00, 0x00, 0x00, 0x00, 0x00, 0x00,
    0x00, 0x00, 0x00, 0x00, 0x00, 0x00, 0x00, 0x00, 0x00, 0x00, 0x00, 0x00,
    0x00, 0x00, 0x00, 0x00, 0x00, 0x00, 0x00, 0x00, 0x00, 0x00, 0x00, 0x00,
    0x00, 0x00, 0x00, 0x00, 0x00, 0x00, 0x00, 0x00, 0x00, 0x00, 0x00, 0x00,
    0x00, 0x00, 0x00, 0x00, 0x00, 0x00, 0x00, 0x00, 0x00, 0x00, 0x00, 0x00,
    0x00, 0x00, 0x00, 0x00, 0x00, 0x00, 0x00, 0x00, 0x00, 0x00, 0x00, 0x00,
    0x00, 0x00, 0x00, 0x00, 0x00, 0x00, 0x00, 0x00, 0x00, 0x00, 0x00, 0x00,
    0x00, 0x00, 0x00, 0x00, 0x00, 0x00, 0x00, 0x00, 0x00, 0x00, 0x00, 0x00,
    0x00, 0x00, 0x00, 0x00, 0x00, 0x00, 0x00, 0x00, 0x00, 0x00, 0x00, 0x00,
    0x00, 0x00, 0x00, 0x00, 0x00, 0x00, 0x00, 0x00, 0x00, 0x00, 0x00, 0x00,
    0x00, 0x00, 0x00, 0x00, 0x00, 0x00, 0x00, 0x00, 0x00, 0x00, 0x00, 0x00,
    0x00, 0x00, 0x00, 0x00, 0x00, 0x00, 0x00, 0x00, 0x00, 0x00, 0x00, 0x00,
    0x00, 0x00, 0x00, 0x00, 0x00, 0x00, 0x00, 0x00, 0x00, 0x00, 0x00, 0x00,
    0x00, 0x00, 0x00, 0x00, 0x00, 0x00, 0x00, 0x00, 0x00, 0x00, 0x00, 0x00,
    0x00, 0x00, 0x00, 0x00, 0x00, 0x00, 0x00, 0x00, 0x00, 0x00, 0x00, 0x00,
    0x00, 0x00, 0x00, 0x00, 0x00, 0x00, 0x00, 0x00, 0x00, 0x00, 0x00, 0x00,
    0x00, 0x00, 0x00, 0x00, 0x00, 0x00, 0x00, 0x00, 0x00, 0x00, 0x00, 0x00,
    0x00, 0x00, 0x00, 0x00, 0x00, 0x00, 0x00, 0x00, 0x00, 0x00, 0x00, 0x00,
    0x00, 0x00, 0x00, 0x00, 0x00, 0x00, 0x00, 0x00, 0x00, 0x00, 0x00, 0x00,
    0x00, 0x00, 0x00, 0x00, 0x00, 0x00, 0x00, 0x00, 0x00, 0x00, 0x00, 0x00,
    0x00, 0x00, 0x00, 0x00, 0x00, 0x00, 0x00, 0x00, 0x00, 0x00, 0x00, 0x00,
    0x00, 0x00, 0x00, 0x00, 0x00, 0x00, 0x00, 0x00, 0x00, 0x00, 0x00, 0x00,
    0x00, 0x00, 0x00, 0x00, 0x00, 0x00, 0x00, 0x00, 0x00, 0x00, 0x00, 0x00,
    0x00, 0x00, 0x00, 0x00, 0x00, 0x00, 0x00, 0x00, 0x00, 0x00, 0x00, 0x00,
    0x00, 0x00, 0x00, 0x00, 0x00, 0x00, 0x00, 0x00, 0x00, 0x00, 0x00, 0x00,
    0x00, 0x00, 0x00, 0x00, 0x00, 0x00, 0x00, 0x00, 0x00, 0x00, 0x00, 0x00,
    0x00, 0x00, 0x00, 0x00, 0x00, 0x00, 0x00, 0x00, 0x00, 0x00, 0x00, 0x00,
    0x00, 0x00, 0x00, 0x00, 0x00, 0x00, 0x00, 0x00, 0x00, 0x00, 0x00, 0x00,
    0x00, 0x00, 0x00, 0x00, 0x00, 0x00, 0x00, 0x00, 0x00, 0x00, 0x00, 0x00,
    0x00, 0x00, 0x00, 0x00, 0x00, 0x00, 0x00, 0x00, 0x00, 0x00, 0x00, 0x00,
    0x00, 0x00, 0x00, 0x00, 0x00, 0x00, 0x00, 0x00, 0x00, 0x00, 0x00, 0x00,
    0x00, 0x00, 0x00, 0x00, 0x00, 0x00, 0x00, 0x00, 0x00, 0x00, 0x00, 0x00,
    0x00, 0x00, 0x00, 0x00, 0x00, 0x00, 0x00, 0x00, 0x00, 0x00, 0x00, 0x00,
    0x00, 0x00, 0x00, 0x00, 0x00, 0x00, 0x00, 0x00, 0x00, 0x00, 0x00, 0x00,
    0x00, 0x00, 0x00, 0x00, 0x00, 0x00, 0x00, 0x00, 0x00, 0x00, 0x00, 0x00,
    0x00, 0x00, 0x00, 0x00, 0x00, 0x00, 0x00, 0x00, 0x00, 0x00, 0x00, 0x00,
    0x00, 0x00, 0x00, 0x00, 0x00, 0x00, 0x00, 0x00, 0x00, 0x00, 0x00, 0x00,
    0x00, 0x00, 0x00, 0x00, 0x00, 0x00, 0x00, 0x00, 0x00, 0x00, 0x00, 0x00,
    0x00, 0x00, 0x00, 0x00, 0x00, 0x00, 0x00, 0x00, 0x00, 0x00, 0x00, 0x00,
    0x00, 0x00, 0x00, 0x00, 0x00, 0x00, 0x00, 0x00, 0x00, 0x00, 0x00, 0x00,
    0x00, 0x00, 0x00, 0x00, 0x00, 0x00, 0x00, 0x00, 0x00, 0x00, 0x00, 0x00,
    0x00, 0x00, 0x00, 0x00, 0x00, 0x00, 0x00, 0x00, 0x00, 0x00, 0x00, 0x00,
    0x00, 0x00, 0x00, 0x00, 0x00, 0x00, 0x00, 0x00, 0x00, 0x00, 0x00, 0x00,
    0x00, 0x00, 0x00, 0x00, 0x00, 0x00, 0x00, 0x00, 0x00, 0x00, 0x00, 0x00,
    0x00, 0x00, 0x00, 0x00, 0x00, 0x00, 0x00, 0x00, 0x00, 0x00, 0x00, 0x00,
    0x00, 0x00, 0x00, 0x00, 0x00, 0x00, 0x00, 0x00, 0x00, 0x00, 0x00, 0x00,
    0x00, 0x00, 0x00, 0x00, 0x00, 0x00, 0x00, 0x00, 0x00, 0x00, 0x00, 0x00,
    0x00, 0x00, 0x00, 0x00, 0x00, 0x00, 0x00, 0x00, 0x00, 0x00, 0x00, 0x00,
    0x00, 0x00, 0x00, 0x00, 0x00, 0x00, 0x00, 0x00, 0x00, 0x00, 0x00, 0x00,
    0x00, 0x00, 0x00, 0x00, 0x00, 0x00, 0x00, 0x00, 0x00, 0x00, 0x00, 0x00,
    0x00, 0x00, 0x00, 0x00, 0x00, 0x00, 0x00, 0x00, 0x00, 0x00, 0x00, 0x00,
    0x00, 0x00, 0x00, 0x00, 0x00, 0x00, 0x00, 0x00, 0x00, 0x00, 0x00, 0x00,
    0x00, 0x00, 0x00, 0x00, 0x00, 0x00, 0x00, 0x00, 0x00, 0x00, 0x00, 0x00,
    0x00, 0x00, 0x00, 0x00, 0x00, 0x00, 0x00, 0x00, 0x00, 0x00, 0x00, 0x00,
    0x00, 0x00, 0x00, 0x00, 0x00, 0x00, 0x00, 0x00, 0x00, 0x00, 0x00, 0x00,
    0x00, 0x00, 0x00, 0x00, 0x00, 0x00, 0x00, 0x00, 0x00, 0x00, 0x00, 0x00,
    0x00, 0x00, 0x00, 0x00, 0x00, 0x00, 0x00, 0x00, 0x00, 0x00, 0x00, 0x00,
    0x00, 0x00, 0x00, 0x00, 0x00, 0x00, 0x00, 0x00, 0x00, 0x00, 0x00, 0x00,
    0x00, 0x00, 0x00, 0x00, 0x00, 0x00, 0x00, 0x00, 0x00, 0x00, 0x00, 0x00,
    0x00, 0x00, 0x00, 0x00, 0x00,
};
#define USER_MUSIC_LEN 74789u
#endif
